mirnet,mir_id,mir_acc,symbol,embl,entrez,experiment,pmid
mirnet-hsa-1,hsa-let-7b,MI0000063,LIN28,NA,NA,other,15131085
mirnet-hsa-2,hsa-let-7b,MI0000063,CCND1,ENSG00000110092,595,other,18379589
mirnet-hsa-3,hsa-let-7b,MI0000063,CDC25A,ENSG00000164045,993,other,18026111
mirnet-hsa-4,hsa-let-7b,MI0000063,BCL7A,ENSG00000110987,605,other,18026111
mirnet-hsa-5,hsa-let-7b,MI0000063,BCL7A,ENSG00000282873,605,other,18026111
mirnet-hsa-6,hsa-let-7b,MI0000063,HMGA2,ENSG00000149948,8091,Western blot,17437991
mirnet-hsa-7,hsa-let-7b,MI0000063,CDK6,ENSG00000105810,1021,Western blot,17699775
mirnet-hsa-8,hsa-let-7b,MI0000063,CDC25A,ENSG00000164045,993,Western blot,17699775
mirnet-hsa-9,hsa-let-7b,MI0000063,CDC34,ENSG00000099804,997,Immunoblot analysis,19126550
mirnet-hsa-10,hsa-let-7b,MI0000063,KRT,NA,NA,immunocytochemistry,19998415
mirnet-hsa-11,hsa-let-7d,MI0000065,DICER1,ENSG00000100697,23405,Western blot,18700235
mirnet-hsa-12,hsa-let-7d,MI0000065,DAD1,ENSG00000129562,1603,other,19939273
mirnet-hsa-13,hsa-let-7d,MI0000065,EIF4G2,ENSG00000110321,1982,other,19939273
mirnet-hsa-14,hsa-let-7d,MI0000065,RABGAP1L,ENSG00000152061,9910,other,19939273
mirnet-hsa-15,hsa-let-7d,MI0000065,SMOX,ENSG00000088826,54498,other,19939273
mirnet-hsa-16,hsa-let-7d,MI0000065,DAD3R,NA,NA,Western blot,19703567
mirnet-hsa-17,hsa-let-7e,MI0000066,SMC1A,ENSG00000072501,8243,other,15131085
mirnet-hsa-18,hsa-let-7e,MI0000066,HMGA2,ENSG00000149948,8091,Western blot,17437991
mirnet-hsa-19,hsa-let-7e,MI0000066,DAD1,ENSG00000129562,1603,other,19939273
mirnet-hsa-20,hsa-let-7e,MI0000066,RABGAP1L,ENSG00000152061,9910,other,19939273
mirnet-hsa-21,hsa-let-7e,MI0000066,WNT1,ENSG00000125084,7471,other,19398721
mirnet-hsa-22,hsa-mir-31,MI0000089,LATS2,ENSG00000150457,26524,other,20237410
mirnet-hsa-23,hsa-mir-31,MI0000089,PPP2R2A,ENSG00000221914,5520,other,20237410
mirnet-hsa-24,hsa-mir-31,MI0000089,FIH,NA,NA,Western blot,20145132
mirnet-hsa-25,hsa-mir-31,MI0000089,Fzd3,NA,NA,Western blot,19524507
mirnet-hsa-26,hsa-mir-31,MI0000089,ITGA5,ENSG00000161638,3678,Western blot,19524507
mirnet-hsa-27,hsa-mir-31,MI0000089,MMP16,ENSG00000156103,4325,Western blot,19524507
mirnet-hsa-28,hsa-mir-31,MI0000089,RDX,ENSG00000137710,5962,Western blot,19524507
mirnet-hsa-29,hsa-mir-31,MI0000089,MPRIP,ENSG00000133030,23164,other,19524507
mirnet-hsa-30,hsa-mir-31,MI0000089,RHOA,ENSG00000067560,387,Western blot,19524507
mirnet-hsa-31,hsa-mir-31,MI0000089,FOXP3,ENSG00000049768,50943,Western blot,19408243
mirnet-hsa-32,hsa-mir-31,MI0000089,SATB2,ENSG00000119042,23314,Western blot,20980827
mirnet-hsa-33,hsa-mir-31,MI0000089,RHOBTB1,ENSG00000072422,9886,other,20980827
mirnet-hsa-34,hsa-mir-31,MI0000089,CCNJ,ENSG00000107443,54619,other,20980827
mirnet-hsa-35,hsa-mir-31,MI0000089,VAMP4,ENSG00000117533,8674,other,20980827
mirnet-hsa-36,hsa-mir-31,MI0000089,TACC2,ENSG00000138162,10579,other,20980827
mirnet-hsa-37,hsa-mir-31,MI0000089,ENY2,ENSG00000120533,56943,other,20980827
mirnet-hsa-38,hsa-mir-31,MI0000089,ELAVL1,ENSG00000066044,1994,other,20980827
mirnet-hsa-39,hsa-mir-31,MI0000089,CLASP2,ENSG00000163539,23122,other,20980827
mirnet-hsa-40,hsa-mir-31,MI0000089,YPEL2,ENSG00000175155,388403,other,20980827
mirnet-hsa-41,hsa-mir-31,MI0000089,CCNJL,ENSG00000135083,79616,other,20980827
mirnet-hsa-42,hsa-mir-31,MI0000089,HERPUD2,ENSG00000122557,64224,other,20980827
mirnet-hsa-43,hsa-mir-31,MI0000089,FAM122A,ENSG00000187866,116224,other,20980827
mirnet-hsa-44,hsa-mir-31,MI0000089,STX12,ENSG00000117758,23673,other,20980827
mirnet-hsa-45,hsa-let-7g,MI0000433,IGF2BP1,ENSG00000159217,10642,Western blot,18413726
mirnet-hsa-46,hsa-let-7g,MI0000433,HMGA2,ENSG00000149948,8091,Western blot,17600087
mirnet-hsa-47,hsa-let-7g,MI0000433,DAD1,ENSG00000129562,1603,other,19939273
mirnet-hsa-48,hsa-let-7g,MI0000433,EIF4G2,ENSG00000110321,1982,other,19939273
mirnet-hsa-49,hsa-mir-328,MI0000804,CD44,ENSG00000026508,960,Western blot,18560585
mirnet-hsa-50,hsa-mir-328,MI0000804,ABCG2,ENSG00000118777,9429,Western blot,19270061
mirnet-hsa-51,hsa-mir-491,MI0003126,BCL2L1,ENSG00000171552,598,Western blot,20039318
mirnet-hsa-52,hsa-mir-520c,MI0003158,CD44,ENSG00000026508,960,Western blot,19158933
mirnet-hsa-53,hsa-mir-877,MI0005561,TP53INP2,ENSG00000078804,58476,other,21914725
mirnet-hsa-54,hsa-mir-877,MI0005561,FXR2,ENSG00000129245,9513,other,21914725
mirnet-hsa-55,hsa-mir-877,MI0005561,SMG5,ENSG00000198952,23381,other,21914725
mirnet-hsa-56,hsa-mir-877,MI0005561,SCN3A,ENSG00000153253,6328,other,21914725
mirnet-hsa-57,hsa-mir-877,MI0005561,EFNA5,ENSG00000184349,1946,other,21914725
mirnet-hsa-58,hsa-mir-877,MI0005561,ELF1,ENSG00000120690,1997,other,21914725
mirnet-hsa-59,hsa-mir-1258,MI0006392,HPSE,ENSG00000173083,10855,Western blot,21266359
mirnet-hsa-60,hsa-let-7a,MIMAT0000062,NF2,ENSG00000186575,4771,Western blot,17220301
mirnet-hsa-61,hsa-let-7a,MIMAT0000062,KRAS,ENSG00000133703,3845,other,15766527
mirnet-hsa-62,hsa-let-7a,MIMAT0000062,NRAS,ENSG00000213281,4893,other,15766527
mirnet-hsa-63,hsa-let-7a,MIMAT0000062,TRIM71,ENSG00000206557,131405,other,17890240
mirnet-hsa-64,hsa-let-7a,MIMAT0000062,HMGA2,ENSG00000149948,8091,Western blot,17600087
mirnet-hsa-65,hsa-let-7a,MIMAT0000062,LIN28,NA,NA,other,16495412
mirnet-hsa-66,hsa-let-7a,MIMAT0000062,CASP3,ENSG00000164305,836,Western blot,18758960
mirnet-hsa-67,hsa-let-7a,MIMAT0000062,DICER1,ENSG00000100697,23405,Western blot,18700235
mirnet-hsa-68,hsa-let-7a,MIMAT0000062,PRDM1,ENSG00000057657,639,other,18583325
mirnet-hsa-69,hsa-let-7a,MIMAT0000062,ITGB3,ENSG00000259207,3690,other,18679415
mirnet-hsa-70,hsa-let-7a,MIMAT0000062,EIF2C4,NA,NA,other,20144220
mirnet-hsa-71,hsa-let-7a,MIMAT0000062,HRAS,ENSG00000174775,3265,Western blot,20005451
mirnet-hsa-72,hsa-let-7a,MIMAT0000062,HRAS,ENSG00000276536,3265,Western blot,20005451
mirnet-hsa-73,hsa-let-7a,MIMAT0000062,ACP1,ENSG00000143727,52,other,19939273
mirnet-hsa-74,hsa-let-7a,MIMAT0000062,DAD1,ENSG00000129562,1603,other,19939273
mirnet-hsa-75,hsa-let-7a,MIMAT0000062,EIF3S1,NA,NA,other,19939273
mirnet-hsa-76,hsa-let-7a,MIMAT0000062,MED28,ENSG00000118579,80306,other,19939273
mirnet-hsa-77,hsa-let-7a,MIMAT0000062,RTCD1,NA,NA,other,19939273
mirnet-hsa-78,hsa-let-7a,MIMAT0000062,SMOX,ENSG00000088826,54498,other,19939273
mirnet-hsa-79,hsa-let-7a,MIMAT0000062,Œ∫B-Ras2,NA,NA,other,20351193
mirnet-hsa-80,hsa-let-7a,MIMAT0000062,MOR,NA,NA,Western blot,20668208
mirnet-hsa-81,hsa-let-7a,MIMAT0000062,NIRF,NA,NA,Western blot,22018986
mirnet-hsa-82,hsa-let-7a,MIMAT0000062,RAVER2,ENSG00000162437,55225,other,17637574
mirnet-hsa-83,hsa-let-7c,MIMAT0000064,MYC,ENSG00000136997,4609,Western blot,17877811
mirnet-hsa-84,hsa-let-7c,MIMAT0000064,TRIM71,ENSG00000206557,131405,other,17890240
mirnet-hsa-85,hsa-let-7c,MIMAT0000064,HMGA2,ENSG00000149948,8091,other,18403645
mirnet-hsa-86,hsa-let-7c,MIMAT0000064,HMGA2,ENSG00000149948,8091,Western blot,17600087
mirnet-hsa-87,hsa-let-7c,MIMAT0000064,TGFBR1,ENSG00000106799,7046,Western blot,19841744
mirnet-hsa-88,hsa-let-7c,MIMAT0000064,EIF3S1,NA,NA,other,19939273
mirnet-hsa-89,hsa-let-7c,MIMAT0000064,MED28,ENSG00000118579,80306,other,19939273
mirnet-hsa-90,hsa-let-7c,MIMAT0000064,RTCD1,NA,NA,other,19939273
mirnet-hsa-91,hsa-let-7f,MIMAT0000067,KLK10,ENSG00000129451,5655,ELISA,18627289
mirnet-hsa-92,hsa-let-7f,MIMAT0000067,KLK6,ENSG00000167755,5653,ELISA,18627289
mirnet-hsa-93,hsa-let-7f,MIMAT0000067,VIM,ENSG00000026025,7431,other,18560586
mirnet-hsa-94,hsa-let-7f,MIMAT0000067,ESM1,ENSG00000164283,11082,other,18560586
mirnet-hsa-95,hsa-let-7f,MIMAT0000067,EEF1A2,ENSG00000101210,1917,other,18560586
mirnet-hsa-96,hsa-let-7f,MIMAT0000067,TFF1,ENSG00000160182,7031,other,18560586
mirnet-hsa-97,hsa-let-7f,MIMAT0000067,NTS,ENSG00000133636,4922,other,18560586
mirnet-hsa-98,hsa-let-7f,MIMAT0000067,FDPS,ENSG00000160752,2224,other,18560586
mirnet-hsa-99,hsa-let-7f,MIMAT0000067,ASS1,ENSG00000130707,445,other,18560586
mirnet-hsa-100,hsa-let-7f,MIMAT0000067,KIF1A,ENSG00000130294,547,other,18560586
mirnet-hsa-101,hsa-let-7f,MIMAT0000067,KLK10,ENSG00000129451,5655,Western blot,20354523
mirnet-hsa-102,hsa-mir-15a,MIMAT0000068,DMTF1,ENSG00000135164,9988,other,15131085
mirnet-hsa-103,hsa-mir-15a,MIMAT0000068,BCL2,ENSG00000171791,596,Western blot,16166262
mirnet-hsa-104,hsa-mir-15a,MIMAT0000068,VEGFA,ENSG00000112715,7422,ELISA,18320040
mirnet-hsa-105,hsa-mir-15a,MIMAT0000068,PDCD4,ENSG00000150593,27250,other,18362358
mirnet-hsa-106,hsa-mir-15a,MIMAT0000068,RAB21,ENSG00000080371,23011,other,18362358
mirnet-hsa-107,hsa-mir-15a,MIMAT0000068,CADM1,ENSG00000182985,23705,other,18362358
mirnet-hsa-108,hsa-mir-15a,MIMAT0000068,SKAP2,ENSG00000005020,8935,other,18362358
mirnet-hsa-109,hsa-mir-15a,MIMAT0000068,BCL2,ENSG00000171791,596,other,18362358
mirnet-hsa-110,hsa-mir-15a,MIMAT0000068,WT1,ENSG00000184937,7490,phenotypic analysis of target gene,18362358
mirnet-hsa-111,hsa-mir-15a,MIMAT0000068,ACTR1A,ENSG00000138107,10121,proteomics analysis,18362358
mirnet-hsa-112,hsa-mir-15a,MIMAT0000068,ASXL2,ENSG00000143970,55252,other,18362358
mirnet-hsa-113,hsa-mir-15a,MIMAT0000068,C10orf104,NA,NA,other,18362358
mirnet-hsa-114,hsa-mir-15a,MIMAT0000068,C14orf109,NA,NA,other,18362358
mirnet-hsa-115,hsa-mir-15a,MIMAT0000068,CARD8,ENSG00000105483,22900,other,18362358
mirnet-hsa-116,hsa-mir-15a,MIMAT0000068,CDC14B,ENSG00000081377,8555,other,18362358
mirnet-hsa-117,hsa-mir-15a,MIMAT0000068,CENPJ,ENSG00000151849,55835,other,18362358
mirnet-hsa-118,hsa-mir-15a,MIMAT0000068,CEP63,ENSG00000182923,80254,other,18362358
mirnet-hsa-119,hsa-mir-15a,MIMAT0000068,CREBL2,ENSG00000111269,1389,other,18362358
mirnet-hsa-120,hsa-mir-15a,MIMAT0000068,ECHDC1,ENSG00000093144,55862,other,18362358
mirnet-hsa-121,hsa-mir-15a,MIMAT0000068,CCDC76,NA,NA,other,18362358
mirnet-hsa-122,hsa-mir-15a,MIMAT0000068,NPAL2,NA,NA,other,18362358
mirnet-hsa-123,hsa-mir-15a,MIMAT0000068,C4orf27,NA,NA,other,18362358
mirnet-hsa-124,hsa-mir-15a,MIMAT0000068,C2orf43,NA,NA,other,18362358
mirnet-hsa-125,hsa-mir-15a,MIMAT0000068,CCDC111,NA,NA,other,18362358
mirnet-hsa-126,hsa-mir-15a,MIMAT0000068,GOLGA5,ENSG00000066455,9950,other,18362358
mirnet-hsa-127,hsa-mir-15a,MIMAT0000068,GOLPH3L,ENSG00000143457,55204,other,18362358
mirnet-hsa-128,hsa-mir-15a,MIMAT0000068,GTF2H1,ENSG00000110768,2965,other,18362358
mirnet-hsa-129,hsa-mir-15a,MIMAT0000068,GTF2H1,ENSG00000288114,2965,other,18362358
mirnet-hsa-130,hsa-mir-15a,MIMAT0000068,H3F3B,NA,NA,other,18362358
mirnet-hsa-131,hsa-mir-15a,MIMAT0000068,HACE1,ENSG00000085382,57531,other,18362358
mirnet-hsa-132,hsa-mir-15a,MIMAT0000068,HDHD2,ENSG00000167220,84064,other,18362358
mirnet-hsa-133,hsa-mir-15a,MIMAT0000068,HERC6,ENSG00000138642,55008,other,18362358
mirnet-hsa-134,hsa-mir-15a,MIMAT0000068,C17orf80,ENSG00000141219,55028,other,18362358
mirnet-hsa-135,hsa-mir-15a,MIMAT0000068,HRSP12,NA,NA,other,18362358
mirnet-hsa-136,hsa-mir-15a,MIMAT0000068,HSDL2,ENSG00000119471,84263,other,18362358
mirnet-hsa-137,hsa-mir-15a,MIMAT0000068,HSPA1A,ENSG00000204389,3303,other,18362358
mirnet-hsa-138,hsa-mir-15a,MIMAT0000068,HSPA1A,ENSG00000237724,3303,other,18362358
mirnet-hsa-139,hsa-mir-15a,MIMAT0000068,HSPA1A,ENSG00000235941,3303,other,18362358
mirnet-hsa-140,hsa-mir-15a,MIMAT0000068,HSPA1A,ENSG00000215328,3303,other,18362358
mirnet-hsa-141,hsa-mir-15a,MIMAT0000068,HSPA1A,ENSG00000234475,3303,other,18362358
mirnet-hsa-142,hsa-mir-15a,MIMAT0000068,JUN,ENSG00000177606,3725,other,18362358
mirnet-hsa-143,hsa-mir-15a,MIMAT0000068,PWWP2A,ENSG00000170234,114825,other,18362358
mirnet-hsa-144,hsa-mir-15a,MIMAT0000068,FAM122C,ENSG00000156500,159091,other,18362358
mirnet-hsa-145,hsa-mir-15a,MIMAT0000068,LOC339804,NA,NA,other,18362358
mirnet-hsa-146,hsa-mir-15a,MIMAT0000068,FAM69A,NA,NA,other,18362358
mirnet-hsa-147,hsa-mir-15a,MIMAT0000068,MCL1,ENSG00000143384,4170,other,18362358
mirnet-hsa-148,hsa-mir-15a,MIMAT0000068,MSH2,ENSG00000095002,4436,other,18362358
mirnet-hsa-149,hsa-mir-15a,MIMAT0000068,NT5DC1,ENSG00000178425,221294,other,18362358
mirnet-hsa-150,hsa-mir-15a,MIMAT0000068,OMA1,ENSG00000162600,115209,other,18362358
mirnet-hsa-151,hsa-mir-15a,MIMAT0000068,OSGEPL1,ENSG00000128694,64172,other,18362358
mirnet-hsa-152,hsa-mir-15a,MIMAT0000068,PDCD6IP,ENSG00000170248,10015,other,18362358
mirnet-hsa-153,hsa-mir-15a,MIMAT0000068,PHKB,ENSG00000102893,5257,other,18362358
mirnet-hsa-154,hsa-mir-15a,MIMAT0000068,PMS1,ENSG00000064933,5378,other,18362358
mirnet-hsa-155,hsa-mir-15a,MIMAT0000068,PNN,ENSG00000100941,5411,other,18362358
mirnet-hsa-156,hsa-mir-15a,MIMAT0000068,PRIM1,ENSG00000198056,5557,other,18362358
mirnet-hsa-157,hsa-mir-15a,MIMAT0000068,RAD51C,ENSG00000108384,5889,other,18362358
mirnet-hsa-158,hsa-mir-15a,MIMAT0000068,RHOT1,ENSG00000126858,55288,other,18362358
mirnet-hsa-159,hsa-mir-15a,MIMAT0000068,RNASEL,ENSG00000135828,6041,other,18362358
mirnet-hsa-160,hsa-mir-15a,MIMAT0000068,SLC35A1,ENSG00000164414,10559,other,18362358
mirnet-hsa-161,hsa-mir-15a,MIMAT0000068,SLC35B3,ENSG00000124786,51000,other,18362358
mirnet-hsa-162,hsa-mir-15a,MIMAT0000068,TIA1,ENSG00000116001,7072,other,18362358
mirnet-hsa-163,hsa-mir-15a,MIMAT0000068,HSP90B1,ENSG00000166598,7184,other,18362358
mirnet-hsa-164,hsa-mir-15a,MIMAT0000068,UGDH,ENSG00000109814,7358,other,18362358
mirnet-hsa-165,hsa-mir-15a,MIMAT0000068,UGP2,ENSG00000169764,7360,other,18362358
mirnet-hsa-166,hsa-mir-15a,MIMAT0000068,VPS45,ENSG00000136631,11311,other,18362358
mirnet-hsa-167,hsa-mir-15a,MIMAT0000068,WIPF1,ENSG00000115935,7456,other,18362358
mirnet-hsa-168,hsa-mir-15a,MIMAT0000068,ZNF559,ENSG00000188321,84527,other,18362358
mirnet-hsa-169,hsa-mir-15a,MIMAT0000068,BCL2,ENSG00000171791,596,phenotypic analysis of target gene,18362358
mirnet-hsa-170,hsa-mir-15a,MIMAT0000068,RAB9B,ENSG00000123570,51209,phenotypic analysis of target gene,18362358
mirnet-hsa-171,hsa-mir-15a,MIMAT0000068,TPI1,ENSG00000111669,7167,phenotypic analysis of target gene,18362358
mirnet-hsa-172,hsa-mir-15a,MIMAT0000068,MYB,ENSG00000118513,4602,Western blot,18818396
mirnet-hsa-173,hsa-mir-15a,MIMAT0000068,BMI1,ENSG00000168283,648,Western blot,19903841
mirnet-hsa-174,hsa-mir-15a,MIMAT0000068,CCND1,ENSG00000110092,595,Western blot,19823025
mirnet-hsa-175,hsa-mir-16,MIMAT0000069,TPPP3,ENSG00000159713,51673,other,15131085
mirnet-hsa-176,hsa-mir-16,MIMAT0000069,BCL2,ENSG00000171791,596,Western blot,16166262
mirnet-hsa-177,hsa-mir-16,MIMAT0000069,VEGFA,ENSG00000112715,7422,ELISA,18320040
mirnet-hsa-178,hsa-mir-16,MIMAT0000069,BCL2,ENSG00000171791,596,other,17877811
mirnet-hsa-179,hsa-mir-16,MIMAT0000069,BCL2,ENSG00000171791,596,Western blot,18449891
mirnet-hsa-180,hsa-mir-16,MIMAT0000069,PDCD4,ENSG00000150593,27250,other,18362358
mirnet-hsa-181,hsa-mir-16,MIMAT0000069,RAB21,ENSG00000080371,23011,other,18362358
mirnet-hsa-182,hsa-mir-16,MIMAT0000069,CADM1,ENSG00000182985,23705,other,18362358
mirnet-hsa-183,hsa-mir-16,MIMAT0000069,SKAP2,ENSG00000005020,8935,other,18362358
mirnet-hsa-184,hsa-mir-16,MIMAT0000069,BCL2,ENSG00000171791,596,other,18362358
mirnet-hsa-185,hsa-mir-16,MIMAT0000069,WT1,ENSG00000184937,7490,phenotypic analysis of target gene,18362358
mirnet-hsa-186,hsa-mir-16,MIMAT0000069,BCL2,ENSG00000171791,596,proteomics analysis,18362358
mirnet-hsa-187,hsa-mir-16,MIMAT0000069,RAB9B,ENSG00000123570,51209,proteomics analysis,18362358
mirnet-hsa-188,hsa-mir-16,MIMAT0000069,ACTR1A,ENSG00000138107,10121,proteomics analysis,18362358
mirnet-hsa-189,hsa-mir-16,MIMAT0000069,TPI1,ENSG00000111669,7167,proteomics analysis,18362358
mirnet-hsa-190,hsa-mir-16,MIMAT0000069,CFL2,ENSG00000165410,1073,proteomics analysis,18362358
mirnet-hsa-191,hsa-mir-16,MIMAT0000069,H3F3B,NA,NA,other,18362358
mirnet-hsa-192,hsa-mir-16,MIMAT0000069,MCL1,ENSG00000143384,4170,other,18362358
mirnet-hsa-193,hsa-mir-16,MIMAT0000069,ASXL2,ENSG00000143970,55252,other,18362358
mirnet-hsa-194,hsa-mir-16,MIMAT0000069,C10orf104,NA,NA,other,18362358
mirnet-hsa-195,hsa-mir-16,MIMAT0000069,C14orf109,NA,NA,other,18362358
mirnet-hsa-196,hsa-mir-16,MIMAT0000069,CARD8,ENSG00000105483,22900,other,18362358
mirnet-hsa-197,hsa-mir-16,MIMAT0000069,CDC14B,ENSG00000081377,8555,other,18362358
mirnet-hsa-198,hsa-mir-16,MIMAT0000069,CENPJ,ENSG00000151849,55835,other,18362358
mirnet-hsa-199,hsa-mir-16,MIMAT0000069,CEP63,ENSG00000182923,80254,other,18362358
mirnet-hsa-200,hsa-mir-16,MIMAT0000069,CREBL2,ENSG00000111269,1389,other,18362358
mirnet-hsa-201,hsa-mir-16,MIMAT0000069,ECHDC1,ENSG00000093144,55862,other,18362358
mirnet-hsa-202,hsa-mir-16,MIMAT0000069,CCDC76,NA,NA,other,18362358
mirnet-hsa-203,hsa-mir-16,MIMAT0000069,NPAL2,NA,NA,other,18362358
mirnet-hsa-204,hsa-mir-16,MIMAT0000069,C4orf27,NA,NA,other,18362358
mirnet-hsa-205,hsa-mir-16,MIMAT0000069,C2orf43,NA,NA,other,18362358
mirnet-hsa-206,hsa-mir-16,MIMAT0000069,CCDC111,NA,NA,other,18362358
mirnet-hsa-207,hsa-mir-16,MIMAT0000069,GOLGA5,ENSG00000066455,9950,other,18362358
mirnet-hsa-208,hsa-mir-16,MIMAT0000069,GOLPH3L,ENSG00000143457,55204,other,18362358
mirnet-hsa-209,hsa-mir-16,MIMAT0000069,GTF2H1,ENSG00000110768,2965,other,18362358
mirnet-hsa-210,hsa-mir-16,MIMAT0000069,GTF2H1,ENSG00000288114,2965,other,18362358
mirnet-hsa-211,hsa-mir-16,MIMAT0000069,HACE1,ENSG00000085382,57531,other,18362358
mirnet-hsa-212,hsa-mir-16,MIMAT0000069,HDHD2,ENSG00000167220,84064,other,18362358
mirnet-hsa-213,hsa-mir-16,MIMAT0000069,HERC6,ENSG00000138642,55008,other,18362358
mirnet-hsa-214,hsa-mir-16,MIMAT0000069,C17orf80,ENSG00000141219,55028,other,18362358
mirnet-hsa-215,hsa-mir-16,MIMAT0000069,HRSP12,NA,NA,other,18362358
mirnet-hsa-216,hsa-mir-16,MIMAT0000069,HSDL2,ENSG00000119471,84263,other,18362358
mirnet-hsa-217,hsa-mir-16,MIMAT0000069,HSPA1A,ENSG00000204389,3303,other,18362358
mirnet-hsa-218,hsa-mir-16,MIMAT0000069,HSPA1A,ENSG00000237724,3303,other,18362358
mirnet-hsa-219,hsa-mir-16,MIMAT0000069,HSPA1A,ENSG00000235941,3303,other,18362358
mirnet-hsa-220,hsa-mir-16,MIMAT0000069,HSPA1A,ENSG00000215328,3303,other,18362358
mirnet-hsa-221,hsa-mir-16,MIMAT0000069,HSPA1A,ENSG00000234475,3303,other,18362358
mirnet-hsa-222,hsa-mir-16,MIMAT0000069,JUN,ENSG00000177606,3725,other,18362358
mirnet-hsa-223,hsa-mir-16,MIMAT0000069,PWWP2A,ENSG00000170234,114825,other,18362358
mirnet-hsa-224,hsa-mir-16,MIMAT0000069,FAM122C,ENSG00000156500,159091,other,18362358
mirnet-hsa-225,hsa-mir-16,MIMAT0000069,LOC339804,NA,NA,other,18362358
mirnet-hsa-226,hsa-mir-16,MIMAT0000069,FAM69A,NA,NA,other,18362358
mirnet-hsa-227,hsa-mir-16,MIMAT0000069,MSH2,ENSG00000095002,4436,other,18362358
mirnet-hsa-228,hsa-mir-16,MIMAT0000069,NT5DC1,ENSG00000178425,221294,other,18362358
mirnet-hsa-229,hsa-mir-16,MIMAT0000069,OMA1,ENSG00000162600,115209,other,18362358
mirnet-hsa-230,hsa-mir-16,MIMAT0000069,OSGEPL1,ENSG00000128694,64172,other,18362358
mirnet-hsa-231,hsa-mir-16,MIMAT0000069,PDCD6IP,ENSG00000170248,10015,other,18362358
mirnet-hsa-232,hsa-mir-16,MIMAT0000069,PHKB,ENSG00000102893,5257,other,18362358
mirnet-hsa-233,hsa-mir-16,MIMAT0000069,PMS1,ENSG00000064933,5378,other,18362358
mirnet-hsa-234,hsa-mir-16,MIMAT0000069,PNN,ENSG00000100941,5411,other,18362358
mirnet-hsa-235,hsa-mir-16,MIMAT0000069,PRIM1,ENSG00000198056,5557,other,18362358
mirnet-hsa-236,hsa-mir-16,MIMAT0000069,RAD51C,ENSG00000108384,5889,other,18362358
mirnet-hsa-237,hsa-mir-16,MIMAT0000069,RHOT1,ENSG00000126858,55288,other,18362358
mirnet-hsa-238,hsa-mir-16,MIMAT0000069,RNASEL,ENSG00000135828,6041,other,18362358
mirnet-hsa-239,hsa-mir-16,MIMAT0000069,SLC35A1,ENSG00000164414,10559,other,18362358
mirnet-hsa-240,hsa-mir-16,MIMAT0000069,SLC35B3,ENSG00000124786,51000,other,18362358
mirnet-hsa-241,hsa-mir-16,MIMAT0000069,TIA1,ENSG00000116001,7072,other,18362358
mirnet-hsa-242,hsa-mir-16,MIMAT0000069,HSP90B1,ENSG00000166598,7184,other,18362358
mirnet-hsa-243,hsa-mir-16,MIMAT0000069,UGDH,ENSG00000109814,7358,other,18362358
mirnet-hsa-244,hsa-mir-16,MIMAT0000069,UGP2,ENSG00000169764,7360,other,18362358
mirnet-hsa-245,hsa-mir-16,MIMAT0000069,VPS45,ENSG00000136631,11311,other,18362358
mirnet-hsa-246,hsa-mir-16,MIMAT0000069,WIPF1,ENSG00000115935,7456,other,18362358
mirnet-hsa-247,hsa-mir-16,MIMAT0000069,ZNF559,ENSG00000188321,84527,other,18362358
mirnet-hsa-248,hsa-mir-16,MIMAT0000069,CRHBP,ENSG00000145708,1393,phenotypic analysis of target gene,18362358
mirnet-hsa-249,hsa-mir-16,MIMAT0000069,CSHL1,ENSG00000204414,1444,phenotypic analysis of target gene,18362358
mirnet-hsa-250,hsa-mir-16,MIMAT0000069,CDK6,ENSG00000105810,1021,Western blot,18701644
mirnet-hsa-251,hsa-mir-16,MIMAT0000069,CCNE1,ENSG00000105173,898,Western blot,18701644
mirnet-hsa-252,hsa-mir-16,MIMAT0000069,CCND3,ENSG00000112576,896,Western blot,18701644
mirnet-hsa-253,hsa-mir-16,MIMAT0000069,CCND1,ENSG00000110092,595,Western blot,18701644
mirnet-hsa-254,hsa-mir-16,MIMAT0000069,HMGA1,ENSG00000137309,3159,other,19250063
mirnet-hsa-255,hsa-mir-16,MIMAT0000069,CAPRIN1,ENSG00000135387,4076,other,19250063
mirnet-hsa-256,hsa-mir-16,MIMAT0000069,CCNE1,ENSG00000105173,898,other,19250063
mirnet-hsa-257,hsa-mir-16,MIMAT0000069,BCL2,ENSG00000171791,596,Western blot,19269153
mirnet-hsa-258,hsa-mir-16,MIMAT0000069,CCNE1,ENSG00000105173,898,Western blot,19944013
mirnet-hsa-259,hsa-mir-16,MIMAT0000069,RECK,ENSG00000122707,8434,Western blot,20154725
mirnet-hsa-260,hsa-mir-16,MIMAT0000069,BMI1,ENSG00000168283,648,Western blot,19903841
mirnet-hsa-261,hsa-mir-16,MIMAT0000069,VEGFR2,NA,NA,Western blot,21885851
mirnet-hsa-262,hsa-mir-16,MIMAT0000069,FGFR1,ENSG00000077782,2260,Western blot,21885851
mirnet-hsa-263,hsa-mir-16,MIMAT0000069,VEGF,NA,NA,Western blot,21885851
mirnet-hsa-264,hsa-mir-17,MIMAT0000070,NCOA3,ENSG00000124151,8202,Western blot,16940181
mirnet-hsa-265,hsa-mir-17,MIMAT0000070,VEGFA,ENSG00000112715,7422,ELISA,18320040
mirnet-hsa-266,hsa-mir-17,MIMAT0000070,RUNX1,ENSG00000159216,861,Western blot,17589498
mirnet-hsa-267,hsa-mir-17,MIMAT0000070,PRKD2,ENSG00000105287,25865,other,18700987
mirnet-hsa-268,hsa-mir-17,MIMAT0000070,PRKD1,ENSG00000184304,5587,other,18700987
mirnet-hsa-269,hsa-mir-17,MIMAT0000070,RBL1,ENSG00000080839,5933,other,18700987
mirnet-hsa-270,hsa-mir-17,MIMAT0000070,TSG101,ENSG00000074319,7251,other,18700987
mirnet-hsa-271,hsa-mir-17,MIMAT0000070,GAB1,ENSG00000109458,2549,other,18700987
mirnet-hsa-272,hsa-mir-17,MIMAT0000070,MAPK9,ENSG00000050748,5601,other,18700987
mirnet-hsa-273,hsa-mir-17,MIMAT0000070,NCOA3,ENSG00000124151,8202,other,18700987
mirnet-hsa-274,hsa-mir-17,MIMAT0000070,BCL2L11,ENSG00000153094,10018,other,18700987
mirnet-hsa-275,hsa-mir-17,MIMAT0000070,CCND1,ENSG00000110092,595,other,18695042
mirnet-hsa-276,hsa-mir-17,MIMAT0000070,IL-8,NA,NA,ELISA,20406904
mirnet-hsa-277,hsa-mir-17,MIMAT0000070,JAK1,ENSG00000162434,3716,Western blot,20299512
mirnet-hsa-278,hsa-mir-17,MIMAT0000070,CDKN1A,ENSG00000124762,1026,phenotypic analysis of target gene,20299512
mirnet-hsa-279,hsa-mir-17,MIMAT0000070,EDG1,NA,NA,phenotypic analysis of target gene,20299512
mirnet-hsa-280,hsa-mir-17,MIMAT0000070,BIM,NA,NA,Western blot,20299512
mirnet-hsa-281,hsa-mir-17,MIMAT0000070,VIM,ENSG00000026025,7431,other,19771525
mirnet-hsa-282,hsa-mir-17,MIMAT0000070,BCL2,ENSG00000171791,596,other,19666108
mirnet-hsa-283,hsa-mir-17,MIMAT0000070,MEF2D,ENSG00000116604,4209,other,19666108
mirnet-hsa-284,hsa-mir-17,MIMAT0000070,MAP3K12,ENSG00000139625,7786,other,19666108
mirnet-hsa-285,hsa-mir-17,MIMAT0000070,CCND1,ENSG00000110092,595,Western blot,19823025
mirnet-hsa-286,hsa-mir-17,MIMAT0000070,BMPR2,ENSG00000204217,659,Western blot,19390056
mirnet-hsa-287,hsa-mir-17,MIMAT0000070,p21,NA,NA,other,20299512
mirnet-hsa-288,hsa-mir-18a,MIMAT0000072,CTGF,NA,NA,other,20305691
mirnet-hsa-289,hsa-mir-18a,MIMAT0000072,THBS1,ENSG00000137801,7057,Western blot,20299512
mirnet-hsa-290,hsa-mir-18a,MIMAT0000072,BIM,NA,NA,Western blot,20299512
mirnet-hsa-291,hsa-mir-18a,MIMAT0000072,ESR1,ENSG00000091831,2099,Western blot,20080637
mirnet-hsa-292,hsa-mir-19a,MIMAT0000073,PTEN,ENSG00000171862,5728,other,14697198
mirnet-hsa-293,hsa-mir-19a,MIMAT0000073,PTEN,ENSG00000284792,5728,other,14697198
mirnet-hsa-294,hsa-mir-19a,MIMAT0000073,ATXN1,ENSG00000124788,6310,Western blot,18758459
mirnet-hsa-295,hsa-mir-19a,MIMAT0000073,BCL2L11,ENSG00000153094,10018,Western blot,18728182
mirnet-hsa-296,hsa-mir-19a,MIMAT0000073,SOCS1,ENSG00000185338,8651,other,18728182
mirnet-hsa-297,hsa-mir-19a,MIMAT0000073,CTGF,NA,NA,other,20305691
mirnet-hsa-298,hsa-mir-19a,MIMAT0000073,THBS1,ENSG00000137801,7057,Western blot,20299512
mirnet-hsa-299,hsa-mir-19a,MIMAT0000073,BIM,NA,NA,Western blot,20299512
mirnet-hsa-300,hsa-mir-19a,MIMAT0000073,ESR1,ENSG00000091831,2099,Western blot,20080637
mirnet-hsa-301,hsa-mir-19a,MIMAT0000073,NR4A2,ENSG00000153234,4929,other,19885849
mirnet-hsa-302,hsa-mir-19a,MIMAT0000073,ERBB4,ENSG00000178568,2066,other,19885849
mirnet-hsa-303,hsa-mir-19a,MIMAT0000073,CCND1,ENSG00000110092,595,Western blot,20133739
mirnet-hsa-304,hsa-mir-19a,MIMAT0000073,BMPRII,NA,NA,Western blot,19390056
mirnet-hsa-305,hsa-mir-19a,MIMAT0000073,TNF-Œ±,NA,NA,Western blot,21271217
mirnet-hsa-306,hsa-mir-19b,MIMAT0000074,BCL2L11,ENSG00000153094,10018,Western blot,18728182
mirnet-hsa-307,hsa-mir-19b,MIMAT0000074,SOCS1,ENSG00000185338,8651,other,18728182
mirnet-hsa-308,hsa-mir-19b,MIMAT0000074,CTGF,NA,NA,other,20305691
mirnet-hsa-309,hsa-mir-19b,MIMAT0000074,ESR1,ENSG00000091831,2099,Luciferase activity assay,19706389
mirnet-hsa-310,hsa-mir-19b,MIMAT0000074,FMR1,ENSG00000102081,2332,other,20435064
mirnet-hsa-311,hsa-mir-20a,MIMAT0000075,E2F1,ENSG00000101412,1869,Western blot,15944709
mirnet-hsa-312,hsa-mir-20a,MIMAT0000075,RUNX1,ENSG00000159216,861,Western blot,17589498
mirnet-hsa-313,hsa-mir-20a,MIMAT0000075,CCND1,ENSG00000110092,595,other,18695042
mirnet-hsa-314,hsa-mir-20a,MIMAT0000075,IL-8,NA,NA,ELISA,20406904
mirnet-hsa-315,hsa-mir-20a,MIMAT0000075,JAK1,ENSG00000162434,3716,Western blot,20299512
mirnet-hsa-316,hsa-mir-20a,MIMAT0000075,BIM,NA,NA,Western blot,20299512
mirnet-hsa-317,hsa-mir-20a,MIMAT0000075,BCL2,ENSG00000171791,596,other,19666108
mirnet-hsa-318,hsa-mir-20a,MIMAT0000075,MEF2D,ENSG00000116604,4209,other,19666108
mirnet-hsa-319,hsa-mir-20a,MIMAT0000075,MAP3K12,ENSG00000139625,7786,other,19666108
mirnet-hsa-320,hsa-mir-20a,MIMAT0000075,CCND1,ENSG00000110092,595,Western blot,19823025
mirnet-hsa-321,hsa-mir-20a,MIMAT0000075,BMPRII,NA,NA,Western blot,19390056
mirnet-hsa-322,hsa-mir-20a,MIMAT0000075,VEGFA,ENSG00000112715,7422,ELISA,18320040
mirnet-hsa-323,hsa-mir-20a,MIMAT0000075,E2F1,ENSG00000101412,1869,Western blot,18025036
mirnet-hsa-324,hsa-mir-21,MIMAT0000076,TPM1,ENSG00000140416,7168,Western blot,17363372
mirnet-hsa-325,hsa-mir-21,MIMAT0000076,NFIB,ENSG00000147862,4781,Western blot,18384814
mirnet-hsa-326,hsa-mir-21,MIMAT0000076,PDCD4,ENSG00000150593,27250,Western blot,18372920
mirnet-hsa-327,hsa-mir-21,MIMAT0000076,PDCD4,ENSG00000150593,27250,Western blot,18270520
mirnet-hsa-328,hsa-mir-21,MIMAT0000076,SERPINB5,ENSG00000206075,5268,Western blot,18270520
mirnet-hsa-329,hsa-mir-21,MIMAT0000076,PDCD4,ENSG00000150593,27250,Western blot,17968323
mirnet-hsa-330,hsa-mir-21,MIMAT0000076,CDKN1A,ENSG00000124762,1026,other,17991735
mirnet-hsa-331,hsa-mir-21,MIMAT0000076,FAS,ENSG00000026103,355,other,17991735
mirnet-hsa-332,hsa-mir-21,MIMAT0000076,FAM3C,ENSG00000196937,10447,other,17991735
mirnet-hsa-333,hsa-mir-21,MIMAT0000076,HIPK3,ENSG00000110422,10114,other,17991735
mirnet-hsa-334,hsa-mir-21,MIMAT0000076,PRRG4,ENSG00000135378,79056,other,17991735
mirnet-hsa-335,hsa-mir-21,MIMAT0000076,ACTA2,ENSG00000107796,59,other,17991735
mirnet-hsa-336,hsa-mir-21,MIMAT0000076,BTG2,ENSG00000159388,7832,other,17991735
mirnet-hsa-337,hsa-mir-21,MIMAT0000076,BMPR2,ENSG00000204217,659,other,17991735
mirnet-hsa-338,hsa-mir-21,MIMAT0000076,SESN1,ENSG00000080546,27244,other,17991735
mirnet-hsa-339,hsa-mir-21,MIMAT0000076,IL6R,ENSG00000160712,3570,other,17991735
mirnet-hsa-340,hsa-mir-21,MIMAT0000076,PDCD4,ENSG00000150593,27250,Western blot,17991735
mirnet-hsa-341,hsa-mir-21,MIMAT0000076,SOCS5,ENSG00000171150,9655,other,17991735
mirnet-hsa-342,hsa-mir-21,MIMAT0000076,GLCCI1,ENSG00000106415,113263,other,17991735
mirnet-hsa-343,hsa-mir-21,MIMAT0000076,APAF1,ENSG00000120868,317,other,17991735
mirnet-hsa-344,hsa-mir-21,MIMAT0000076,SLC16A10,ENSG00000112394,117247,other,17991735
mirnet-hsa-345,hsa-mir-21,MIMAT0000076,SGK3,ENSG00000104205,23678,other,17991735
mirnet-hsa-346,hsa-mir-21,MIMAT0000076,RP2,ENSG00000102218,6102,other,17991735
mirnet-hsa-347,hsa-mir-21,MIMAT0000076,CDK6,ENSG00000105810,1021,Western blot,17991735
mirnet-hsa-348,hsa-mir-21,MIMAT0000076,CFL2,ENSG00000165410,1073,Western blot,17991735
mirnet-hsa-349,hsa-mir-21,MIMAT0000076,RECK,ENSG00000122707,8434,Western blot,18794849
mirnet-hsa-350,hsa-mir-21,MIMAT0000076,TIMP3,ENSG00000100234,7078,Western blot,18591254
mirnet-hsa-351,hsa-mir-21,MIMAT0000076,RECK,ENSG00000122707,8434,unknown,18591254
mirnet-hsa-352,hsa-mir-21,MIMAT0000076,MTAP,ENSG00000099810,4507,other,19013014
mirnet-hsa-353,hsa-mir-21,MIMAT0000076,PDCD4,ENSG00000150593,27250,other,19013014
mirnet-hsa-354,hsa-mir-21,MIMAT0000076,SOX5,ENSG00000134532,6660,other,19013014
mirnet-hsa-355,hsa-mir-21,MIMAT0000076,JMY,ENSG00000152409,133746,other,18829576
mirnet-hsa-356,hsa-mir-21,MIMAT0000076,TGFBR2,ENSG00000163513,7048,other,18829576
mirnet-hsa-357,hsa-mir-21,MIMAT0000076,TGFBR3,ENSG00000069702,7049,other,11829576
mirnet-hsa-358,hsa-mir-21,MIMAT0000076,HNRNPK,ENSG00000165119,3190,other,11829576
mirnet-hsa-359,hsa-mir-21,MIMAT0000076,HNRNPK,ENSG00000165119,3190,other,18829576
mirnet-hsa-360,hsa-mir-21,MIMAT0000076,tp63,NA,NA,other,11829576
mirnet-hsa-361,hsa-mir-21,MIMAT0000076,APAF1,ENSG00000120868,317,other,18829576
mirnet-hsa-362,hsa-mir-21,MIMAT0000076,BMPR2,ENSG00000204217,659,other,11829576
mirnet-hsa-363,hsa-mir-21,MIMAT0000076,TOPORS,ENSG00000197579,10210,other,11829576
mirnet-hsa-364,hsa-mir-21,MIMAT0000076,DAXX,ENSG00000204209,1616,other,18829576
mirnet-hsa-365,hsa-mir-21,MIMAT0000076,DAXX,ENSG00000229396,1616,other,18829576
mirnet-hsa-366,hsa-mir-21,MIMAT0000076,DAXX,ENSG00000231617,1616,other,18829576
mirnet-hsa-367,hsa-mir-21,MIMAT0000076,DAXX,ENSG00000206279,1616,other,18829576
mirnet-hsa-368,hsa-mir-21,MIMAT0000076,DAXX,ENSG00000206206,1616,other,18829576
mirnet-hsa-369,hsa-mir-21,MIMAT0000076,DAXX,ENSG00000227046,1616,other,18829576
mirnet-hsa-370,hsa-mir-21,MIMAT0000076,TP53BP2,ENSG00000143514,7159,other,18829576
mirnet-hsa-371,hsa-mir-21,MIMAT0000076,PPIF,ENSG00000108179,10105,other,11829576
mirnet-hsa-372,hsa-mir-21,MIMAT0000076,PDCD4,ENSG00000150593,27250,Immunoblot analysis,18850008
mirnet-hsa-373,hsa-mir-21,MIMAT0000076,PTEN,ENSG00000171862,5728,Immunoblot analysis,18850008
mirnet-hsa-374,hsa-mir-21,MIMAT0000076,PTEN,ENSG00000284792,5728,Immunoblot analysis,18850008
mirnet-hsa-375,hsa-mir-21,MIMAT0000076,pten,NA,NA,other,19175831
mirnet-hsa-376,hsa-mir-21,MIMAT0000076,TGFB1,ENSG00000105329,7040,other,19264808
mirnet-hsa-377,hsa-mir-21,MIMAT0000076,RASA1,ENSG00000145715,5921,other,19264808
mirnet-hsa-378,hsa-mir-21,MIMAT0000076,RASGRP1,ENSG00000172575,10125,other,19264808
mirnet-hsa-379,hsa-mir-21,MIMAT0000076,PDCD4,ENSG00000150593,27250,other,19264808
mirnet-hsa-380,hsa-mir-21,MIMAT0000076,PDCD4,ENSG00000150593,27250,Western blot,19276261
mirnet-hsa-381,hsa-mir-21,MIMAT0000076,PTEN,ENSG00000171862,5728,Western blot,19906824
mirnet-hsa-382,hsa-mir-21,MIMAT0000076,PTEN,ENSG00000284792,5728,Western blot,19906824
mirnet-hsa-383,hsa-mir-21,MIMAT0000076,PDCD4,ENSG00000150593,27250,Western blot,19906824
mirnet-hsa-384,hsa-mir-21,MIMAT0000076,E2F1,ENSG00000101412,1869,Western blot,19906824
mirnet-hsa-385,hsa-mir-21,MIMAT0000076,TGFBR2,ENSG00000163513,7048,Western blot,19906824
mirnet-hsa-386,hsa-mir-21,MIMAT0000076,CDC25A,ENSG00000164045,993,Western blot,19826040
mirnet-hsa-387,hsa-mir-21,MIMAT0000076,BMPR2,ENSG00000204217,659,Western blot,19578724
mirnet-hsa-388,hsa-mir-21,MIMAT0000076,LRRFIP1,ENSG00000124831,9208,Western blot,19559015
mirnet-hsa-389,hsa-mir-21,MIMAT0000076,BTG2,ENSG00000159388,7832,Western blot,19546886
mirnet-hsa-390,hsa-mir-21,MIMAT0000076,JAG1,ENSG00000101384,182,other,19398721
mirnet-hsa-391,hsa-mir-21,MIMAT0000076,MARCKS,ENSG00000277443,4082,Western blot,19302977
mirnet-hsa-392,hsa-mir-21,MIMAT0000076,Peli1,NA,NA,other,20167875
mirnet-hsa-393,hsa-mir-21,MIMAT0000076,RECK,ENSG00000122707,8434,Western blot,20154725
mirnet-hsa-394,hsa-mir-21,MIMAT0000076,PPARA,ENSG00000186951,5465,Western blot,20693317
mirnet-hsa-395,hsa-mir-21,MIMAT0000076,STAT3,ENSG00000168610,6774,Western blot,21381024
mirnet-hsa-396,hsa-mir-21,MIMAT0000076,NT-3,NA,NA,other,22019057
mirnet-hsa-397,hsa-mir-22,MIMAT0000077,ESR1,ENSG00000091831,2099,Western blot,18347104
mirnet-hsa-398,hsa-mir-22,MIMAT0000077,PPARA,ENSG00000186951,5465,Western blot,18347104
mirnet-hsa-399,hsa-mir-22,MIMAT0000077,PPARA,ENSG00000186951,5465,Western blot,19011694
mirnet-hsa-400,hsa-mir-22,MIMAT0000077,BMP7,ENSG00000101144,655,Western blot,19011694
mirnet-hsa-401,hsa-mir-22,MIMAT0000077,MAX,ENSG00000125952,4149,Western blot,20214878
mirnet-hsa-402,hsa-mir-22,MIMAT0000077,ESR1,ENSG00000091831,2099,Western blot,20180843
mirnet-hsa-403,hsa-mir-22,MIMAT0000077,PTEN,ENSG00000171862,5728,Western blot,0
mirnet-hsa-404,hsa-mir-22,MIMAT0000077,PTEN,ENSG00000284792,5728,Western blot,0
mirnet-hsa-405,hsa-mir-23a,MIMAT0000078,C21orf33,NA,NA,Western blot,12808467
mirnet-hsa-406,hsa-mir-23a,MIMAT0000078,CXCL12,ENSG00000107562,6387,other,14697198
mirnet-hsa-407,hsa-mir-23a,MIMAT0000078,POU4F2,ENSG00000151615,5458,other,14697198
mirnet-hsa-408,hsa-mir-23a,MIMAT0000078,HES1,ENSG00000114315,3280,other,15066185
mirnet-hsa-409,hsa-mir-23a,MIMAT0000078,C21orf33,NA,NA,other,15066185
mirnet-hsa-410,hsa-mir-23a,MIMAT0000078,C6orf134,NA,NA,other,15131085
mirnet-hsa-411,hsa-mir-24-1*,MIMAT0000079,SLITRK1,ENSG00000178235,114798,other,16224024
mirnet-hsa-412,hsa-mir-24,MIMAT0000080,MAPK14,ENSG00000112062,1432,other,15131085
mirnet-hsa-413,hsa-mir-24,MIMAT0000080,CDKN2A,ENSG00000147889,1029,Western blot,18365017
mirnet-hsa-414,hsa-mir-24,MIMAT0000080,ACVR1B,ENSG00000135503,91,Western blot,17906079
mirnet-hsa-415,hsa-mir-24,MIMAT0000080,DHFR,ENSG00000228716,1719,Western blot,17686970
mirnet-hsa-416,hsa-mir-24,MIMAT0000080,DHFR,ENSG00000228716,1719,Western blot,20041160
mirnet-hsa-417,hsa-mir-24,MIMAT0000080,MKK4,NA,NA,Western blot,19861690
mirnet-hsa-418,hsa-mir-24,MIMAT0000080,MYC,ENSG00000136997,4609,Western blot,19748357
mirnet-hsa-419,hsa-mir-24,MIMAT0000080,E2F2,ENSG00000007968,1870,Western blot,19748357
mirnet-hsa-420,hsa-mir-24,MIMAT0000080,E2F2,ENSG00000282899,1870,Western blot,19748357
mirnet-hsa-421,hsa-mir-24,MIMAT0000080,AURKB,ENSG00000178999,9212,other,19748357
mirnet-hsa-422,hsa-mir-24,MIMAT0000080,BRCA1,ENSG00000012048,672,other,19748357
mirnet-hsa-423,hsa-mir-24,MIMAT0000080,CCNA2,ENSG00000145386,890,other,19748357
mirnet-hsa-424,hsa-mir-24,MIMAT0000080,CDC2,NA,NA,other,19748357
mirnet-hsa-425,hsa-mir-24,MIMAT0000080,CDK4,ENSG00000135446,1019,other,19748357
mirnet-hsa-426,hsa-mir-24,MIMAT0000080,FEN1,ENSG00000168496,2237,other,19748357
mirnet-hsa-427,hsa-mir-24,MIMAT0000080,NOTCH1,ENSG00000148400,4851,other,17150773
mirnet-hsa-428,hsa-mir-25,MIMAT0000081,TAF6L,ENSG00000162227,10629,other,18728182
mirnet-hsa-429,hsa-mir-25,MIMAT0000081,MKK4,NA,NA,Western blot,19861690
mirnet-hsa-430,hsa-mir-25,MIMAT0000081,BIM,NA,NA,Western blot,19422085
mirnet-hsa-431,hsa-mir-25,MIMAT0000081,FBXW7,ENSG00000109670,55294,Western blot,20826802
mirnet-hsa-432,hsa-mir-26a,MIMAT0000082,SMAD1,ENSG00000170365,4086,other,14697198
mirnet-hsa-433,hsa-mir-26a,MIMAT0000082,PLAG1,ENSG00000181690,5324,activity assay,16461460
mirnet-hsa-434,hsa-mir-26a,MIMAT0000082,TGFBR2,ENSG00000163513,7048,activity assay,16461460
mirnet-hsa-435,hsa-mir-26a,MIMAT0000082,SMAD1,ENSG00000170365,4086,Western blot,18197755
mirnet-hsa-436,hsa-mir-26a,MIMAT0000082,SMAD1,ENSG00000170365,4086,Western blot,17922609
mirnet-hsa-437,hsa-mir-26a,MIMAT0000082,EZH2,ENSG00000106462,2146,other,18713946
mirnet-hsa-438,hsa-mir-26a,MIMAT0000082,EZH2,ENSG00000106462,2146,Western blot,20478051
mirnet-hsa-439,hsa-mir-26a,MIMAT0000082,SERBP1,ENSG00000142864,26135,other,17637574
mirnet-hsa-440,hsa-mir-26b,MIMAT0000083,TAF12,ENSG00000120656,6883,other,20831567
mirnet-hsa-441,hsa-mir-26b,MIMAT0000083,PTP4A1,ENSG00000112245,7803,other,20831567
mirnet-hsa-442,hsa-mir-26b,MIMAT0000083,CHFR,ENSG00000072609,55743,other,20831567
mirnet-hsa-443,hsa-mir-26b,MIMAT0000083,ALS2CR2,NA,NA,other,20831567
mirnet-hsa-444,hsa-mir-26b,MIMAT0000083,SERBP1,ENSG00000142864,26135,other,17637574
mirnet-hsa-445,hsa-mir-27a,MIMAT0000084,PHB,ENSG00000167085,5245,other,18789835
mirnet-hsa-446,hsa-mir-27a,MIMAT0000084,RUNX1,ENSG00000159216,861,Western blot,19114653
mirnet-hsa-447,hsa-mir-27a,MIMAT0000084,FOXO1,ENSG00000150907,2308,Western blot,20028871
mirnet-hsa-448,hsa-mir-27a,MIMAT0000084,FADD,ENSG00000168040,8772,Western blot,19513126
mirnet-hsa-449,hsa-mir-27a,MIMAT0000084,GCA,ENSG00000115271,25801,other,19440384
mirnet-hsa-450,hsa-mir-27a,MIMAT0000084,PEX7,ENSG00000112357,5191,other,19440384
mirnet-hsa-451,hsa-mir-27a,MIMAT0000084,FBXW7,ENSG00000109670,55294,Western blot,21460851
mirnet-hsa-452,hsa-mir-27a,MIMAT0000084,SP1,ENSG00000185591,6667,Western blot,18006846
mirnet-hsa-453,hsa-mir-27a,MIMAT0000084,SP3,ENSG00000172845,6670,Western blot,18006846
mirnet-hsa-454,hsa-mir-27a,MIMAT0000084,SP4,ENSG00000105866,6671,Western blot,18006846
mirnet-hsa-455,hsa-mir-29a,MIMAT0000086,BACE1,ENSG00000186318,23621,Western blot,18434550
mirnet-hsa-456,hsa-mir-29a,MIMAT0000086,DNMT3A,ENSG00000119772,1788,other,17890317
mirnet-hsa-457,hsa-mir-29a,MIMAT0000086,DNMT3B,ENSG00000088305,1789,other,17890317
mirnet-hsa-458,hsa-mir-29a,MIMAT0000086,SPARC,ENSG00000113140,6678,other,18390668
mirnet-hsa-459,hsa-mir-29a,MIMAT0000086,PIK3R1,ENSG00000145675,5295,Western blot,19079265
mirnet-hsa-460,hsa-mir-29a,MIMAT0000086,CDC42,ENSG00000070831,998,Western blot,19079265
mirnet-hsa-461,hsa-mir-29a,MIMAT0000086,ZFP36,ENSG00000128016,7538,Western blot,19247375
mirnet-hsa-462,hsa-mir-29a,MIMAT0000086,COL3A1,ENSG00000168542,1281,other,20201077
mirnet-hsa-463,hsa-mir-29a,MIMAT0000086,MCL1,ENSG00000143384,4170,Western blot,19850741
mirnet-hsa-464,hsa-mir-29a,MIMAT0000086,CXXC6,NA,NA,Western blot,19850741
mirnet-hsa-465,hsa-mir-29a,MIMAT0000086,CDK6,ENSG00000105810,1021,Western blot,19850741
mirnet-hsa-466,hsa-mir-29a,MIMAT0000086,CD276,ENSG00000103855,80381,Western blot,19584290
mirnet-hsa-467,hsa-mir-29a,MIMAT0000086,PTEN,ENSG00000171862,5728,Western blot,21573166
mirnet-hsa-468,hsa-mir-29a,MIMAT0000086,PTEN,ENSG00000284792,5728,Western blot,21573166
mirnet-hsa-469,hsa-mir-29a,MIMAT0000086,col2a1,NA,NA,Western blot,21665270
mirnet-hsa-470,hsa-mir-30a,MIMAT0000087,BDNF,ENSG00000176697,627,ELISA,18632683
mirnet-hsa-471,hsa-mir-30a,MIMAT0000087,AK1,ENSG00000106992,203,other,19185580
mirnet-hsa-472,hsa-mir-30a,MIMAT0000087,Tnrc6a,NA,NA,other,19185580
mirnet-hsa-473,hsa-mir-30a,MIMAT0000087,TNRC6A,ENSG00000090905,27327,other,19767416
mirnet-hsa-474,hsa-mir-30a,MIMAT0000087,TNRC6A,ENSG00000288130,27327,other,19767416
mirnet-hsa-475,hsa-mir-30a,MIMAT0000087,BECN1P1,NA,NA,Western blot,19535919
mirnet-hsa-476,hsa-mir-30a,MIMAT0000087,KRT7,ENSG00000135480,3855,Western blot,19378336
mirnet-hsa-477,hsa-mir-30a,MIMAT0000087,NOTCH1,ENSG00000148400,4851,other,17150773
mirnet-hsa-478,hsa-mir-30a*,MIMAT0000088,VEZT,ENSG00000028203,55591,polyribosome profile assay,16239240
mirnet-hsa-479,hsa-mir-30a*,MIMAT0000088,TMEM2,NA,NA,polyribosome profile assay,16239240
mirnet-hsa-480,hsa-mir-30a*,MIMAT0000088,THBS1,ENSG00000137801,7057,polyribosome profile assay,16239240
mirnet-hsa-481,hsa-mir-30a*,MIMAT0000088,SLC7A6,ENSG00000103064,9057,polyribosome profile assay,16239240
mirnet-hsa-482,hsa-mir-30a*,MIMAT0000088,WDR82,ENSG00000164091,80335,polyribosome profile assay,16239240
mirnet-hsa-483,hsa-mir-30a*,MIMAT0000088,CYR61,NA,NA,polyribosome profile assay,16239240
mirnet-hsa-484,hsa-mir-30a*,MIMAT0000088,TUBA1A,ENSG00000167552,7846,polyribosome profile assay,16239240
mirnet-hsa-485,hsa-mir-30a*,MIMAT0000088,CDK6,ENSG00000105810,1021,polyribosome profile assay,16239240
mirnet-hsa-486,hsa-mir-32,MIMAT0000090,TAF6L,ENSG00000162227,10629,other,18728182
mirnet-hsa-487,hsa-mir-33a,MIMAT0000091,ABCA1,ENSG00000165029,19,Western blot,20466882
mirnet-hsa-488,hsa-mir-92a,MIMAT0000092,ITGA5,ENSG00000161638,3678,Western blot,19460962
mirnet-hsa-489,hsa-mir-92a,MIMAT0000092,BMPRII,NA,NA,Western blot,19390056
mirnet-hsa-490,hsa-mir-93,MIMAT0000093,TAF6L,ENSG00000162227,10629,other,18728182
mirnet-hsa-491,hsa-mir-93,MIMAT0000093,FUS1,NA,NA,Western blot,19671678
mirnet-hsa-492,hsa-mir-93,MIMAT0000093,E2F1,ENSG00000101412,1869,Western blot,19486339
mirnet-hsa-493,hsa-mir-93,MIMAT0000093,CDKN1A,ENSG00000124762,1026,Western blot,19422085
mirnet-hsa-494,hsa-mir-93,MIMAT0000093,E2F1,ENSG00000101412,1869,Western blot,18328430
mirnet-hsa-495,hsa-mir-93,MIMAT0000093,CDKN1A,ENSG00000124762,1026,Western blot,18328430
mirnet-hsa-496,hsa-mir-93,MIMAT0000093,VEGFA,ENSG00000112715,7422,ELISA,18320040
mirnet-hsa-497,hsa-mir-96,MIMAT0000095,HTR1B,ENSG00000135312,3351,other,18283276
mirnet-hsa-498,hsa-mir-96,MIMAT0000095,ADCY6,ENSG00000174233,112,other,17597072
mirnet-hsa-499,hsa-mir-96,MIMAT0000095,MITF,ENSG00000187098,4286,other,17597072
mirnet-hsa-500,hsa-mir-96,MIMAT0000095,FOXO1,ENSG00000150907,2308,Western blot,20028871
mirnet-hsa-501,hsa-mir-96,MIMAT0000095,IRS1,ENSG00000169047,3667,Western blot,19502786
mirnet-hsa-502,hsa-mir-96,MIMAT0000095,AQP5,ENSG00000161798,362,other,19363479
mirnet-hsa-503,hsa-mir-96,MIMAT0000095,CELSR2,ENSG00000143126,1952,other,19363479
mirnet-hsa-504,hsa-mir-96,MIMAT0000095,ODF2,ENSG00000136811,4957,other,19363479
mirnet-hsa-505,hsa-mir-96,MIMAT0000095,MYRIP,ENSG00000170011,25924,other,19363479
mirnet-hsa-506,hsa-mir-96,MIMAT0000095,RYK,ENSG00000163785,6259,other,19363479
mirnet-hsa-507,hsa-mir-98,MIMAT0000096,HMGA2,ENSG00000149948,8091,Western blot,17222355
mirnet-hsa-508,hsa-mir-98,MIMAT0000096,FUS1,NA,NA,Western blot,19671678
mirnet-hsa-509,hsa-mir-99a,MIMAT0000097,IGF-IR,NA,NA,other,20484036
mirnet-hsa-510,hsa-mir-99a,MIMAT0000097,RPTOR,ENSG00000141564,57521,other,20484036
mirnet-hsa-511,hsa-mir-99a,MIMAT0000097,FGFR3,ENSG00000068078,2261,Western blot,19843843
mirnet-hsa-512,hsa-mir-99a,MIMAT0000097,RAVER2,ENSG00000162437,55225,other,17637574
mirnet-hsa-513,hsa-mir-100,MIMAT0000098,IGF-IR,NA,NA,Western blot,20484036
mirnet-hsa-514,hsa-mir-100,MIMAT0000098,RPTOR,ENSG00000141564,57521,Western blot,20484036
mirnet-hsa-515,hsa-mir-100,MIMAT0000098,FGFR3,ENSG00000068078,2261,Western blot,19843843
mirnet-hsa-516,hsa-mir-100,MIMAT0000098,PLK1,ENSG00000166851,5347,other,19739117
mirnet-hsa-517,hsa-mir-101,MIMAT0000099,MYCN,ENSG00000134323,4613,other,14697198
mirnet-hsa-518,hsa-mir-101,MIMAT0000099,ICOS,ENSG00000163600,29851,other,18172933
mirnet-hsa-519,hsa-mir-101,MIMAT0000099,ATXN1,ENSG00000124788,6310,Western blot,18758459
mirnet-hsa-520,hsa-mir-101,MIMAT0000099,MCL1,ENSG00000143384,4170,other,19155302
mirnet-hsa-521,hsa-mir-101,MIMAT0000099,PTGS2,ENSG00000073756,5743,Western blot,19133256
mirnet-hsa-522,hsa-mir-101,MIMAT0000099,EZH2,ENSG00000106462,2146,Immunoblot analysis,19008416
mirnet-hsa-523,hsa-mir-101,MIMAT0000099,EZH2,ENSG00000106462,2146,other,20478051
mirnet-hsa-524,hsa-mir-101,MIMAT0000099,ATM,ENSG00000149311,472,other,20617180
mirnet-hsa-525,hsa-mir-29b,MIMAT0000100,TCL1A,ENSG00000100721,8115,Western blot,17178851
mirnet-hsa-526,hsa-mir-29b,MIMAT0000100,MCL1,ENSG00000143384,4170,Immunofluorescence,17404574
mirnet-hsa-527,hsa-mir-29b,MIMAT0000100,BACE1,ENSG00000186318,23621,Western blot,18434550
mirnet-hsa-528,hsa-mir-29b,MIMAT0000100,DNMT3A,ENSG00000119772,1788,other,17890317
mirnet-hsa-529,hsa-mir-29b,MIMAT0000100,DNMT3B,ENSG00000088305,1789,other,17890317
mirnet-hsa-530,hsa-mir-29b,MIMAT0000100,CDC42,ENSG00000070831,998,Western blot,19079265
mirnet-hsa-531,hsa-mir-29b,MIMAT0000100,PIK3R1,ENSG00000145675,5295,Western blot,19079265
mirnet-hsa-532,hsa-mir-29b,MIMAT0000100,DNMT3A,ENSG00000119772,1788,Western blot,19211935
mirnet-hsa-533,hsa-mir-29b,MIMAT0000100,SP1,ENSG00000185591,6667,other,19211935
mirnet-hsa-534,hsa-mir-29b,MIMAT0000100,DNMT3B,ENSG00000088305,1789,Western blot,19211935
mirnet-hsa-535,hsa-mir-29b,MIMAT0000100,COL3A1,ENSG00000168542,1281,other,20201077
mirnet-hsa-536,hsa-mir-29b,MIMAT0000100,COL1A1,ENSG00000108821,1277,Western blot,19913496
mirnet-hsa-537,hsa-mir-29b,MIMAT0000100,SP1,ENSG00000185591,6667,Western blot,19913496
mirnet-hsa-538,hsa-mir-29b,MIMAT0000100,MCL1,ENSG00000143384,4170,Western blot,19850741
mirnet-hsa-539,hsa-mir-29b,MIMAT0000100,CXXC6,NA,NA,Western blot,19850741
mirnet-hsa-540,hsa-mir-29b,MIMAT0000100,CDK6,ENSG00000105810,1021,Western blot,19850741
mirnet-hsa-541,hsa-mir-29b,MIMAT0000100,col2a1,NA,NA,Western blot,21665270
mirnet-hsa-542,hsa-mir-29b,MIMAT0000100,MMP-2,NA,NA,other,21793034
mirnet-hsa-543,hsa-mir-29b,MIMAT0000100,DNAJB11,ENSG00000090520,51726,other,17637574
mirnet-hsa-544,hsa-mir-29b,MIMAT0000100,SFPQ,ENSG00000116560,6421,other,17637574
mirnet-hsa-545,hsa-mir-103,MIMAT0000101,FBXW11,ENSG00000072803,23291,other,15131085
mirnet-hsa-546,hsa-mir-103,MIMAT0000101,ICOS,ENSG00000163600,29851,other,18172933
mirnet-hsa-547,hsa-mir-103,MIMAT0000101,SERBP1,ENSG00000142864,26135,other,17637574
mirnet-hsa-548,hsa-mir-103,MIMAT0000101,CCNE1,ENSG00000105173,898,other,20886090
mirnet-hsa-549,hsa-mir-103,MIMAT0000101,CREB1,ENSG00000118260,1385,other,20886090
mirnet-hsa-550,hsa-mir-103,MIMAT0000101,CDK2,ENSG00000123374,1017,other,20886090
mirnet-hsa-551,hsa-mir-105,MIMAT0000102,TLR2,ENSG00000137462,7097,Western blot,19509287
mirnet-hsa-552,hsa-mir-106a,MIMAT0000103,RB1,ENSG00000139687,5925,activity assay,16461460
mirnet-hsa-553,hsa-mir-106a,MIMAT0000103,RUNX1,ENSG00000159216,861,Western blot,17589498
mirnet-hsa-554,hsa-mir-106a,MIMAT0000103,APP,ENSG00000142192,351,Western blot,18684319
mirnet-hsa-555,hsa-mir-106a,MIMAT0000103,CDKN1A,ENSG00000124762,1026,Western blot,19782699
mirnet-hsa-556,hsa-mir-106a,MIMAT0000103,RB1,ENSG00000139687,5925,Western blot,20889678
mirnet-hsa-557,hsa-mir-106a,MIMAT0000103,VEGFA,ENSG00000112715,7422,other,18320040
mirnet-hsa-558,hsa-mir-107,MIMAT0000104,BACE1,ENSG00000186318,23621,other,18234899
mirnet-hsa-559,hsa-mir-107,MIMAT0000104,SERBP1,ENSG00000142864,26135,other,17637574
mirnet-hsa-560,hsa-mir-107,MIMAT0000104,AGO1,ENSG00000092847,26523,Western blot,20042474
mirnet-hsa-561,hsa-mir-107,MIMAT0000104,AGO2,ENSG00000123908,27161,Western blot,20042474
mirnet-hsa-562,hsa-mir-107,MIMAT0000104,AGO3,ENSG00000126070,192669,Western blot,20042474
mirnet-hsa-563,hsa-mir-107,MIMAT0000104,CCNE1,ENSG00000105173,898,other,19688090
mirnet-hsa-564,hsa-mir-107,MIMAT0000104,CDK6,ENSG00000105810,1021,Western blot,19688090
mirnet-hsa-565,hsa-mir-107,MIMAT0000104,CDCA4,ENSG00000170779,55038,other,19688090
mirnet-hsa-566,hsa-mir-107,MIMAT0000104,RAB1B,ENSG00000174903,81876,other,19688090
mirnet-hsa-567,hsa-mir-107,MIMAT0000104,CRKL,ENSG00000099942,1399,other,19688090
mirnet-hsa-568,hsa-mir-107,MIMAT0000104,PLAG1,ENSG00000181690,5324,other,19692702
mirnet-hsa-569,hsa-mir-107,MIMAT0000104,DICER1,ENSG00000100697,23405,Western blot,21029372
mirnet-hsa-570,hsa-mir-192,MIMAT0000222,DHFR,ENSG00000228716,1719,Western blot,19088023
mirnet-hsa-571,hsa-mir-192,MIMAT0000222,WNK1,ENSG00000060237,65125,Western blot,20813867
mirnet-hsa-572,hsa-mir-192,MIMAT0000222,RB1,ENSG00000139687,5925,Western blot,21511813
mirnet-hsa-573,hsa-mir-196a,MIMAT0000226,HOXB8,ENSG00000120068,3218,other,15105502
mirnet-hsa-574,hsa-mir-196a,MIMAT0000226,HOXC8,ENSG00000037965,3224,other,15105502
mirnet-hsa-575,hsa-mir-196a,MIMAT0000226,HOXD8,ENSG00000175879,3234,other,15105502
mirnet-hsa-576,hsa-mir-196a,MIMAT0000226,HOXA7,ENSG00000122592,3204,other,15105502
mirnet-hsa-577,hsa-mir-196a,MIMAT0000226,IKBKB,ENSG00000104365,3551,Western blot,18408758
mirnet-hsa-578,hsa-mir-196a,MIMAT0000226,HOXB8,ENSG00000120068,3218,Western blot,17150553
mirnet-hsa-579,hsa-mir-196a,MIMAT0000226,ANXA1,ENSG00000135046,301,Western blot,18663355
mirnet-hsa-580,hsa-mir-196a,MIMAT0000226,HOXC8,ENSG00000037965,3224,Western blot,19063684
mirnet-hsa-581,hsa-mir-196a,MIMAT0000226,KRT5,ENSG00000186081,3852,other,19342367
mirnet-hsa-582,hsa-mir-196a,MIMAT0000226,SPRR2C,NA,6702,other,19342367
mirnet-hsa-583,hsa-mir-196a,MIMAT0000226,S100A9,ENSG00000163220,6280,other,19342367
mirnet-hsa-584,hsa-mir-197,MIMAT0000227,FUS1,NA,NA,other,19671678
mirnet-hsa-585,hsa-mir-199a-5p,MIMAT0000231,FLAP,NA,NA,other,20194722
mirnet-hsa-586,hsa-mir-129-5p,MIMAT0000242,EIF2C3,NA,NA,other,18189265
mirnet-hsa-587,hsa-mir-129-5p,MIMAT0000242,CAMTA1,ENSG00000171735,23261,other,18189265
mirnet-hsa-588,hsa-mir-129-5p,MIMAT0000242,SOX4,ENSG00000124766,6659,Western blot,19887623
mirnet-hsa-589,hsa-mir-129-5p,MIMAT0000242,GALNT1,ENSG00000141429,2589,other,19487295
mirnet-hsa-590,hsa-mir-129-5p,MIMAT0000242,FNDC3b,NA,NA,other,19487295
mirnet-hsa-591,hsa-mir-129-5p,MIMAT0000242,TP53INP1,ENSG00000164938,94241,other,19487295
mirnet-hsa-592,hsa-mir-129-5p,MIMAT0000242,ETV6,ENSG00000139083,2120,other,19487295
mirnet-hsa-593,hsa-mir-129-5p,MIMAT0000242,TNPO1,ENSG00000083312,3842,other,19487295
mirnet-hsa-594,hsa-mir-129-5p,MIMAT0000242,ZFP91,ENSG00000186660,80829,other,19487295
mirnet-hsa-595,hsa-mir-129-5p,MIMAT0000242,PDS5A,ENSG00000121892,23244,other,19487295
mirnet-hsa-596,hsa-mir-129-5p,MIMAT0000242,BMPR2,ENSG00000204217,659,other,19487295
mirnet-hsa-597,hsa-mir-129-5p,MIMAT0000242,CDK6,ENSG00000105810,1021,Western blot,20404570
mirnet-hsa-598,hsa-mir-148a,MIMAT0000243,DNMT3B,ENSG00000088305,1789,Western blot,18367714
mirnet-hsa-599,hsa-mir-148a,MIMAT0000243,DNMT3B,ENSG00000088305,1789,other,18367714
mirnet-hsa-600,hsa-mir-148a,MIMAT0000243,NR1I2,ENSG00000144852,8856,Western blot,18268015
mirnet-hsa-601,hsa-mir-148a,MIMAT0000243,DNMT1,ENSG00000130816,1786,Western blot,20146264
mirnet-hsa-602,hsa-mir-148a,MIMAT0000243,MSK1,NA,NA,Western blot,20406806
mirnet-hsa-603,hsa-mir-148a,MIMAT0000243,CDNK1B,NA,NA,Western blot,21552422
mirnet-hsa-604,hsa-mir-30c,MIMAT0000244,UBE2I,ENSG00000103275,7329,Western blot,19223510
mirnet-hsa-605,hsa-mir-30d,MIMAT0000245,GNAI2,ENSG00000114353,2771,Western blot,20054866
mirnet-hsa-606,hsa-mir-147,MIMAT0000251,VEGFA,ENSG00000112715,7422,ELISA,18320040
mirnet-hsa-607,hsa-mir-7,MIMAT0000252,IRS2,ENSG00000185950,8660,Western blot,18483236
mirnet-hsa-608,hsa-mir-7,MIMAT0000252,IRS1,ENSG00000169047,3667,Western blot,18483236
mirnet-hsa-609,hsa-mir-7,MIMAT0000252,EGFR,ENSG00000146648,1956,Western blot,18483236
mirnet-hsa-610,hsa-mir-7,MIMAT0000252,RAF1,ENSG00000132155,5894,other,19072608
mirnet-hsa-611,hsa-mir-7,MIMAT0000252,EGFR,ENSG00000146648,1956,other,19073608
mirnet-hsa-612,hsa-mir-7,MIMAT0000252,PAK1,ENSG00000149269,5058,Western blot,18922890
mirnet-hsa-613,hsa-mir-7,MIMAT0000252,SNCA,ENSG00000145335,6622,Western blot,19628698
mirnet-hsa-614,hsa-mir-7,MIMAT0000252,CD98,NA,NA,Western blot,19892711
mirnet-hsa-615,hsa-mir-7,MIMAT0000252,EGFR,ENSG00000146648,1956,Western blot,21156648
mirnet-hsa-616,hsa-mir-7,MIMAT0000252,IRS2,ENSG00000185950,8660,Western blot,21156648
mirnet-hsa-617,hsa-mir-7,MIMAT0000252,TNK2,ENSG00000061938,10188,Western blot,21156648
mirnet-hsa-618,hsa-mir-10a,MIMAT0000253,HOXA1,ENSG00000105991,3198,Western blot,16549775
mirnet-hsa-619,hsa-mir-10a,MIMAT0000253,USF2,ENSG00000105698,7392,Western blot,19074828
mirnet-hsa-620,hsa-mir-10a,MIMAT0000253,SFRS1,NA,NA,Western blot,21118818
mirnet-hsa-621,hsa-mir-10a,MIMAT0000253,SFRS10,NA,NA,other,21118818
mirnet-hsa-622,hsa-mir-10a,MIMAT0000253,SFRS1,NA,NA,Western blot,20506192
mirnet-hsa-623,hsa-mir-10b,MIMAT0000254,HOXD10,ENSG00000128710,3236,Western blot,17898713
mirnet-hsa-624,hsa-mir-10b,MIMAT0000254,KLF4,ENSG00000136826,9314,Western blot,20075075
mirnet-hsa-625,hsa-mir-10b,MIMAT0000254,SFRS1,NA,NA,Western blot,21118818
mirnet-hsa-626,hsa-mir-10b,MIMAT0000254,SFRS10,NA,NA,other,21118818
mirnet-hsa-627,hsa-mir-34a,MIMAT0000255,DLL1,ENSG00000198719,28514,other,14697198
mirnet-hsa-628,hsa-mir-34a,MIMAT0000255,DLL1,ENSG00000275555,28514,other,14697198
mirnet-hsa-629,hsa-mir-34a,MIMAT0000255,NOTCH1,ENSG00000148400,4851,other,14697198
mirnet-hsa-630,hsa-mir-34a,MIMAT0000255,E2F3,ENSG00000112242,1871,Western blot,17297439
mirnet-hsa-631,hsa-mir-34a,MIMAT0000255,VEGFA,ENSG00000112715,7422,ELISA,18320040
mirnet-hsa-632,hsa-mir-34a,MIMAT0000255,BCL2,ENSG00000171791,596,Western blot,17656095
mirnet-hsa-633,hsa-mir-34a,MIMAT0000255,MYCN,ENSG00000134323,4613,Western blot,18504438
mirnet-hsa-634,hsa-mir-34a,MIMAT0000255,HMGA2,ENSG00000149948,8091,other,18803879
mirnet-hsa-635,hsa-mir-34a,MIMAT0000255,NOTCH1,ENSG00000148400,4851,other,18803879
mirnet-hsa-636,hsa-mir-34a,MIMAT0000255,BCL2,ENSG00000171791,596,Western blot,18803879
mirnet-hsa-637,hsa-mir-34a,MIMAT0000255,SIRT1,ENSG00000096717,23411,other,18755897
mirnet-hsa-638,hsa-mir-34a,MIMAT0000255,CDK6,ENSG00000105810,1021,Western blot,18834855
mirnet-hsa-639,hsa-mir-34a,MIMAT0000255,CCND1,ENSG00000110092,595,Western blot,18834855
mirnet-hsa-640,hsa-mir-34a,MIMAT0000255,E2F3,ENSG00000112242,1871,Western blot,18834855
mirnet-hsa-641,hsa-mir-34a,MIMAT0000255,BCL2,ENSG00000171791,596,Western blot,18834855
mirnet-hsa-642,hsa-mir-34a,MIMAT0000255,BCL2,ENSG00000171791,596,Western blot,20433755
mirnet-hsa-643,hsa-mir-34a,MIMAT0000255,MYC,ENSG00000136997,4609,Western blot,20212154
mirnet-hsa-644,hsa-mir-34a,MIMAT0000255,NOTCH1,ENSG00000148400,4851,Western blot,20351093
mirnet-hsa-645,hsa-mir-34a,MIMAT0000255,JAG1,ENSG00000101384,182,Western blot,20351093
mirnet-hsa-646,hsa-mir-34a,MIMAT0000255,MAP2K1,ENSG00000169032,5604,Western blot,20299489
mirnet-hsa-647,hsa-mir-34a,MIMAT0000255,MET,ENSG00000105976,4233,Western blot,19773441
mirnet-hsa-648,hsa-mir-34a,MIMAT0000255,Notch-1,NA,NA,Western blot,19773441
mirnet-hsa-649,hsa-mir-34a,MIMAT0000255,NOTCH2,ENSG00000134250,4853,Western blot,19773441
mirnet-hsa-650,hsa-mir-34a,MIMAT0000255,MYB,ENSG00000118513,4602,Western blot,19584398
mirnet-hsa-651,hsa-mir-34a,MIMAT0000255,WNT1,ENSG00000125084,7471,other,19398721
mirnet-hsa-652,hsa-mir-34a,MIMAT0000255,AXIN2,ENSG00000168646,8313,other,19336450
mirnet-hsa-653,hsa-mir-34a,MIMAT0000255,CD44,ENSG00000026508,960,Western blot,21240262
mirnet-hsa-654,hsa-mir-34a,MIMAT0000255,Axl,NA,NA,Western blot,21317930
mirnet-hsa-655,hsa-mir-34a,MIMAT0000255,EphA5,NA,NA,Western blot,22079638
mirnet-hsa-656,hsa-mir-34a,MIMAT0000255,NOTCH1,ENSG00000148400,4851,other,17150773
mirnet-hsa-657,hsa-mir-181a,MIMAT0000256,HOXA11,ENSG00000005073,3207,Western blot,16489342
mirnet-hsa-658,hsa-mir-181a,MIMAT0000256,TAF6L,ENSG00000162227,10629,other,18728182
mirnet-hsa-659,hsa-mir-181a,MIMAT0000256,CDKN1B,ENSG00000111276,1027,Western blot,19273599
mirnet-hsa-660,hsa-mir-181a,MIMAT0000256,BCL2,ENSG00000171791,596,Western blot,20204284
mirnet-hsa-661,hsa-mir-181a,MIMAT0000256,PLAG1,ENSG00000181690,5324,other,19692702
mirnet-hsa-662,hsa-mir-181a,MIMAT0000256,ESR1,ENSG00000091831,2099,other,19684618
mirnet-hsa-663,hsa-mir-181a,MIMAT0000256,CDX2,ENSG00000165556,1045,Western blot,19585654
mirnet-hsa-664,hsa-mir-181a,MIMAT0000256,GATA6,ENSG00000141448,2627,Western blot,19585654
mirnet-hsa-665,hsa-mir-181a,MIMAT0000256,NLK,ENSG00000087095,51701,Western blot,19585654
mirnet-hsa-666,hsa-mir-181b,MIMAT0000257,TCL1A,ENSG00000100721,8115,Western blot,17178851
mirnet-hsa-667,hsa-mir-181b,MIMAT0000257,VSNL1,ENSG00000163032,7447,other,18184693
mirnet-hsa-668,hsa-mir-181b,MIMAT0000257,GRIA2,ENSG00000120251,2891,other,18184693
mirnet-hsa-669,hsa-mir-181b,MIMAT0000257,TAF6L,ENSG00000162227,10629,other,18728182
mirnet-hsa-670,hsa-mir-181b,MIMAT0000257,PLAG1,ENSG00000181690,5324,other,19692702
mirnet-hsa-671,hsa-mir-181b,MIMAT0000257,ESR1,ENSG00000091831,2099,other,19684618
mirnet-hsa-672,hsa-mir-181b,MIMAT0000257,CDX2,ENSG00000165556,1045,Western blot,19585654
mirnet-hsa-673,hsa-mir-181b,MIMAT0000257,GATA6,ENSG00000141448,2627,Western blot,19585654
mirnet-hsa-674,hsa-mir-181b,MIMAT0000257,NLK,ENSG00000087095,51701,Western blot,19585654
mirnet-hsa-675,hsa-mir-181b,MIMAT0000257,TIMP3,ENSG00000100234,7078,Western blot,22009755
mirnet-hsa-676,hsa-mir-181c,MIMAT0000258,NOTCH4,ENSG00000204301,4855,Western blot,20080834
mirnet-hsa-677,hsa-mir-181c,MIMAT0000258,NOTCH4,ENSG00000223355,4855,Western blot,20080834
mirnet-hsa-678,hsa-mir-181c,MIMAT0000258,NOTCH4,ENSG00000206312,4855,Western blot,20080834
mirnet-hsa-679,hsa-mir-181c,MIMAT0000258,NOTCH4,ENSG00000235396,4855,Western blot,20080834
mirnet-hsa-680,hsa-mir-181c,MIMAT0000258,NOTCH4,ENSG00000238196,4855,Western blot,20080834
mirnet-hsa-681,hsa-mir-181c,MIMAT0000258,NOTCH4,ENSG00000234876,4855,Western blot,20080834
mirnet-hsa-682,hsa-mir-181c,MIMAT0000258,NOTCH4,ENSG00000232339,4855,Western blot,20080834
mirnet-hsa-683,hsa-mir-181c,MIMAT0000258,KRAS,ENSG00000133703,3845,other,20080834
mirnet-hsa-684,hsa-mir-181c,MIMAT0000258,CDX2,ENSG00000165556,1045,Western blot,19585654
mirnet-hsa-685,hsa-mir-181c,MIMAT0000258,GATA6,ENSG00000141448,2627,Western blot,19585654
mirnet-hsa-686,hsa-mir-181c,MIMAT0000258,NLK,ENSG00000087095,51701,Western blot,19585654
mirnet-hsa-687,hsa-mir-182,MIMAT0000259,ADCY6,ENSG00000174233,112,other,17597072
mirnet-hsa-688,hsa-mir-182,MIMAT0000259,MITF,ENSG00000187098,4286,other,17597072
mirnet-hsa-689,hsa-mir-182,MIMAT0000259,RARG,ENSG00000172819,5916,Western blot,19782699
mirnet-hsa-690,hsa-mir-182,MIMAT0000259,IGF-IR,NA,NA,Western blot,19502786
mirnet-hsa-691,hsa-mir-183,MIMAT0000261,EZR,ENSG00000092820,7430,Western blot,18840437
mirnet-hsa-692,hsa-mir-183,MIMAT0000261,KRTAP3-2,ENSG00000212900,83897,other,18840437
mirnet-hsa-693,hsa-mir-183,MIMAT0000261,KRTAP3-2,ENSG00000263296,83897,other,18840437
mirnet-hsa-694,hsa-mir-183,MIMAT0000261,RUNX1T1,ENSG00000079102,862,other,18840437
mirnet-hsa-695,hsa-mir-183,MIMAT0000261,FOXO1,ENSG00000150907,2308,Western blot,20028871
mirnet-hsa-696,hsa-mir-183,MIMAT0000261,BTRC,ENSG00000166167,8945,Western blot,19647520
mirnet-hsa-697,hsa-mir-199b-5p,MIMAT0000263,LAMC2,ENSG00000058085,3918,other,15131085
mirnet-hsa-698,hsa-mir-199b-5p,MIMAT0000263,SET,ENSG00000119335,6418,Western blot,19900756
mirnet-hsa-699,hsa-mir-199b-5p,MIMAT0000263,Dyrk1a,NA,NA,other,21102440
mirnet-hsa-700,hsa-mir-199b-5p,MIMAT0000263,Axl,NA,NA,other,21317930
mirnet-hsa-701,hsa-mir-203,MIMAT0000264,SOCS3,ENSG00000184557,9021,other,17622355
mirnet-hsa-702,hsa-mir-203,MIMAT0000264,TP63,ENSG00000073282,8626,other,18483491
mirnet-hsa-703,hsa-mir-203,MIMAT0000264,ABL1,ENSG00000097007,25,immunoblotting,18538733
mirnet-hsa-704,hsa-mir-204,MIMAT0000265,SPDEF,ENSG00000124664,25803,other,18922924
mirnet-hsa-705,hsa-mir-204,MIMAT0000265,CTSC,ENSG00000109861,1075,other,20369013
mirnet-hsa-706,hsa-mir-204,MIMAT0000265,MMP3,ENSG00000149968,4314,other,20369013
mirnet-hsa-707,hsa-mir-204,MIMAT0000265,MMP9,ENSG00000100985,4318,other,20369013
mirnet-hsa-708,hsa-mir-204,MIMAT0000265,BMP1,ENSG00000168487,649,other,20369013
mirnet-hsa-709,hsa-mir-204,MIMAT0000265,CDH11,ENSG00000140937,1009,other,20369013
mirnet-hsa-710,hsa-mir-204,MIMAT0000265,ARPC1B,ENSG00000130429,10095,other,20369013
mirnet-hsa-711,hsa-mir-204,MIMAT0000265,ITGB4,ENSG00000132470,3691,other,20369013
mirnet-hsa-712,hsa-mir-204,MIMAT0000265,SHC1,ENSG00000160691,6464,other,20369013
mirnet-hsa-713,hsa-mir-204,MIMAT0000265,EFNB1,ENSG00000090776,1947,other,20369013
mirnet-hsa-714,hsa-mir-204,MIMAT0000265,CDC25B,ENSG00000101224,994,other,20369013
mirnet-hsa-715,hsa-mir-204,MIMAT0000265,AURKB,ENSG00000178999,9212,other,20369013
mirnet-hsa-716,hsa-mir-204,MIMAT0000265,ERF,ENSG00000105722,2077,other,20369013
mirnet-hsa-717,hsa-mir-204,MIMAT0000265,HOXB7,ENSG00000260027,3217,other,20369013
mirnet-hsa-718,hsa-mir-204,MIMAT0000265,SOX4,ENSG00000124766,6659,other,20369013
mirnet-hsa-719,hsa-mir-204,MIMAT0000265,HMGA2,ENSG00000149948,8091,other,20369013
mirnet-hsa-720,hsa-mir-204,MIMAT0000265,ATP2B1,ENSG00000070961,490,other,20369013
mirnet-hsa-721,hsa-mir-204,MIMAT0000265,FBN2,ENSG00000138829,2201,other,20369013
mirnet-hsa-722,hsa-mir-204,MIMAT0000265,SPARC,ENSG00000113140,6678,other,20369013
mirnet-hsa-723,hsa-mir-205,MIMAT0000266,ZEB2,ENSG00000169554,9839,other,18376396
mirnet-hsa-724,hsa-mir-205,MIMAT0000266,ZEB1,ENSG00000148516,6935,other,18376396
mirnet-hsa-725,hsa-mir-205,MIMAT0000266,VEGFA,ENSG00000112715,7422,ELISA,18320040
mirnet-hsa-726,hsa-mir-205,MIMAT0000266,INPPL1,ENSG00000165458,3636,other,19033458
mirnet-hsa-727,hsa-mir-205,MIMAT0000266,VEGFA,ENSG00000112715,7422,other,19238171
mirnet-hsa-728,hsa-mir-205,MIMAT0000266,ERBB3,ENSG00000065361,2065,Western blot,19238171
mirnet-hsa-729,hsa-mir-205,MIMAT0000266,ZEB2,ENSG00000169554,9839,other,19244118
mirnet-hsa-730,hsa-mir-205,MIMAT0000266,PRKCE,ENSG00000171132,5581,Immunostaining,19244118
mirnet-hsa-731,hsa-mir-205,MIMAT0000266,ERBB3,ENSG00000065361,2065,Western blot,19276373
mirnet-hsa-732,hsa-mir-205,MIMAT0000266,MED1,ENSG00000125686,5469,Western blot,20065103
mirnet-hsa-733,hsa-mir-210,MIMAT0000267,EFNA3,ENSG00000143590,1944,Western blot,18417479
mirnet-hsa-734,hsa-mir-210,MIMAT0000267,MNT,ENSG00000070444,4335,Western blot,19652553
mirnet-hsa-735,hsa-mir-210,MIMAT0000267,CASP8AP2,ENSG00000118412,9994,other,19721136
mirnet-hsa-736,hsa-mir-210,MIMAT0000267,CASP8AP2,ENSG00000288475,9994,other,19721136
mirnet-hsa-737,hsa-mir-210,MIMAT0000267,VMP1,ENSG00000062716,81671,Western blot,22144109
mirnet-hsa-738,hsa-mir-212,MIMAT0000269,TJP1,ENSG00000104067,7082,Western blot,18162065
mirnet-hsa-739,hsa-mir-212,MIMAT0000269,TJP1,ENSG00000277401,7082,Western blot,18162065
mirnet-hsa-740,hsa-mir-214,MIMAT0000271,PTEN,ENSG00000171862,5728,Western blot,18199536
mirnet-hsa-741,hsa-mir-214,MIMAT0000271,PTEN,ENSG00000284792,5728,Western blot,18199536
mirnet-hsa-742,hsa-mir-214,MIMAT0000271,ZBTB20,ENSG00000181722,26137,other,21654638
mirnet-hsa-743,hsa-mir-215,MIMAT0000272,DHFR,ENSG00000228716,1719,Western blot,20433742
mirnet-hsa-744,hsa-mir-215,MIMAT0000272,TYMS,ENSG00000176890,7298,Western blot,20433742
mirnet-hsa-745,hsa-mir-215,MIMAT0000272,DTL,ENSG00000143476,51514,Western blot,20433742
mirnet-hsa-746,hsa-mir-215,MIMAT0000272,WNK1,ENSG00000060237,65125,Western blot,20813867
mirnet-hsa-747,hsa-mir-217,MIMAT0000274,NR4A2,ENSG00000153234,4929,other,19885849
mirnet-hsa-748,hsa-mir-217,MIMAT0000274,IRS1,ENSG00000169047,3667,Western blot,19502786
mirnet-hsa-749,hsa-mir-217,MIMAT0000274,KRAS,ENSG00000133703,3845,Western blot,20675343
mirnet-hsa-750,hsa-mir-218,MIMAT0000275,LAMB3,ENSG00000196878,3914,other,17998940
mirnet-hsa-751,hsa-mir-218,MIMAT0000275,ECOP,NA,NA,N/A,19168627
mirnet-hsa-752,hsa-mir-218,MIMAT0000275,NACC1,ENSG00000160877,112939,N/A,19168627
mirnet-hsa-753,hsa-mir-218,MIMAT0000275,LASP1,ENSG00000002834,3927,N/A,19168627
mirnet-hsa-754,hsa-mir-218,MIMAT0000275,MAFG,ENSG00000197063,4097,N/A,19168627
mirnet-hsa-755,hsa-mir-218,MIMAT0000275,NFE2L1,ENSG00000082641,4779,N/A,19168627
mirnet-hsa-756,hsa-mir-218,MIMAT0000275,COL1A1,ENSG00000108821,1277,Western blot,19913496
mirnet-hsa-757,hsa-mir-218,MIMAT0000275,SP1,ENSG00000185591,6667,Western blot,19913496
mirnet-hsa-758,hsa-mir-218,MIMAT0000275,ECOP,NA,NA,other,19890957
mirnet-hsa-759,hsa-mir-221,MIMAT0000278,KIT,ENSG00000157404,3815,Western blot,16330772
mirnet-hsa-760,hsa-mir-221,MIMAT0000278,CDKN1B,ENSG00000111276,1027,other,18155131
mirnet-hsa-761,hsa-mir-221,MIMAT0000278,CDKN1B,ENSG00000111276,1027,Western blot,17721077
mirnet-hsa-762,hsa-mir-221,MIMAT0000278,CDKN1B,ENSG00000111276,1027,Western blot,18413744
mirnet-hsa-763,hsa-mir-221,MIMAT0000278,CDKN1C,ENSG00000129757,1028,Western blot,18413744
mirnet-hsa-764,hsa-mir-221,MIMAT0000278,CDKN1C,ENSG00000273707,1028,Western blot,18413744
mirnet-hsa-765,hsa-mir-221,MIMAT0000278,CDKN1B,ENSG00000111276,1027,Western blot,18417445
mirnet-hsa-766,hsa-mir-221,MIMAT0000278,CDKN1B,ENSG00000111276,1027,Western blot,17569667
mirnet-hsa-767,hsa-mir-221,MIMAT0000278,CDKN1B,ENSG00000111276,1027,Western blot,17627278
mirnet-hsa-768,hsa-mir-221,MIMAT0000278,CDKN1C,ENSG00000129757,1028,other,18521080
mirnet-hsa-769,hsa-mir-221,MIMAT0000278,CDKN1C,ENSG00000273707,1028,other,18521080
mirnet-hsa-770,hsa-mir-221,MIMAT0000278,ESR1,ENSG00000091831,2099,Western blot,18790736
mirnet-hsa-771,hsa-mir-221,MIMAT0000278,CDKN1B,ENSG00000111276,1027,Western blot,18708351
mirnet-hsa-772,hsa-mir-221,MIMAT0000278,CDKN1B,ENSG00000111276,1027,Western blot,19107213
mirnet-hsa-773,hsa-mir-221,MIMAT0000278,KIT,ENSG00000157404,3815,Western blot,19126397
mirnet-hsa-774,hsa-mir-221,MIMAT0000278,FOS,ENSG00000170345,2353,other,20299489
mirnet-hsa-775,hsa-mir-221,MIMAT0000278,DDIT4,ENSG00000168209,54541,Western blot,20018759
mirnet-hsa-776,hsa-mir-221,MIMAT0000278,BNIP3L,ENSG00000104765,665,Western blot,20018759
mirnet-hsa-777,hsa-mir-221,MIMAT0000278,TBK1,ENSG00000183735,29110,Western blot,20018759
mirnet-hsa-778,hsa-mir-221,MIMAT0000278,ICAM1,ENSG00000090339,3383,Western blot,20110463
mirnet-hsa-779,hsa-mir-221,MIMAT0000278,BMF,ENSG00000104081,90427,Western blot,19671867
mirnet-hsa-780,hsa-mir-221,MIMAT0000278,BIM,NA,NA,other,19438724
mirnet-hsa-781,hsa-mir-221,MIMAT0000278,PIK3R1,ENSG00000145675,5295,Western blot,20505758
mirnet-hsa-782,hsa-mir-221,MIMAT0000278,BBC3,ENSG00000105327,27113,Western blot,20813046
mirnet-hsa-783,hsa-mir-221,MIMAT0000278,PTEN,ENSG00000171862,5728,Western blot,20618998
mirnet-hsa-784,hsa-mir-221,MIMAT0000278,PTEN,ENSG00000284792,5728,Western blot,20618998
mirnet-hsa-785,hsa-mir-221,MIMAT0000278,p27,NA,NA,Western blot,21226887
mirnet-hsa-786,hsa-mir-221,MIMAT0000278,CDKN1C,ENSG00000129757,1028,Western blot,21226887
mirnet-hsa-787,hsa-mir-221,MIMAT0000278,CDKN1C,ENSG00000273707,1028,Western blot,21226887
mirnet-hsa-788,hsa-mir-221,MIMAT0000278,TIMP3,ENSG00000100234,7078,Western blot,22009755
mirnet-hsa-789,hsa-mir-222,MIMAT0000279,KIT,ENSG00000157404,3815,Western blot,16330772
mirnet-hsa-790,hsa-mir-222,MIMAT0000279,CDKN1B,ENSG00000111276,1027,Western blot,17721077
mirnet-hsa-791,hsa-mir-222,MIMAT0000279,CDKN1B,ENSG00000111276,1027,Western blot,18413744
mirnet-hsa-792,hsa-mir-222,MIMAT0000279,CDKN1C,ENSG00000129757,1028,Western blot,18413744
mirnet-hsa-793,hsa-mir-222,MIMAT0000279,CDKN1C,ENSG00000273707,1028,Western blot,18413744
mirnet-hsa-794,hsa-mir-222,MIMAT0000279,CDKN1B,ENSG00000111276,1027,Western blot,18417445
mirnet-hsa-795,hsa-mir-222,MIMAT0000279,CDKN1B,ENSG00000111276,1027,Western blot,17569667
mirnet-hsa-796,hsa-mir-222,MIMAT0000279,ESR1,ENSG00000091831,2099,Western blot,18790736
mirnet-hsa-797,hsa-mir-222,MIMAT0000279,CDKN1B,ENSG00000111276,1027,Western blot,18708351
mirnet-hsa-798,hsa-mir-222,MIMAT0000279,CDKN1B,ENSG00000111276,1027,Western blot,19107216
mirnet-hsa-799,hsa-mir-222,MIMAT0000279,FOS,ENSG00000170345,2353,other,20299489
mirnet-hsa-800,hsa-mir-222,MIMAT0000279,PPP2R2A,ENSG00000221914,5520,Western blot,20103675
mirnet-hsa-801,hsa-mir-222,MIMAT0000279,CDKN1C,ENSG00000129757,1028,Western blot,19589872
mirnet-hsa-802,hsa-mir-222,MIMAT0000279,CDKN1C,ENSG00000273707,1028,Western blot,19589872
mirnet-hsa-803,hsa-mir-222,MIMAT0000279,MMP1,ENSG00000196611,4312,Western blot,19487542
mirnet-hsa-804,hsa-mir-222,MIMAT0000279,SOD2,ENSG00000112096,6648,Western blot,19487542
mirnet-hsa-805,hsa-mir-222,MIMAT0000279,SOD2,ENSG00000285441,6648,Western blot,19487542
mirnet-hsa-806,hsa-mir-222,MIMAT0000279,BIM,NA,NA,other,19438724
mirnet-hsa-807,hsa-mir-222,MIMAT0000279,BBC3,ENSG00000105327,27113,Western blot,20813046
mirnet-hsa-808,hsa-mir-222,MIMAT0000279,STAT5A,ENSG00000126561,6776,Western blot,20489169
mirnet-hsa-809,hsa-mir-222,MIMAT0000279,PTEN,ENSG00000171862,5728,Western blot,20618998
mirnet-hsa-810,hsa-mir-222,MIMAT0000279,PTEN,ENSG00000284792,5728,Western blot,20618998
mirnet-hsa-811,hsa-mir-222,MIMAT0000279,p27,NA,NA,Western blot,21226887
mirnet-hsa-812,hsa-mir-222,MIMAT0000279,TIMP3,ENSG00000100234,7078,Western blot,22009755
mirnet-hsa-813,hsa-mir-223,MIMAT0000280,NFIA,ENSG00000162599,4774,other,16325577
mirnet-hsa-814,hsa-mir-223,MIMAT0000280,LMO2,ENSG00000135363,4005,Western blot,19017354
mirnet-hsa-815,hsa-mir-223,MIMAT0000280,LMO2,ENSG00000135363,4005,Western blot,19278969
mirnet-hsa-816,hsa-mir-223,MIMAT0000280,STMN1,ENSG00000117632,3925,other,18555017
mirnet-hsa-817,hsa-mir-223,MIMAT0000280,RHOB,ENSG00000143878,388,Western blot,19850724
mirnet-hsa-818,hsa-mir-223,MIMAT0000280,IRS1,ENSG00000169047,3667,Western blot,19502786
mirnet-hsa-819,hsa-mir-223,MIMAT0000280,FBXW7,ENSG00000109670,55294,Western blot,20826802
mirnet-hsa-820,hsa-mir-223,MIMAT0000280,EPB41L3,ENSG00000082397,23136,Western blot,21628394
mirnet-hsa-821,hsa-mir-224,MIMAT0000281,API5,ENSG00000166181,8539,other,18319255
mirnet-hsa-822,hsa-mir-224,MIMAT0000281,KLK10,ENSG00000129451,5655,Western blot,20354523
mirnet-hsa-823,hsa-mir-224,MIMAT0000281,KLK1,ENSG00000167748,3816,ELISA,20180642
mirnet-hsa-824,hsa-mir-224,MIMAT0000281,AP2M1,ENSG00000161203,1173,other,20065103
mirnet-hsa-825,hsa-mir-200b,MIMAT0000318,ZEB1,ENSG00000148516,6935,other,18376396
mirnet-hsa-826,hsa-mir-200b,MIMAT0000318,ZEB2,ENSG00000169554,9839,other,18376396
mirnet-hsa-827,hsa-mir-200b,MIMAT0000318,RERE,ENSG00000142599,473,other,17923093
mirnet-hsa-828,hsa-mir-200b,MIMAT0000318,ZEB2,ENSG00000169554,9839,other,20037478
mirnet-hsa-829,hsa-mir-200b,MIMAT0000318,FOG2,NA,NA,other,20005803
mirnet-hsa-830,hsa-mir-200b,MIMAT0000318,ERBB2IP,NA,NA,other,20005803
mirnet-hsa-831,hsa-mir-200b,MIMAT0000318,BAP1,ENSG00000163930,8314,other,20005803
mirnet-hsa-832,hsa-mir-200b,MIMAT0000318,KLHL20,ENSG00000076321,27252,other,20005803
mirnet-hsa-833,hsa-mir-200b,MIMAT0000318,PTPRD,ENSG00000153707,5789,other,20005803
mirnet-hsa-834,hsa-mir-200b,MIMAT0000318,PTPRD,ENSG00000282932,5789,other,20005803
mirnet-hsa-835,hsa-mir-200b,MIMAT0000318,ELMO2,ENSG00000062598,63916,other,20005803
mirnet-hsa-836,hsa-mir-200b,MIMAT0000318,WDR37,ENSG00000047056,22884,other,20005803
mirnet-hsa-837,hsa-mir-200b,MIMAT0000318,ERRFI1,ENSG00000116285,54206,other,19671845
mirnet-hsa-838,hsa-mir-200b,MIMAT0000318,WAVE3,NA,NA,other,19801681
mirnet-hsa-839,hsa-mir-200b,MIMAT0000318,BMI1,ENSG00000168283,648,Western blot,21725369
mirnet-hsa-840,hsa-let-7i,MIMAT0000415,TLR4,ENSG00000136869,7099,Western blot,17660297
mirnet-hsa-841,hsa-let-7i,MIMAT0000415,BMP2K,ENSG00000138756,55589,other,19939273
mirnet-hsa-842,hsa-let-7i,MIMAT0000415,DAD1,ENSG00000129562,1603,other,19939273
mirnet-hsa-843,hsa-let-7i,MIMAT0000415,EIF4G2,ENSG00000110321,1982,other,19939273
mirnet-hsa-844,hsa-let-7i,MIMAT0000415,FANCD2,ENSG00000144554,2177,other,19939273
mirnet-hsa-845,hsa-mir-1,MIMAT0000416,G6PD,ENSG00000160211,2539,other,14697198
mirnet-hsa-846,hsa-mir-1,MIMAT0000416,BDNF,ENSG00000176697,627,other,14697198
mirnet-hsa-847,hsa-mir-1,MIMAT0000416,KCNJ2,ENSG00000123700,3759,other,17401374
mirnet-hsa-848,hsa-mir-1,MIMAT0000416,GJA1,ENSG00000152661,2697,other,17401374
mirnet-hsa-849,hsa-mir-1,MIMAT0000416,KCNE1,ENSG00000180509,3753,Western blot,17443681
mirnet-hsa-850,hsa-mir-1,MIMAT0000416,HSPD1,ENSG00000144381,3329,other,17715156
mirnet-hsa-851,hsa-mir-1,MIMAT0000416,HSPA1A,ENSG00000204389,3303,other,17715156
mirnet-hsa-852,hsa-mir-1,MIMAT0000416,HSPA1A,ENSG00000237724,3303,other,17715156
mirnet-hsa-853,hsa-mir-1,MIMAT0000416,HSPA1A,ENSG00000235941,3303,other,17715156
mirnet-hsa-854,hsa-mir-1,MIMAT0000416,HSPA1A,ENSG00000215328,3303,other,17715156
mirnet-hsa-855,hsa-mir-1,MIMAT0000416,HSPA1A,ENSG00000234475,3303,other,17715156
mirnet-hsa-856,hsa-mir-1,MIMAT0000416,TWF1,ENSG00000151239,5756,other,15685193
mirnet-hsa-857,hsa-mir-1,MIMAT0000416,UHMK1,ENSG00000152332,127933,other,15685193
mirnet-hsa-858,hsa-mir-1,MIMAT0000416,ARF4,ENSG00000168374,378,other,15685193
mirnet-hsa-859,hsa-mir-1,MIMAT0000416,FAM81A,ENSG00000157470,145773,other,15685193
mirnet-hsa-860,hsa-mir-1,MIMAT0000416,SFRS9,NA,NA,other,15685193
mirnet-hsa-861,hsa-mir-1,MIMAT0000416,ADAR,ENSG00000160710,103,other,15685193
mirnet-hsa-862,hsa-mir-1,MIMAT0000416,MTX1,ENSG00000173171,4580,other,15685193
mirnet-hsa-863,hsa-mir-1,MIMAT0000416,ISY1,ENSG00000240682,57461,other,15685193
mirnet-hsa-864,hsa-mir-1,MIMAT0000416,ACPL2,NA,NA,other,15685193
mirnet-hsa-865,hsa-mir-1,MIMAT0000416,GNPDA2,ENSG00000163281,132789,other,15685193
mirnet-hsa-866,hsa-mir-1,MIMAT0000416,NETO2,ENSG00000171208,81831,other,15685193
mirnet-hsa-867,hsa-mir-1,MIMAT0000416,MMD,ENSG00000108960,23531,other,15685193
mirnet-hsa-868,hsa-mir-1,MIMAT0000416,LOC51685,NA,NA,other,15685193
mirnet-hsa-869,hsa-mir-1,MIMAT0000416,RAB11FIP2,ENSG00000107560,22841,other,15685193
mirnet-hsa-870,hsa-mir-1,MIMAT0000416,UST,ENSG00000111962,10090,other,15685193
mirnet-hsa-871,hsa-mir-1,MIMAT0000416,RBM47,ENSG00000163694,54502,other,15685193
mirnet-hsa-872,hsa-mir-1,MIMAT0000416,HPS4,ENSG00000100099,89781,other,15685193
mirnet-hsa-873,hsa-mir-1,MIMAT0000416,LASP1,ENSG00000002834,3927,other,15685193
mirnet-hsa-874,hsa-mir-1,MIMAT0000416,TIMP3,ENSG00000100234,7078,other,15685193
mirnet-hsa-875,hsa-mir-1,MIMAT0000416,SERP1,ENSG00000120742,27230,other,15685193
mirnet-hsa-876,hsa-mir-1,MIMAT0000416,ANKIB1,ENSG00000001629,54467,other,15685193
mirnet-hsa-877,hsa-mir-1,MIMAT0000416,TH1L,NA,NA,other,15685193
mirnet-hsa-878,hsa-mir-1,MIMAT0000416,KIF2A,ENSG00000068796,3796,other,15685193
mirnet-hsa-879,hsa-mir-1,MIMAT0000416,INPP5F,ENSG00000198825,22876,other,15685193
mirnet-hsa-880,hsa-mir-1,MIMAT0000416,ARHGEF18,ENSG00000104880,23370,other,15685193
mirnet-hsa-881,hsa-mir-1,MIMAT0000416,ARHGEF18,ENSG00000268861,23370,other,15685193
mirnet-hsa-882,hsa-mir-1,MIMAT0000416,LOC220963,NA,NA,other,15685193
mirnet-hsa-883,hsa-mir-1,MIMAT0000416,DDX5,ENSG00000108654,1655,other,15685193
mirnet-hsa-884,hsa-mir-1,MIMAT0000416,CAP1,ENSG00000131236,10487,other,15685193
mirnet-hsa-885,hsa-mir-1,MIMAT0000416,RABGAP1L,ENSG00000152061,9910,other,15685193
mirnet-hsa-886,hsa-mir-1,MIMAT0000416,IFT52,ENSG00000101052,51098,other,15685193
mirnet-hsa-887,hsa-mir-1,MIMAT0000416,IHPK2,NA,NA,other,15685193
mirnet-hsa-888,hsa-mir-1,MIMAT0000416,SDC4,ENSG00000124145,6385,other,15685193
mirnet-hsa-889,hsa-mir-1,MIMAT0000416,H3F3B,NA,NA,other,15685193
mirnet-hsa-890,hsa-mir-1,MIMAT0000416,LIN7C,ENSG00000148943,55327,other,15685193
mirnet-hsa-891,hsa-mir-1,MIMAT0000416,RABL2A,ENSG00000144134,11159,other,15685193
mirnet-hsa-892,hsa-mir-1,MIMAT0000416,C12orf49,ENSG00000111412,79794,other,15685193
mirnet-hsa-893,hsa-mir-1,MIMAT0000416,KIAA1340,NA,NA,other,15685193
mirnet-hsa-894,hsa-mir-1,MIMAT0000416,CHST11,ENSG00000171310,50515,other,15685193
mirnet-hsa-895,hsa-mir-1,MIMAT0000416,TAGLN2,ENSG00000158710,8407,other,15685193
mirnet-hsa-896,hsa-mir-1,MIMAT0000416,RNF138,ENSG00000134758,51444,other,15685193
mirnet-hsa-897,hsa-mir-1,MIMAT0000416,SRXN1,ENSG00000271303,140809,other,15685193
mirnet-hsa-898,hsa-mir-1,MIMAT0000416,PDCD4,ENSG00000150593,27250,other,15685193
mirnet-hsa-899,hsa-mir-1,MIMAT0000416,MTMR12,ENSG00000150712,54545,other,15685193
mirnet-hsa-900,hsa-mir-1,MIMAT0000416,PREX1,ENSG00000124126,57580,other,15685193
mirnet-hsa-901,hsa-mir-1,MIMAT0000416,TPM4,ENSG00000167460,7171,other,15685193
mirnet-hsa-902,hsa-mir-1,MIMAT0000416,NP,NA,NA,other,15685193
mirnet-hsa-903,hsa-mir-1,MIMAT0000416,TDP1,ENSG00000042088,55775,other,15685193
mirnet-hsa-904,hsa-mir-1,MIMAT0000416,ANKRD29,ENSG00000154065,147463,other,15685193
mirnet-hsa-905,hsa-mir-1,MIMAT0000416,CAND1,ENSG00000111530,55832,other,15685193
mirnet-hsa-906,hsa-mir-1,MIMAT0000416,SLC25A30,ENSG00000174032,253512,other,15685193
mirnet-hsa-907,hsa-mir-1,MIMAT0000416,SERPINB5,ENSG00000206075,5268,other,15685193
mirnet-hsa-908,hsa-mir-1,MIMAT0000416,SLC44A1,ENSG00000070214,23446,other,15685193
mirnet-hsa-909,hsa-mir-1,MIMAT0000416,LRRC8,NA,NA,other,15685193
mirnet-hsa-910,hsa-mir-1,MIMAT0000416,CNOT6,ENSG00000113300,57472,other,15685193
mirnet-hsa-911,hsa-mir-1,MIMAT0000416,GCH1,ENSG00000131979,2643,other,15685193
mirnet-hsa-913,hsa-mir-1,MIMAT0000416,HIST1H3I,NA,NA,other,15685193
mirnet-hsa-914,hsa-mir-1,MIMAT0000416,XPNPEP3,ENSG00000196236,63929,other,15685193
mirnet-hsa-915,hsa-mir-1,MIMAT0000416,MGC27345,NA,NA,other,15685193
mirnet-hsa-916,hsa-mir-1,MIMAT0000416,CHSY1,ENSG00000131873,22856,other,15685193
mirnet-hsa-917,hsa-mir-1,MIMAT0000416,TRAPPC3,ENSG00000054116,27095,other,15685193
mirnet-hsa-918,hsa-mir-1,MIMAT0000416,PGM2,ENSG00000169299,55276,other,15685193
mirnet-hsa-919,hsa-mir-1,MIMAT0000416,EML4,ENSG00000143924,27436,other,15685193
mirnet-hsa-920,hsa-mir-1,MIMAT0000416,FAM57A,NA,NA,other,15685193
mirnet-hsa-921,hsa-mir-1,MIMAT0000416,TNS4,ENSG00000131746,84951,other,15685193
mirnet-hsa-922,hsa-mir-1,MIMAT0000416,KIAA1598,NA,NA,other,15685193
mirnet-hsa-923,hsa-mir-1,MIMAT0000416,MXD4,ENSG00000123933,10608,other,15685193
mirnet-hsa-924,hsa-mir-1,MIMAT0000416,BLCAP,ENSG00000166619,10904,other,15685193
mirnet-hsa-925,hsa-mir-1,MIMAT0000416,POGK,ENSG00000143157,57645,other,15685193
mirnet-hsa-926,hsa-mir-1,MIMAT0000416,AXL,ENSG00000167601,558,other,15685193
mirnet-hsa-927,hsa-mir-1,MIMAT0000416,C1orf96,NA,NA,other,15685193
mirnet-hsa-928,hsa-mir-1,MIMAT0000416,POM121,ENSG00000196313,9883,other,15685193
mirnet-hsa-929,hsa-mir-1,MIMAT0000416,PLEKHB2,ENSG00000115762,55041,other,15685193
mirnet-hsa-930,hsa-mir-1,MIMAT0000416,LASS2,NA,NA,other,15685193
mirnet-hsa-931,hsa-mir-1,MIMAT0000416,FBLN2,ENSG00000163520,2199,other,15685193
mirnet-hsa-932,hsa-mir-1,MIMAT0000416,ARCN1,ENSG00000095139,372,other,15685193
mirnet-hsa-933,hsa-mir-1,MIMAT0000416,KIAA0370,NA,NA,other,15685193
mirnet-hsa-934,hsa-mir-1,MIMAT0000416,RABL2B,ENSG00000079974,11158,other,15685193
mirnet-hsa-935,hsa-mir-1,MIMAT0000416,CLG,NA,NA,other,15685193
mirnet-hsa-936,hsa-mir-1,MIMAT0000416,TRIM2,ENSG00000109654,23321,other,15685193
mirnet-hsa-937,hsa-mir-1,MIMAT0000416,SH2D4A,ENSG00000104611,63898,other,15685193
mirnet-hsa-938,hsa-mir-1,MIMAT0000416,HIST1H3B,NA,NA,other,15685193
mirnet-hsa-939,hsa-mir-1,MIMAT0000416,PFTK1,NA,NA,other,15685193
mirnet-hsa-940,hsa-mir-1,MIMAT0000416,ARHGAP29,ENSG00000137962,9411,other,15685193
mirnet-hsa-941,hsa-mir-1,MIMAT0000416,OSBPL7,ENSG00000006025,114881,other,15685193
mirnet-hsa-942,hsa-mir-1,MIMAT0000416,ARF3,ENSG00000134287,377,other,15685193
mirnet-hsa-943,hsa-mir-1,MIMAT0000416,LZTFL1,ENSG00000163818,54585,other,15685193
mirnet-hsa-944,hsa-mir-1,MIMAT0000416,DHX15,ENSG00000109606,1665,other,15685193
mirnet-hsa-945,hsa-mir-1,MIMAT0000416,EPB41L4B,ENSG00000095203,54566,other,15685193
mirnet-hsa-946,hsa-mir-1,MIMAT0000416,POLR2K,ENSG00000147669,5440,other,15685193
mirnet-hsa-947,hsa-mir-1,MIMAT0000416,CLCN3,ENSG00000109572,1182,other,15685193
mirnet-hsa-948,hsa-mir-1,MIMAT0000416,OAT,ENSG00000065154,4942,other,15685193
mirnet-hsa-949,hsa-mir-1,MIMAT0000416,C2orf3,NA,NA,other,15685193
mirnet-hsa-950,hsa-mir-1,MIMAT0000416,C1orf56,ENSG00000143443,54964,other,15685193
mirnet-hsa-951,hsa-mir-1,MIMAT0000416,ZNF264,ENSG00000083844,9422,other,15685193
mirnet-hsa-952,hsa-mir-1,MIMAT0000416,TSPAN4,ENSG00000214063,7106,other,15685193
mirnet-hsa-953,hsa-mir-1,MIMAT0000416,GJA1,ENSG00000152661,2697,other,18155131
mirnet-hsa-954,hsa-mir-1,MIMAT0000416,HCN2,ENSG00000099822,610,Western blot,18458081
mirnet-hsa-955,hsa-mir-1,MIMAT0000416,HCN4,ENSG00000138622,10021,Western blot,18458081
mirnet-hsa-956,hsa-mir-1,MIMAT0000416,MET,ENSG00000105976,4233,Western blot,18818206
mirnet-hsa-957,hsa-mir-1,MIMAT0000416,FoxP1,NA,NA,Western blot,18818206
mirnet-hsa-958,hsa-mir-1,MIMAT0000416,HDAC4,ENSG00000068024,9759,Western blot,18818206
mirnet-hsa-959,hsa-mir-1,MIMAT0000416,PIM1,ENSG00000137193,5292,Western blot,18818206
mirnet-hsa-960,hsa-mir-1,MIMAT0000416,CNN3,ENSG00000117519,1266,other,20144220
mirnet-hsa-961,hsa-mir-1,MIMAT0000416,LARP4,ENSG00000161813,113251,other,20144220
mirnet-hsa-962,hsa-mir-1,MIMAT0000416,TAGLN2,ENSG00000158710,8407,other,20144220
mirnet-hsa-963,hsa-mir-1,MIMAT0000416,ATP6V1B2,ENSG00000147416,526,other,20144220
mirnet-hsa-964,hsa-mir-1,MIMAT0000416,MET,ENSG00000105976,4233,other,19710019
mirnet-hsa-965,hsa-mir-1,MIMAT0000416,BCL2,ENSG00000171791,596,Western blot,19506341
mirnet-hsa-966,hsa-mir-1,MIMAT0000416,Pim,NA,NA,Western blot,21051663
mirnet-hsa-967,hsa-mir-15b,MIMAT0000417,BCL2,ENSG00000171791,596,Western blot,18449891
mirnet-hsa-968,hsa-mir-15b,MIMAT0000417,CCNE1,ENSG00000105173,898,other,19135980
mirnet-hsa-969,hsa-mir-15b,MIMAT0000417,RECK,ENSG00000122707,8434,Western blot,20154725
mirnet-hsa-970,hsa-mir-15b,MIMAT0000417,MKK4,NA,NA,Western blot,19861690
mirnet-hsa-971,hsa-mir-15b,MIMAT0000417,BMI1,ENSG00000168283,648,Western blot,21725369
mirnet-hsa-972,hsa-mir-23b,MIMAT0000418,PLAU,ENSG00000122861,5328,Western blot,19490101
mirnet-hsa-973,hsa-mir-23b,MIMAT0000418,MET,ENSG00000105976,4233,Western blot,19490101
mirnet-hsa-974,hsa-mir-23b,MIMAT0000418,NOTCH1,ENSG00000148400,4851,other,17150773
mirnet-hsa-975,hsa-mir-27b,MIMAT0000419,CYP1B1,ENSG00000138061,1545,Western blot,16982751
mirnet-hsa-976,hsa-mir-27b,MIMAT0000419,PPARG,ENSG00000132170,5468,other,20164187
mirnet-hsa-977,hsa-mir-27b,MIMAT0000419,MMP13,ENSG00000137745,4322,ELISA,20131257
mirnet-hsa-978,hsa-mir-27b,MIMAT0000419,PPARG,ENSG00000132170,5468,other,19800867
mirnet-hsa-979,hsa-mir-27b,MIMAT0000419,ST14,ENSG00000149418,6768,Western blot,19546220
mirnet-hsa-980,hsa-mir-27b,MIMAT0000419,NOTCH1,ENSG00000148400,4851,other,17150773
mirnet-hsa-981,hsa-mir-122,MIMAT0000421,CCNG1,ENSG00000113328,900,Western blot,17616664
mirnet-hsa-982,hsa-mir-122,MIMAT0000421,BCL2L2,ENSG00000129473,599,Western blot,18692484
mirnet-hsa-983,hsa-mir-122,MIMAT0000421,ADAM17,ENSG00000151694,6868,phenotypic analysis of target gene,19296470
mirnet-hsa-984,hsa-mir-122,MIMAT0000421,SLC7A1,ENSG00000139514,6541,other,19296470
mirnet-hsa-985,hsa-mir-122,MIMAT0000421,AKT3,ENSG00000117020,10000,other,19296470
mirnet-hsa-986,hsa-mir-122,MIMAT0000421,AKT3,ENSG00000275199,10000,other,19296470
mirnet-hsa-987,hsa-mir-122,MIMAT0000421,NUMBL,ENSG00000105245,9253,other,19296470
mirnet-hsa-988,hsa-mir-122,MIMAT0000421,FOXJ3,ENSG00000198815,22887,other,19296470
mirnet-hsa-989,hsa-mir-122,MIMAT0000421,XPO6,ENSG00000169180,23214,other,19296470
mirnet-hsa-990,hsa-mir-122,MIMAT0000421,AP3M2,ENSG00000070718,10947,other,19296470
mirnet-hsa-991,hsa-mir-122,MIMAT0000421,G6PC3,ENSG00000141349,92579,other,19296470
mirnet-hsa-992,hsa-mir-122,MIMAT0000421,GALNT10,ENSG00000164574,55568,other,19296470
mirnet-hsa-993,hsa-mir-122,MIMAT0000421,RIPK5,NA,NA,other,19296470
mirnet-hsa-994,hsa-mir-122,MIMAT0000421,TPD52L2,ENSG00000101150,7165,other,19296470
mirnet-hsa-995,hsa-mir-122,MIMAT0000421,FUNDC2,ENSG00000165775,65991,other,19296470
mirnet-hsa-996,hsa-mir-122,MIMAT0000421,MAPK11,ENSG00000185386,5600,other,19296470
mirnet-hsa-997,hsa-mir-122,MIMAT0000421,ALS2CR13,NA,NA,other,19296470
mirnet-hsa-998,hsa-mir-122,MIMAT0000421,BACH2,ENSG00000112182,60468,other,19296470
mirnet-hsa-999,hsa-mir-122,MIMAT0000421,ATP11A,ENSG00000068650,23250,other,19296470
mirnet-hsa-1000,hsa-mir-122,MIMAT0000421,ATP1A2,ENSG00000018625,477,other,19296470
mirnet-hsa-1001,hsa-mir-122,MIMAT0000421,DUSP2,ENSG00000158050,1844,other,19296470
mirnet-hsa-1002,hsa-mir-122,MIMAT0000421,OSMR,ENSG00000145623,9180,other,19296470
mirnet-hsa-1003,hsa-mir-122,MIMAT0000421,RABIF,ENSG00000183155,5877,other,19296470
mirnet-hsa-1004,hsa-mir-122,MIMAT0000421,PALM,ENSG00000099864,5064,other,19296470
mirnet-hsa-1005,hsa-mir-122,MIMAT0000421,AACS,ENSG00000081760,65985,other,19296470
mirnet-hsa-1006,hsa-mir-122,MIMAT0000421,TBX19,ENSG00000143178,9095,other,19296470
mirnet-hsa-1007,hsa-mir-122,MIMAT0000421,UBAP2,ENSG00000137073,55833,other,19296470
mirnet-hsa-1008,hsa-mir-122,MIMAT0000421,EGLN3,ENSG00000129521,112399,other,19296470
mirnet-hsa-1009,hsa-mir-122,MIMAT0000421,NCAM1,ENSG00000149294,4684,other,19296470
mirnet-hsa-1010,hsa-mir-122,MIMAT0000421,MeCP2,NA,NA,other,19296470
mirnet-hsa-1011,hsa-mir-122,MIMAT0000421,CS,ENSG00000062485,1431,other,19296470
mirnet-hsa-1012,hsa-mir-122,MIMAT0000421,FOXP1,ENSG00000114861,27086,other,19296470
mirnet-hsa-1013,hsa-mir-122,MIMAT0000421,RAB11FIP1,ENSG00000156675,80223,other,19296470
mirnet-hsa-1014,hsa-mir-122,MIMAT0000421,RAB6B,ENSG00000154917,51560,other,19296470
mirnet-hsa-1015,hsa-mir-122,MIMAT0000421,TRIB1,ENSG00000173334,10221,other,19296470
mirnet-hsa-1016,hsa-mir-122,MIMAT0000421,TTYH3,ENSG00000136295,80727,other,19296470
mirnet-hsa-1017,hsa-mir-122,MIMAT0000421,ALDOA,ENSG00000149925,226,other,19296470
mirnet-hsa-1018,hsa-mir-122,MIMAT0000421,ANXA11,ENSG00000122359,311,other,19296470
mirnet-hsa-1019,hsa-mir-122,MIMAT0000421,CLDN18,ENSG00000066405,51208,other,19296470
mirnet-hsa-1020,hsa-mir-122,MIMAT0000421,ENTPD4,ENSG00000197217,9583,other,19296470
mirnet-hsa-1021,hsa-mir-122,MIMAT0000421,NFATC2IP,ENSG00000176953,84901,other,19296470
mirnet-hsa-1022,hsa-mir-122,MIMAT0000421,ANK2,ENSG00000145362,287,other,19296470
mirnet-hsa-1023,hsa-mir-122,MIMAT0000421,MEP1A,ENSG00000112818,4224,other,19296470
mirnet-hsa-1024,hsa-mir-122,MIMAT0000421,NFATC1,ENSG00000131196,4772,other,19296470
mirnet-hsa-1025,hsa-mir-122,MIMAT0000421,SLC7A11,ENSG00000151012,23657,other,19296470
mirnet-hsa-1026,hsa-mir-122,MIMAT0000421,PRDXII,NA,NA,Western blot,20859956
mirnet-hsa-1027,hsa-mir-122,MIMAT0000421,CUTL1,NA,NA,Western blot,20842632
mirnet-hsa-1028,hsa-mir-122,MIMAT0000421,MAP3K12,ENSG00000139625,7786,other,20842632
mirnet-hsa-1029,hsa-mir-122,MIMAT0000421,LAMC1,ENSG00000135862,3915,other,20842632
mirnet-hsa-1030,hsa-mir-122,MIMAT0000421,MAP3K3,ENSG00000198909,4215,other,20842632
mirnet-hsa-1031,hsa-mir-122,MIMAT0000421,CLIC4,ENSG00000169504,25932,other,20842632
mirnet-hsa-1032,hsa-mir-122,MIMAT0000421,VAV3,ENSG00000134215,10451,other,20842632
mirnet-hsa-1033,hsa-mir-122,MIMAT0000421,CTCF,ENSG00000102974,10664,other,20842632
mirnet-hsa-1034,hsa-mir-122,MIMAT0000421,MARK1,ENSG00000116141,4139,other,20842632
mirnet-hsa-1035,hsa-mir-122,MIMAT0000421,RAD21,ENSG00000164754,5885,other,20842632
mirnet-hsa-1036,hsa-mir-122,MIMAT0000421,NDRG3,ENSG00000101079,57446,Western blot,21725618
mirnet-hsa-1037,hsa-mir-122,MIMAT0000421,GYS1,ENSG00000104812,2997,other,18073344
mirnet-hsa-1038,hsa-mir-122,MIMAT0000421,GTF2B,ENSG00000137947,2959,other,18073344
mirnet-hsa-1039,hsa-mir-122,MIMAT0000421,SLC7A1,ENSG00000139514,6541,other,18073344
mirnet-hsa-1040,hsa-mir-122,MIMAT0000421,ALDOA,ENSG00000149925,226,other,18073344
mirnet-hsa-1041,hsa-mir-124,MIMAT0000422,CDK6,ENSG00000105810,1021,Western blot,17308079
mirnet-hsa-1042,hsa-mir-124,MIMAT0000422,RDH10,ENSG00000121039,157506,other,17724173
mirnet-hsa-1043,hsa-mir-124,MIMAT0000422,CD164,ENSG00000135535,8763,other,16549876
mirnet-hsa-1044,hsa-mir-124,MIMAT0000422,SLC16A1,ENSG00000155380,6566,other,16549876
mirnet-hsa-1045,hsa-mir-124,MIMAT0000422,SLC16A1,ENSG00000281917,6566,other,16549876
mirnet-hsa-1046,hsa-mir-124,MIMAT0000422,GAS2L1,ENSG00000185340,10634,other,16549876
mirnet-hsa-1047,hsa-mir-124,MIMAT0000422,LAMC1,ENSG00000135862,3915,other,16549876
mirnet-hsa-1048,hsa-mir-124,MIMAT0000422,ACAA2,ENSG00000167315,10449,other,16549876
mirnet-hsa-1049,hsa-mir-124,MIMAT0000422,SUCLG2,ENSG00000172340,8801,other,16549876
mirnet-hsa-1050,hsa-mir-124,MIMAT0000422,ATP6V0E1,ENSG00000113732,8992,other,16549876
mirnet-hsa-1051,hsa-mir-124,MIMAT0000422,VAMP3,ENSG00000049245,9341,other,16549876
mirnet-hsa-1052,hsa-mir-124,MIMAT0000422,VAMP3,ENSG00000049245,9341,other,18042700
mirnet-hsa-1053,hsa-mir-124,MIMAT0000422,CTDSP1,ENSG00000144579,58190,other,18042700
mirnet-hsa-1054,hsa-mir-124,MIMAT0000422,PRKD1,ENSG00000184304,5587,other,18042700
mirnet-hsa-1055,hsa-mir-124,MIMAT0000422,RHOG,ENSG00000177105,391,other,18042700
mirnet-hsa-1056,hsa-mir-124,MIMAT0000422,NID1,ENSG00000116962,4811,other,18042700
mirnet-hsa-1057,hsa-mir-124,MIMAT0000422,C2orf25,NA,NA,other,18042700
mirnet-hsa-1058,hsa-mir-124,MIMAT0000422,ARRDC1,ENSG00000197070,92714,other,18042700
mirnet-hsa-1059,hsa-mir-124,MIMAT0000422,NFATC1,ENSG00000131196,4772,other,18042700
mirnet-hsa-1060,hsa-mir-124,MIMAT0000422,E2F5,ENSG00000133740,1875,other,18042700
mirnet-hsa-1061,hsa-mir-124,MIMAT0000422,LOC285908,NA,NA,other,18042700
mirnet-hsa-1062,hsa-mir-124,MIMAT0000422,MYO10,ENSG00000145555,4651,other,18042700
mirnet-hsa-1063,hsa-mir-124,MIMAT0000422,PDLIM7,ENSG00000196923,9260,other,18042700
mirnet-hsa-1064,hsa-mir-124,MIMAT0000422,PGF,ENSG00000119630,5228,other,18042700
mirnet-hsa-1065,hsa-mir-124,MIMAT0000422,SENP8,ENSG00000166192,123228,other,18042700
mirnet-hsa-1066,hsa-mir-124,MIMAT0000422,FA2H,ENSG00000103089,79152,other,18042700
mirnet-hsa-1067,hsa-mir-124,MIMAT0000422,CAPRIN2,ENSG00000110888,65981,other,18042700
mirnet-hsa-1068,hsa-mir-124,MIMAT0000422,PLSCR3,ENSG00000187838,57048,other,18042700
mirnet-hsa-1069,hsa-mir-124,MIMAT0000422,PLSCR3,ENSG00000284009,57048,other,18042700
mirnet-hsa-1070,hsa-mir-124,MIMAT0000422,FAM104A,ENSG00000133193,84923,other,18042700
mirnet-hsa-1071,hsa-mir-124,MIMAT0000422,ZFP36L2,ENSG00000152518,678,other,18042700
mirnet-hsa-1072,hsa-mir-124,MIMAT0000422,ERH,ENSG00000100632,2079,other,18042700
mirnet-hsa-1073,hsa-mir-124,MIMAT0000422,STX10,ENSG00000104915,8677,other,18042700
mirnet-hsa-1074,hsa-mir-124,MIMAT0000422,RFFL,ENSG00000092871,117584,other,18042700
mirnet-hsa-1075,hsa-mir-124,MIMAT0000422,TSPAN15,ENSG00000099282,23555,other,18042700
mirnet-hsa-1077,hsa-mir-124,MIMAT0000422,GAS2L1,ENSG00000185340,10634,other,18042700
mirnet-hsa-1078,hsa-mir-124,MIMAT0000422,CHODL,ENSG00000154645,140578,other,18042700
mirnet-hsa-1079,hsa-mir-124,MIMAT0000422,JAKMIP1,ENSG00000152969,152789,other,18042700
mirnet-hsa-1080,hsa-mir-124,MIMAT0000422,DFFB,ENSG00000169598,1677,other,15685193
mirnet-hsa-1081,hsa-mir-124,MIMAT0000422,TRIM29,ENSG00000137699,23650,other,15685193
mirnet-hsa-1082,hsa-mir-124,MIMAT0000422,C10orf56,NA,NA,other,15685193
mirnet-hsa-1083,hsa-mir-124,MIMAT0000422,CDC14B,ENSG00000081377,8555,other,15685193
mirnet-hsa-1084,hsa-mir-124,MIMAT0000422,RARG,ENSG00000172819,5916,other,15685193
mirnet-hsa-1085,hsa-mir-124,MIMAT0000422,PARP16,ENSG00000138617,54956,other,15685193
mirnet-hsa-1086,hsa-mir-124,MIMAT0000422,ARPC1B,ENSG00000130429,10095,other,15685193
mirnet-hsa-1087,hsa-mir-124,MIMAT0000422,PTPN12,ENSG00000127947,5782,other,15685193
mirnet-hsa-1088,hsa-mir-124,MIMAT0000422,EYA4,ENSG00000112319,2070,other,15685193
mirnet-hsa-1089,hsa-mir-124,MIMAT0000422,TARBP1,ENSG00000059588,6894,other,15685193
mirnet-hsa-1090,hsa-mir-124,MIMAT0000422,MAD2L2,ENSG00000116670,10459,other,15685193
mirnet-hsa-1091,hsa-mir-124,MIMAT0000422,LMNB1,ENSG00000113368,4001,other,15685193
mirnet-hsa-1092,hsa-mir-124,MIMAT0000422,G3BP1,ENSG00000145907,10146,other,15685193
mirnet-hsa-1093,hsa-mir-124,MIMAT0000422,KANK1,ENSG00000107104,23189,other,15685193
mirnet-hsa-1094,hsa-mir-124,MIMAT0000422,UHRF1,ENSG00000276043,29128,other,15685193
mirnet-hsa-1095,hsa-mir-124,MIMAT0000422,CPNE3,ENSG00000085719,8895,other,15685193
mirnet-hsa-1096,hsa-mir-124,MIMAT0000422,SLC15A4,ENSG00000139370,121260,other,15685193
mirnet-hsa-1097,hsa-mir-124,MIMAT0000422,DHCR24,ENSG00000116133,1718,other,15685193
mirnet-hsa-1098,hsa-mir-124,MIMAT0000422,ACTR8,ENSG00000113812,93973,other,15685193
mirnet-hsa-1099,hsa-mir-124,MIMAT0000422,MYH9,ENSG00000100345,4627,other,15685193
mirnet-hsa-1100,hsa-mir-124,MIMAT0000422,ELF4,ENSG00000102034,2000,other,15685193
mirnet-hsa-1101,hsa-mir-124,MIMAT0000422,MAPK1IP1L,ENSG00000168175,93487,other,15685193
mirnet-hsa-1102,hsa-mir-124,MIMAT0000422,RAG1AP1,NA,NA,other,15685193
mirnet-hsa-1103,hsa-mir-124,MIMAT0000422,CDCA7,ENSG00000144354,83879,other,15685193
mirnet-hsa-1104,hsa-mir-124,MIMAT0000422,C7orf42,NA,NA,other,15685193
mirnet-hsa-1105,hsa-mir-124,MIMAT0000422,STOM,ENSG00000148175,2040,other,15685193
mirnet-hsa-1106,hsa-mir-124,MIMAT0000422,MTMR6,ENSG00000139505,9107,other,15685193
mirnet-hsa-1107,hsa-mir-124,MIMAT0000422,POLR3G,ENSG00000113356,10622,other,15685193
mirnet-hsa-1108,hsa-mir-124,MIMAT0000422,ANXA8L2,NA,NA,other,15685193
mirnet-hsa-1109,hsa-mir-124,MIMAT0000422,OSBPL8,ENSG00000091039,114882,other,15685193
mirnet-hsa-1110,hsa-mir-124,MIMAT0000422,BTG3,ENSG00000154640,10950,other,15685193
mirnet-hsa-1111,hsa-mir-124,MIMAT0000422,BTG3,ENSG00000281484,10950,other,15685193
mirnet-hsa-1112,hsa-mir-124,MIMAT0000422,SLC17A5,ENSG00000119899,26503,other,15685193
mirnet-hsa-1113,hsa-mir-124,MIMAT0000422,VPS37C,ENSG00000167987,55048,other,15685193
mirnet-hsa-1114,hsa-mir-124,MIMAT0000422,SEC11A,ENSG00000140612,23478,other,15685193
mirnet-hsa-1115,hsa-mir-124,MIMAT0000422,VAMP3,ENSG00000049245,9341,other,15685193
mirnet-hsa-1116,hsa-mir-124,MIMAT0000422,USP48,ENSG00000090686,84196,other,15685193
mirnet-hsa-1117,hsa-mir-124,MIMAT0000422,PTTG1IP,ENSG00000183255,754,other,15685193
mirnet-hsa-1118,hsa-mir-124,MIMAT0000422,PGM1,ENSG00000079739,5236,other,15685193
mirnet-hsa-1119,hsa-mir-124,MIMAT0000422,CYP1B1,ENSG00000138061,1545,other,15685193
mirnet-hsa-1120,hsa-mir-124,MIMAT0000422,TOM1L1,ENSG00000141198,10040,other,15685193
mirnet-hsa-1121,hsa-mir-124,MIMAT0000422,SMAD5,ENSG00000113658,4090,other,15685193
mirnet-hsa-1122,hsa-mir-124,MIMAT0000422,NFIC,ENSG00000141905,4782,other,15685193
mirnet-hsa-1123,hsa-mir-124,MIMAT0000422,RYK,ENSG00000163785,6259,other,15685193
mirnet-hsa-1124,hsa-mir-124,MIMAT0000422,RBMS1,ENSG00000153250,5937,other,15685193
mirnet-hsa-1125,hsa-mir-124,MIMAT0000422,CTGF,NA,NA,other,15685193
mirnet-hsa-1126,hsa-mir-124,MIMAT0000422,CHSY1,ENSG00000131873,22856,other,15685193
mirnet-hsa-1127,hsa-mir-124,MIMAT0000422,LOC552891,NA,NA,other,15685193
mirnet-hsa-1128,hsa-mir-124,MIMAT0000422,GMCL1,ENSG00000087338,64395,other,15685193
mirnet-hsa-1129,hsa-mir-124,MIMAT0000422,ENDOD1,ENSG00000149218,23052,other,15685193
mirnet-hsa-1130,hsa-mir-124,MIMAT0000422,LRRC58,ENSG00000163428,116064,other,15685193
mirnet-hsa-1131,hsa-mir-124,MIMAT0000422,MAPK14,ENSG00000112062,1432,other,15685193
mirnet-hsa-1132,hsa-mir-124,MIMAT0000422,CEBPA,ENSG00000245848,1050,Western blot,18451139
mirnet-hsa-1133,hsa-mir-124,MIMAT0000422,CD164,ENSG00000135535,8763,other,15685193
mirnet-hsa-1134,hsa-mir-124,MIMAT0000422,CTDSP1,ENSG00000144579,58190,other,15685193
mirnet-hsa-1135,hsa-mir-124,MIMAT0000422,LITAF,ENSG00000189067,9516,other,15685193
mirnet-hsa-1136,hsa-mir-124,MIMAT0000422,ATP6V0E1,ENSG00000113732,8992,other,15685193
mirnet-hsa-1137,hsa-mir-124,MIMAT0000422,LASS2,NA,NA,other,15685193
mirnet-hsa-1138,hsa-mir-124,MIMAT0000422,C11orf75,NA,NA,other,15685193
mirnet-hsa-1139,hsa-mir-124,MIMAT0000422,PPP1R13L,ENSG00000104881,10848,other,15685193
mirnet-hsa-1140,hsa-mir-124,MIMAT0000422,PLOD3,ENSG00000106397,8985,other,15685193
mirnet-hsa-1141,hsa-mir-124,MIMAT0000422,CDCA7L,ENSG00000164649,55536,other,15685193
mirnet-hsa-1142,hsa-mir-124,MIMAT0000422,DNAJC1,ENSG00000136770,64215,other,15685193
mirnet-hsa-1143,hsa-mir-124,MIMAT0000422,CAV1,ENSG00000105974,857,other,15685193
mirnet-hsa-1144,hsa-mir-124,MIMAT0000422,TJP2,ENSG00000119139,9414,other,15685193
mirnet-hsa-1145,hsa-mir-124,MIMAT0000422,SYNGR2,ENSG00000108639,9144,other,15685193
mirnet-hsa-1146,hsa-mir-124,MIMAT0000422,SNAI2,ENSG00000019549,6591,other,15685193
mirnet-hsa-1147,hsa-mir-124,MIMAT0000422,AP1M2,ENSG00000129354,10053,other,15685193
mirnet-hsa-1148,hsa-mir-124,MIMAT0000422,TWIST2,ENSG00000233608,117581,other,15685193
mirnet-hsa-1149,hsa-mir-124,MIMAT0000422,TWIST2,ENSG00000288335,117581,other,15685193
mirnet-hsa-1150,hsa-mir-124,MIMAT0000422,RBM47,ENSG00000163694,54502,other,15685193
mirnet-hsa-1151,hsa-mir-124,MIMAT0000422,LRRC1,ENSG00000137269,55227,other,15685193
mirnet-hsa-1152,hsa-mir-124,MIMAT0000422,HADHB,ENSG00000138029,3032,other,15685193
mirnet-hsa-1153,hsa-mir-124,MIMAT0000422,TMEM109,ENSG00000110108,79073,other,15685193
mirnet-hsa-1154,hsa-mir-124,MIMAT0000422,C12orf23,NA,NA,other,15685193
mirnet-hsa-1155,hsa-mir-124,MIMAT0000422,AK2,ENSG00000004455,204,other,15685193
mirnet-hsa-1156,hsa-mir-124,MIMAT0000422,BBF2H7,NA,NA,other,15685193
mirnet-hsa-1157,hsa-mir-124,MIMAT0000422,HADH,ENSG00000138796,3033,other,15685193
mirnet-hsa-1158,hsa-mir-124,MIMAT0000422,LOC286077,NA,NA,other,15685193
mirnet-hsa-1159,hsa-mir-124,MIMAT0000422,FCHO2,ENSG00000157107,115548,other,15685193
mirnet-hsa-1160,hsa-mir-124,MIMAT0000422,C14orf24,NA,NA,other,15685193
mirnet-hsa-1161,hsa-mir-124,MIMAT0000422,TEAD1,ENSG00000187079,7003,other,15685193
mirnet-hsa-1162,hsa-mir-124,MIMAT0000422,STX10,ENSG00000104915,8677,other,15685193
mirnet-hsa-1163,hsa-mir-124,MIMAT0000422,RNPEPL1,ENSG00000142327,57140,other,15685193
mirnet-hsa-1164,hsa-mir-124,MIMAT0000422,ABHD5,ENSG00000011198,51099,other,15685193
mirnet-hsa-1165,hsa-mir-124,MIMAT0000422,ELOVL1,ENSG00000066322,64834,other,15685193
mirnet-hsa-1166,hsa-mir-124,MIMAT0000422,ARHGEF1,ENSG00000076928,9138,other,15685193
mirnet-hsa-1167,hsa-mir-124,MIMAT0000422,SWAP70,ENSG00000133789,23075,other,15685193
mirnet-hsa-1168,hsa-mir-124,MIMAT0000422,TLN1,ENSG00000137076,7094,other,15685193
mirnet-hsa-1169,hsa-mir-124,MIMAT0000422,TRIP11,ENSG00000100815,9321,other,15685193
mirnet-hsa-1170,hsa-mir-124,MIMAT0000422,SYPL1,ENSG00000008282,6856,other,15685193
mirnet-hsa-1171,hsa-mir-124,MIMAT0000422,STX2,ENSG00000111450,2054,other,15685193
mirnet-hsa-1172,hsa-mir-124,MIMAT0000422,CEBPA,ENSG00000245848,1050,other,15685193
mirnet-hsa-1173,hsa-mir-124,MIMAT0000422,C18orf37,NA,NA,other,15685193
mirnet-hsa-1174,hsa-mir-124,MIMAT0000422,PECI,NA,NA,other,15685193
mirnet-hsa-1175,hsa-mir-124,MIMAT0000422,PHF19,ENSG00000119403,26147,other,15685193
mirnet-hsa-1176,hsa-mir-124,MIMAT0000422,NARG1,NA,NA,other,15685193
mirnet-hsa-1177,hsa-mir-124,MIMAT0000422,FAM57A,NA,NA,other,15685193
mirnet-hsa-1178,hsa-mir-124,MIMAT0000422,SERP1,ENSG00000120742,27230,other,15685193
mirnet-hsa-1179,hsa-mir-124,MIMAT0000422,TMBIM1,ENSG00000135926,64114,other,15685193
mirnet-hsa-1180,hsa-mir-124,MIMAT0000422,SLC25A30,ENSG00000174032,253512,other,15685193
mirnet-hsa-1181,hsa-mir-124,MIMAT0000422,LDLRAP1,ENSG00000157978,26119,other,15685193
mirnet-hsa-1182,hsa-mir-124,MIMAT0000422,TSC22D4,ENSG00000166925,81628,other,15685193
mirnet-hsa-1183,hsa-mir-124,MIMAT0000422,GNAI3,ENSG00000065135,2773,other,15685193
mirnet-hsa-1184,hsa-mir-124,MIMAT0000422,F11R,ENSG00000158769,50848,other,15685193
mirnet-hsa-1185,hsa-mir-124,MIMAT0000422,GTPBP8,ENSG00000163607,29083,other,15685193
mirnet-hsa-1186,hsa-mir-124,MIMAT0000422,MPHOSPH9,ENSG00000051825,10198,other,15685193
mirnet-hsa-1187,hsa-mir-124,MIMAT0000422,B4GALT1,ENSG00000086062,2683,other,15685193
mirnet-hsa-1188,hsa-mir-124,MIMAT0000422,ZBED3,ENSG00000132846,84327,other,15685193
mirnet-hsa-1189,hsa-mir-124,MIMAT0000422,FAM35A,NA,NA,other,15685193
mirnet-hsa-1190,hsa-mir-124,MIMAT0000422,PGRMC2,ENSG00000164040,10424,other,15685193
mirnet-hsa-1191,hsa-mir-124,MIMAT0000422,NECAP2,ENSG00000157191,55707,other,15685193
mirnet-hsa-1192,hsa-mir-124,MIMAT0000422,DNM2,ENSG00000079805,1785,other,15685193
mirnet-hsa-1193,hsa-mir-124,MIMAT0000422,TUBB6,ENSG00000176014,84617,other,15685193
mirnet-hsa-1194,hsa-mir-124,MIMAT0000422,ARFIP1,ENSG00000164144,27236,other,15685193
mirnet-hsa-1195,hsa-mir-124,MIMAT0000422,MDFIC,ENSG00000135272,29969,other,15685193
mirnet-hsa-1196,hsa-mir-124,MIMAT0000422,UHMK1,ENSG00000152332,127933,other,15685193
mirnet-hsa-1197,hsa-mir-124,MIMAT0000422,SLC16A1,ENSG00000155380,6566,other,15685193
mirnet-hsa-1198,hsa-mir-124,MIMAT0000422,SLC16A1,ENSG00000281917,6566,other,15685193
mirnet-hsa-1199,hsa-mir-124,MIMAT0000422,TSKU,ENSG00000182704,25987,other,15685193
mirnet-hsa-1200,hsa-mir-124,MIMAT0000422,NME4,ENSG00000103202,4833,other,15685193
mirnet-hsa-1201,hsa-mir-124,MIMAT0000422,ACAA2,ENSG00000167315,10449,other,15685193
mirnet-hsa-1202,hsa-mir-124,MIMAT0000422,DRAM,NA,NA,other,15685193
mirnet-hsa-1203,hsa-mir-124,MIMAT0000422,SP1,ENSG00000185591,6667,other,15685193
mirnet-hsa-1204,hsa-mir-124,MIMAT0000422,CHP,NA,NA,other,15685193
mirnet-hsa-1205,hsa-mir-124,MIMAT0000422,CTNND1,ENSG00000198561,1500,other,15685193
mirnet-hsa-1206,hsa-mir-124,MIMAT0000422,PODXL,ENSG00000128567,5420,other,15685193
mirnet-hsa-1207,hsa-mir-124,MIMAT0000422,ZNF790,ENSG00000197863,388536,other,15685193
mirnet-hsa-1208,hsa-mir-124,MIMAT0000422,PLP2,ENSG00000102007,5355,other,15685193
mirnet-hsa-1209,hsa-mir-124,MIMAT0000422,OAF,ENSG00000184232,220323,other,15685193
mirnet-hsa-1210,hsa-mir-124,MIMAT0000422,AHR,ENSG00000106546,196,other,15685193
mirnet-hsa-1211,hsa-mir-124,MIMAT0000422,DVL2,ENSG00000004975,1856,other,15685193
mirnet-hsa-1212,hsa-mir-124,MIMAT0000422,ASPRV1,ENSG00000244617,151516,other,15685193
mirnet-hsa-1213,hsa-mir-124,MIMAT0000422,QSER1,ENSG00000060749,79832,other,15685193
mirnet-hsa-1214,hsa-mir-124,MIMAT0000422,IFRD2,ENSG00000214706,7866,other,15685193
mirnet-hsa-1215,hsa-mir-124,MIMAT0000422,CCDC99,NA,NA,other,15685193
mirnet-hsa-1216,hsa-mir-124,MIMAT0000422,PTBP1,ENSG00000011304,5725,other,15685193
mirnet-hsa-1217,hsa-mir-124,MIMAT0000422,SERPINB6,ENSG00000124570,5269,other,15685193
mirnet-hsa-1218,hsa-mir-124,MIMAT0000422,C6orf72,NA,NA,other,15685193
mirnet-hsa-1219,hsa-mir-124,MIMAT0000422,AHRR,ENSG00000286169,57491,other,15685193
mirnet-hsa-1220,hsa-mir-124,MIMAT0000422,HEBP2,ENSG00000051620,23593,other,15685193
mirnet-hsa-1221,hsa-mir-124,MIMAT0000422,CDK6,ENSG00000105810,1021,other,15685193
mirnet-hsa-1222,hsa-mir-124,MIMAT0000422,SLC30A7,ENSG00000162695,148867,other,15685193
mirnet-hsa-1223,hsa-mir-124,MIMAT0000422,ARAF,ENSG00000078061,369,other,15685193
mirnet-hsa-1224,hsa-mir-124,MIMAT0000422,GSN,ENSG00000148180,2934,other,15685193
mirnet-hsa-1225,hsa-mir-124,MIMAT0000422,APEX2,ENSG00000169188,27301,other,15685193
mirnet-hsa-1226,hsa-mir-124,MIMAT0000422,ANKRD27,ENSG00000105186,84079,other,15685193
mirnet-hsa-1227,hsa-mir-124,MIMAT0000422,PAPSS2,ENSG00000198682,9060,other,15685193
mirnet-hsa-1228,hsa-mir-124,MIMAT0000422,NEK9,ENSG00000119638,91754,other,15685193
mirnet-hsa-1229,hsa-mir-124,MIMAT0000422,CHST14,ENSG00000169105,113189,other,15685193
mirnet-hsa-1230,hsa-mir-124,MIMAT0000422,SSFA2,NA,NA,other,15685193
mirnet-hsa-1231,hsa-mir-124,MIMAT0000422,C2orf12,NA,NA,other,15685193
mirnet-hsa-1232,hsa-mir-124,MIMAT0000422,ALDH9A1,ENSG00000143149,223,other,15685193
mirnet-hsa-1233,hsa-mir-124,MIMAT0000422,HTATIP2,ENSG00000109854,10553,other,15685193
mirnet-hsa-1234,hsa-mir-124,MIMAT0000422,CLDND1,ENSG00000080822,56650,other,15685193
mirnet-hsa-1235,hsa-mir-124,MIMAT0000422,FAM129B,NA,NA,other,15685193
mirnet-hsa-1236,hsa-mir-124,MIMAT0000422,ARHGAP29,ENSG00000137962,9411,other,15685193
mirnet-hsa-1237,hsa-mir-124,MIMAT0000422,KIAA1102,NA,NA,other,15685193
mirnet-hsa-1238,hsa-mir-124,MIMAT0000422,CDK4,ENSG00000135446,1019,other,15685193
mirnet-hsa-1239,hsa-mir-124,MIMAT0000422,CD59,ENSG00000085063,966,other,15685193
mirnet-hsa-1240,hsa-mir-124,MIMAT0000422,DCTD,ENSG00000129187,1635,other,15685193
mirnet-hsa-1241,hsa-mir-124,MIMAT0000422,USP49,ENSG00000164663,25862,other,15685193
mirnet-hsa-1243,hsa-mir-124,MIMAT0000422,TNFRSF21,ENSG00000146072,27242,other,15685193
mirnet-hsa-1244,hsa-mir-124,MIMAT0000422,RASSF5,ENSG00000266094,83593,other,15685193
mirnet-hsa-1245,hsa-mir-124,MIMAT0000422,SLC22A5,ENSG00000197375,6584,other,15685193
mirnet-hsa-1246,hsa-mir-124,MIMAT0000422,KATNA1,ENSG00000186625,11104,other,15685193
mirnet-hsa-1247,hsa-mir-124,MIMAT0000422,RELA,ENSG00000173039,5970,other,15685193
mirnet-hsa-1248,hsa-mir-124,MIMAT0000422,DEPDC1,ENSG00000024526,55635,other,15685193
mirnet-hsa-1249,hsa-mir-124,MIMAT0000422,PLDN,NA,NA,other,15685193
mirnet-hsa-1250,hsa-mir-124,MIMAT0000422,CTDSP2,ENSG00000175215,10106,other,15685193
mirnet-hsa-1251,hsa-mir-124,MIMAT0000422,MAN2A1,ENSG00000112893,4124,other,15685193
mirnet-hsa-1252,hsa-mir-124,MIMAT0000422,NEK6,ENSG00000119408,10783,other,15685193
mirnet-hsa-1253,hsa-mir-124,MIMAT0000422,IQGAP1,ENSG00000140575,8826,other,15685193
mirnet-hsa-1254,hsa-mir-124,MIMAT0000422,CDK6,ENSG00000105810,1021,Western blot,18607543
mirnet-hsa-1255,hsa-mir-124,MIMAT0000422,ELK3,ENSG00000111145,2004,other,20144220
mirnet-hsa-1256,hsa-mir-124,MIMAT0000422,LDLR,ENSG00000130164,3949,other,20042474
mirnet-hsa-1257,hsa-mir-124,MIMAT0000422,BDNF,ENSG00000176697,627,Western blot,19703567
mirnet-hsa-1258,hsa-mir-124,MIMAT0000422,ROCK2,ENSG00000134318,9475,Western blot,21672940
mirnet-hsa-1259,hsa-mir-124,MIMAT0000422,EZH2,ENSG00000106462,2146,Western blot,21672940
mirnet-hsa-1260,hsa-mir-124,MIMAT0000422,BACE1,ENSG00000186318,23621,Western blot,22178568
mirnet-hsa-1261,hsa-mir-125b,MIMAT0000423,ERBB2,ENSG00000141736,2064,Western blot,17110380
mirnet-hsa-1262,hsa-mir-125b,MIMAT0000423,ERBB3,ENSG00000065361,2065,Western blot,17110380
mirnet-hsa-1263,hsa-mir-125b,MIMAT0000423,LIN28,NA,NA,other,18230348
mirnet-hsa-1264,hsa-mir-125b,MIMAT0000423,BAK1,ENSG00000030110,578,Western blot,18056640
mirnet-hsa-1265,hsa-mir-125b,MIMAT0000423,NTRK3,ENSG00000140538,4916,Western blot,17483472
mirnet-hsa-1266,hsa-mir-125b,MIMAT0000423,LIN28,NA,NA,other,16495412
mirnet-hsa-1267,hsa-mir-125b,MIMAT0000423,LIN28,NA,NA,Western blot,16227573
mirnet-hsa-1268,hsa-mir-125b,MIMAT0000423,C10orf104,NA,NA,other,18056640
mirnet-hsa-1269,hsa-mir-125b,MIMAT0000423,H3F3B,NA,NA,other,18056640
mirnet-hsa-1270,hsa-mir-125b,MIMAT0000423,ADAMTS1,ENSG00000154734,9510,other,18056640
mirnet-hsa-1271,hsa-mir-125b,MIMAT0000423,PERP,ENSG00000112378,64065,other,18056640
mirnet-hsa-1272,hsa-mir-125b,MIMAT0000423,B3GALT4,ENSG00000235863,8705,other,18056640
mirnet-hsa-1273,hsa-mir-125b,MIMAT0000423,B3GALT4,ENSG00000206285,8705,other,18056640
mirnet-hsa-1274,hsa-mir-125b,MIMAT0000423,B3GALT4,ENSG00000235155,8705,other,18056640
mirnet-hsa-1275,hsa-mir-125b,MIMAT0000423,B3GALT4,ENSG00000236802,8705,other,18056640
mirnet-hsa-1276,hsa-mir-125b,MIMAT0000423,B3GALT4,ENSG00000226936,8705,other,18056640
mirnet-hsa-1277,hsa-mir-125b,MIMAT0000423,HOMER2,ENSG00000103942,9455,other,18056640
mirnet-hsa-1278,hsa-mir-125b,MIMAT0000423,GPR160,ENSG00000173890,26996,other,18056640
mirnet-hsa-1279,hsa-mir-125b,MIMAT0000423,CASP7,ENSG00000165806,840,other,18056640
mirnet-hsa-1280,hsa-mir-125b,MIMAT0000423,CEBPG,ENSG00000153879,1054,other,18056640
mirnet-hsa-1281,hsa-mir-125b,MIMAT0000423,CBLN2,ENSG00000141668,147381,other,18056640
mirnet-hsa-1282,hsa-mir-125b,MIMAT0000423,HIST1H4A,NA,NA,other,18056640
mirnet-hsa-1283,hsa-mir-125b,MIMAT0000423,LOC92270,NA,NA,other,18056640
mirnet-hsa-1284,hsa-mir-125b,MIMAT0000423,CBX7,ENSG00000100307,23492,other,18056640
mirnet-hsa-1285,hsa-mir-125b,MIMAT0000423,UGT2B15,ENSG00000196620,7366,other,18056640
mirnet-hsa-1286,hsa-mir-125b,MIMAT0000423,UGT2B15,ENSG00000277132,7366,other,18056640
mirnet-hsa-1287,hsa-mir-125b,MIMAT0000423,UBE2I,ENSG00000103275,7329,other,18056640
mirnet-hsa-1288,hsa-mir-125b,MIMAT0000423,RBM8A,ENSG00000265241,9939,other,18056640
mirnet-hsa-1289,hsa-mir-125b,MIMAT0000423,FLJ41484,NA,NA,other,18056640
mirnet-hsa-1290,hsa-mir-125b,MIMAT0000423,IL1RN,ENSG00000136689,3557,other,18056640
mirnet-hsa-1291,hsa-mir-125b,MIMAT0000423,UGT2B28,ENSG00000135226,54490,other,18056640
mirnet-hsa-1292,hsa-mir-125b,MIMAT0000423,CASP6,ENSG00000138794,839,other,18056640
mirnet-hsa-1293,hsa-mir-125b,MIMAT0000423,DIO3,ENSG00000197406,1735,other,18056640
mirnet-hsa-1294,hsa-mir-125b,MIMAT0000423,ID2,ENSG00000115738,3398,other,18056640
mirnet-hsa-1295,hsa-mir-125b,MIMAT0000423,PCDHB10,ENSG00000120324,56126,other,18056640
mirnet-hsa-1296,hsa-mir-125b,MIMAT0000423,SGPL1,ENSG00000166224,8879,other,18056640
mirnet-hsa-1297,hsa-mir-125b,MIMAT0000423,CYP1A1,ENSG00000140465,1543,other,18056640
mirnet-hsa-1298,hsa-mir-125b,MIMAT0000423,CLU,ENSG00000120885,1191,other,18056640
mirnet-hsa-1299,hsa-mir-125b,MIMAT0000423,IGFBP3,ENSG00000146674,3486,other,18056640
mirnet-hsa-1300,hsa-mir-125b,MIMAT0000423,PIGR,ENSG00000162896,5284,other,18056640
mirnet-hsa-1301,hsa-mir-125b,MIMAT0000423,UGT2B17,ENSG00000197888,7367,other,18056640
mirnet-hsa-1302,hsa-mir-125b,MIMAT0000423,TSPAN8,ENSG00000127324,7103,other,18056640
mirnet-hsa-1303,hsa-mir-125b,MIMAT0000423,MAN1A1,ENSG00000111885,4121,other,18056640
mirnet-hsa-1304,hsa-mir-125b,MIMAT0000423,ODZ2,NA,NA,other,18056640
mirnet-hsa-1305,hsa-mir-125b,MIMAT0000423,JARID2,ENSG00000008083,3720,other,18056640
mirnet-hsa-1306,hsa-mir-125b,MIMAT0000423,ID3,ENSG00000117318,3399,other,18056640
mirnet-hsa-1307,hsa-mir-125b,MIMAT0000423,ID3,ENSG00000283060,3399,other,18056640
mirnet-hsa-1308,hsa-mir-125b,MIMAT0000423,ID1,ENSG00000125968,3397,other,18056640
mirnet-hsa-1309,hsa-mir-125b,MIMAT0000423,FAM19A1,NA,NA,other,18056640
mirnet-hsa-1310,hsa-mir-125b,MIMAT0000423,SMO,ENSG00000128602,6608,Western blot,18756266
mirnet-hsa-1311,hsa-mir-125b,MIMAT0000423,CDKN2A,ENSG00000147889,1029,Western blot,20347935
mirnet-hsa-1312,hsa-mir-125b,MIMAT0000423,ST18,ENSG00000147488,9705,Western blot,20194440
mirnet-hsa-1313,hsa-mir-125b,MIMAT0000423,DICER1,ENSG00000100697,23405,Western blot,20194440
mirnet-hsa-1314,hsa-mir-125b,MIMAT0000423,KRT,NA,NA,immunocytochemistry,19998415
mirnet-hsa-1315,hsa-mir-125b,MIMAT0000423,CDK6,ENSG00000105810,1021,Western blot,19948152
mirnet-hsa-1316,hsa-mir-125b,MIMAT0000423,CDC25A,ENSG00000164045,993,Western blot,19948152
mirnet-hsa-1317,hsa-mir-125b,MIMAT0000423,HuR,NA,NA,Western blot,19875930
mirnet-hsa-1318,hsa-mir-125b,MIMAT0000423,BMPR1B,ENSG00000138696,658,other,19738052
mirnet-hsa-1319,hsa-mir-125b,MIMAT0000423,BMF,ENSG00000104081,90427,Western blot,19471102
mirnet-hsa-1320,hsa-mir-125b,MIMAT0000423,Œ∫B-Ras2,NA,NA,other,20351193
mirnet-hsa-1321,hsa-mir-125b,MIMAT0000423,E2F3,ENSG00000112242,1871,Western blot,20549700
mirnet-hsa-1322,hsa-mir-125b,MIMAT0000423,Bak1,NA,NA,other,21935352
mirnet-hsa-1323,hsa-mir-125b,MIMAT0000423,Cdc25c,NA,NA,other,21935352
mirnet-hsa-1324,hsa-mir-125b,MIMAT0000423,Ppp1ca,NA,NA,other,21935352
mirnet-hsa-1325,hsa-mir-125b,MIMAT0000423,Ppp2ca,NA,NA,other,21935352
mirnet-hsa-1326,hsa-mir-125b,MIMAT0000423,Prkra,NA,NA,other,21935352
mirnet-hsa-1327,hsa-mir-125b,MIMAT0000423,PUMA,NA,NA,other,21935352
mirnet-hsa-1328,hsa-mir-125b,MIMAT0000423,Tdg,NA,NA,other,21935352
mirnet-hsa-1329,hsa-mir-125b,MIMAT0000423,Tp53,NA,NA,other,21935352
mirnet-hsa-1330,hsa-mir-125b,MIMAT0000423,TP53INP1,ENSG00000164938,94241,other,21935352
mirnet-hsa-1331,hsa-mir-125b,MIMAT0000423,Zac1,NA,NA,other,21935352
mirnet-hsa-1332,hsa-mir-125b,MIMAT0000423,4E-BP1,NA,NA,immunoblotting,22071331
mirnet-hsa-1333,hsa-mir-128,MIMAT0000424,E2F3,ENSG00000112242,1871,Western blot,18810376
mirnet-hsa-1334,hsa-mir-128,MIMAT0000424,BMI1,ENSG00000168283,648,other,19010882
mirnet-hsa-1335,hsa-mir-128,MIMAT0000424,ADORA2B,ENSG00000170425,136,other,20388705
mirnet-hsa-1336,hsa-mir-128,MIMAT0000424,LDLR,ENSG00000130164,3949,other,20042474
mirnet-hsa-1337,hsa-mir-128,MIMAT0000424,TXNIP,ENSG00000265972,10628,other,20042474
mirnet-hsa-1338,hsa-mir-128,MIMAT0000424,DBI,ENSG00000155368,1622,other,20042474
mirnet-hsa-1339,hsa-mir-128,MIMAT0000424,AGO1,ENSG00000092847,26523,Western blot,20042474
mirnet-hsa-1340,hsa-mir-128,MIMAT0000424,MLL,NA,NA,other,19749093
mirnet-hsa-1341,hsa-mir-128,MIMAT0000424,AF4,NA,NA,other,19749093
mirnet-hsa-1342,hsa-mir-128,MIMAT0000424,RELN,ENSG00000189056,5649,Western blot,19713529
mirnet-hsa-1343,hsa-mir-128,MIMAT0000424,DCX,ENSG00000077279,1641,Western blot,19713529
mirnet-hsa-1344,hsa-mir-128,MIMAT0000424,NTRK3,ENSG00000140538,4916,other,19370765
mirnet-hsa-1345,hsa-mir-130a,MIMAT0000425,CSF1,ENSG00000184371,1435,activity assay,14697198
mirnet-hsa-1346,hsa-mir-130a,MIMAT0000425,MAFB,ENSG00000204103,9935,other,16549775
mirnet-hsa-1347,hsa-mir-130a,MIMAT0000425,MEOX2,ENSG00000106511,4223,Western blot,17957028
mirnet-hsa-1348,hsa-mir-130a,MIMAT0000425,HOXA5,ENSG00000106004,3202,Western blot,17957028
mirnet-hsa-1349,hsa-mir-130a,MIMAT0000425,ATXN1,ENSG00000124788,6310,Western blot,18758459
mirnet-hsa-1350,hsa-mir-130a,MIMAT0000425,CSF1,ENSG00000184371,1435,other,18823650
mirnet-hsa-1351,hsa-mir-130a,MIMAT0000425,DDX6,ENSG00000110367,1656,Western blot,21486751
mirnet-hsa-1352,hsa-mir-130a,MIMAT0000425,TAC1,ENSG00000006128,6863,other,17855557
mirnet-hsa-1353,hsa-mir-132,MIMAT0000426,RICS,NA,NA,other,18577589
mirnet-hsa-1354,hsa-mir-132,MIMAT0000426,RFX4,ENSG00000111783,5992,Western blot,17553428
mirnet-hsa-1355,hsa-mir-133a,MIMAT0000427,KCNQ1,ENSG00000053918,3784,Western blot,17443681
mirnet-hsa-1356,hsa-mir-133a,MIMAT0000427,KCNQ1,ENSG00000282076,3784,Western blot,17443681
mirnet-hsa-1357,hsa-mir-133a,MIMAT0000427,CASP9,ENSG00000132906,842,activity assay,17715156
mirnet-hsa-1358,hsa-mir-133a,MIMAT0000427,KCNH2,ENSG00000055118,3757,Western blot,17344217
mirnet-hsa-1359,hsa-mir-133a,MIMAT0000427,HCN2,ENSG00000099822,610,Western blot,18458081
mirnet-hsa-1360,hsa-mir-133a,MIMAT0000427,PKM2,NA,NA,Western blot,18464261
mirnet-hsa-1361,hsa-mir-133a,MIMAT0000427,FSCN1,ENSG00000075618,6624,phenotypic sensor assay,20160723
mirnet-hsa-1362,hsa-mir-133a,MIMAT0000427,KLF15,ENSG00000163884,28999,Western blot,19720047
mirnet-hsa-1363,hsa-mir-133a,MIMAT0000427,RHOA,ENSG00000067560,387,Western blot,19644046
mirnet-hsa-1364,hsa-mir-133a,MIMAT0000427,KRT7,ENSG00000135480,3855,Western blot,19378336
mirnet-hsa-1365,hsa-mir-135a,MIMAT0000428,APC,ENSG00000134982,324,other,18632633
mirnet-hsa-1366,hsa-mir-135a,MIMAT0000428,FLAP,NA,NA,other,20194722
mirnet-hsa-1367,hsa-mir-135a,MIMAT0000428,JAK2,ENSG00000096968,3717,Western blot,19666866
mirnet-hsa-1368,hsa-mir-137,MIMAT0000429,CDK6,ENSG00000105810,1021,Western blot,18381414
mirnet-hsa-1369,hsa-mir-137,MIMAT0000429,E2F6,ENSG00000169016,1876,Western blot,18381414
mirnet-hsa-1370,hsa-mir-137,MIMAT0000429,NCOA2,ENSG00000140396,10499,Western blot,18381414
mirnet-hsa-1371,hsa-mir-137,MIMAT0000429,KLF4,ENSG00000136826,9314,other,22003227
mirnet-hsa-1372,hsa-mir-138,MIMAT0000430,RHOC,ENSG00000155366,389,Western blot,20232393
mirnet-hsa-1373,hsa-mir-138,MIMAT0000430,ROCK2,ENSG00000134318,9475,Western blot,20232393
mirnet-hsa-1374,hsa-mir-138,MIMAT0000430,KRT,NA,NA,immunocytochemistry,19998415
mirnet-hsa-1375,hsa-mir-140-5p,MIMAT0000431,VEGFA,ENSG00000112715,7422,ELISA,18320040
mirnet-hsa-1376,hsa-mir-140-5p,MIMAT0000431,IGFBP5,ENSG00000115461,3488,other,19948051
mirnet-hsa-1377,hsa-mir-140-5p,MIMAT0000431,HDAC4,ENSG00000068024,9759,Western blot,19734943
mirnet-hsa-1378,hsa-mir-141,MIMAT0000432,CLOCK,ENSG00000134852,9575,other,15131085
mirnet-hsa-1379,hsa-mir-141,MIMAT0000432,TGFB2,ENSG00000092969,7042,Western blot,18483486
mirnet-hsa-1380,hsa-mir-141,MIMAT0000432,ZEB2,ENSG00000169554,9839,other,18925646
mirnet-hsa-1381,hsa-mir-141,MIMAT0000432,FOG2,NA,NA,other,20005803
mirnet-hsa-1382,hsa-mir-141,MIMAT0000432,ERBB2IP,NA,NA,other,20005803
mirnet-hsa-1383,hsa-mir-141,MIMAT0000432,BAP1,ENSG00000163930,8314,other,20005803
mirnet-hsa-1384,hsa-mir-141,MIMAT0000432,KLHL20,ENSG00000076321,27252,other,20005803
mirnet-hsa-1385,hsa-mir-141,MIMAT0000432,PTPRD,ENSG00000153707,5789,other,20005803
mirnet-hsa-1386,hsa-mir-141,MIMAT0000432,PTPRD,ENSG00000282932,5789,other,20005803
mirnet-hsa-1387,hsa-mir-141,MIMAT0000432,ELMO2,ENSG00000062598,63916,other,20005803
mirnet-hsa-1388,hsa-mir-141,MIMAT0000432,WDR37,ENSG00000047056,22884,other,20005803
mirnet-hsa-1389,hsa-mir-141,MIMAT0000432,MKK4,NA,NA,Western blot,19861690
mirnet-hsa-1390,hsa-mir-141,MIMAT0000432,SIP1,NA,NA,Western blot,19830559
mirnet-hsa-1391,hsa-mir-141,MIMAT0000432,JAG1,ENSG00000101384,182,Western blot,21224847
mirnet-hsa-1392,hsa-mir-141,MIMAT0000432,SERBP1,ENSG00000142864,26135,other,17637574
mirnet-hsa-1393,hsa-mir-141,MIMAT0000432,SFPQ,ENSG00000116560,6421,other,17637574
mirnet-hsa-1394,hsa-mir-141,MIMAT0000432,HMGB1,ENSG00000189403,3146,other,17637574
mirnet-hsa-1395,hsa-mir-143,MIMAT0000435,MAPK7,ENSG00000166484,5598,Western blot,15504739
mirnet-hsa-1396,hsa-mir-143,MIMAT0000435,KRAS,ENSG00000133703,3845,Western blot,19137007
mirnet-hsa-1397,hsa-mir-143,MIMAT0000435,ERK5,NA,NA,Western blot,19855844
mirnet-hsa-1398,hsa-mir-143,MIMAT0000435,DNMT3A,ENSG00000119772,1788,Western blot,19638978
mirnet-hsa-1399,hsa-mir-143,MIMAT0000435,FNDC3b,NA,NA,Western blot,19472311
mirnet-hsa-1400,hsa-mir-143,MIMAT0000435,ERK5,NA,NA,Western blot,19439999
mirnet-hsa-1401,hsa-mir-143,MIMAT0000435,Bcl-2,NA,NA,Western blot,20878132
mirnet-hsa-1402,hsa-mir-143,MIMAT0000435,MAPK7,ENSG00000166484,5598,Western blot,17504027
mirnet-hsa-1403,hsa-mir-145,MIMAT0000437,PARP8,ENSG00000151883,79668,other,15131085
mirnet-hsa-1404,hsa-mir-145,MIMAT0000437,IRS1,ENSG00000169047,3667,Western blot,17827156
mirnet-hsa-1405,hsa-mir-145,MIMAT0000437,MYC,ENSG00000136997,4609,Immunostaining,19202062
mirnet-hsa-1406,hsa-mir-145,MIMAT0000437,FSCN1,ENSG00000075618,6624,phenotypic sensor assay,20160723
mirnet-hsa-1407,hsa-mir-145,MIMAT0000437,CCNA2,ENSG00000145386,890,other,19996289
mirnet-hsa-1408,hsa-mir-145,MIMAT0000437,MUC1,ENSG00000185499,4582,Western blot,19996288
mirnet-hsa-1409,hsa-mir-145,MIMAT0000437,CLINT1,ENSG00000113282,9685,other,19915607
mirnet-hsa-1410,hsa-mir-145,MIMAT0000437,CBFB,ENSG00000067955,865,other,19915607
mirnet-hsa-1411,hsa-mir-145,MIMAT0000437,PPP3CA,ENSG00000138814,5530,other,19915607
mirnet-hsa-1412,hsa-mir-145,MIMAT0000437,FBXO28,ENSG00000143756,23219,other,19915607
mirnet-hsa-1413,hsa-mir-145,MIMAT0000437,ACBD3,ENSG00000182827,64746,other,19915607
mirnet-hsa-1414,hsa-mir-145,MIMAT0000437,USP46,ENSG00000109189,64854,other,19915607
mirnet-hsa-1415,hsa-mir-145,MIMAT0000437,RASA1,ENSG00000145715,5921,other,19915607
mirnet-hsa-1416,hsa-mir-145,MIMAT0000437,CCDC25,ENSG00000147419,55246,other,19915607
mirnet-hsa-1417,hsa-mir-145,MIMAT0000437,C11orf58,ENSG00000110696,10944,other,19915607
mirnet-hsa-1418,hsa-mir-145,MIMAT0000437,IGF-IR,NA,NA,Western blot,19502786
mirnet-hsa-1419,hsa-mir-145,MIMAT0000437,KRT7,ENSG00000135480,3855,Western blot,19378336
mirnet-hsa-1420,hsa-mir-145,MIMAT0000437,RTKN,ENSG00000114993,6242,Western blot,19360360
mirnet-hsa-1421,hsa-mir-152,MIMAT0000438,DNMT1,ENSG00000130816,1786,Western blot,20146264
mirnet-hsa-1422,hsa-mir-153,MIMAT0000439,FOXO1,ENSG00000150907,2308,Western blot,20028871
mirnet-hsa-1423,hsa-mir-153,MIMAT0000439,BCL2,ENSG00000171791,596,Western blot,19676043
mirnet-hsa-1424,hsa-mir-153,MIMAT0000439,MCL1,ENSG00000143384,4170,Western blot,19676043
mirnet-hsa-1425,hsa-mir-9,MIMAT0000441,BACE1,ENSG00000186318,23621,other,18434550
mirnet-hsa-1426,hsa-mir-9,MIMAT0000441,NTRK3,ENSG00000140538,4916,Western blot,17483472
mirnet-hsa-1427,hsa-mir-9,MIMAT0000441,PRDM1,ENSG00000057657,639,other,18583325
mirnet-hsa-1428,hsa-mir-9,MIMAT0000441,REST,ENSG00000084093,5978,Western blot,19118166
mirnet-hsa-1429,hsa-mir-9,MIMAT0000441,CDH1,ENSG00000039068,999,phenotypic sensor assay,20173740
mirnet-hsa-1430,hsa-mir-9,MIMAT0000441,FOXO1,ENSG00000150907,2308,Western blot,20028871
mirnet-hsa-1431,hsa-mir-9,MIMAT0000441,NFKB1,ENSG00000109320,4790,Western blot,19702828
mirnet-hsa-1432,hsa-mir-9,MIMAT0000441,CAMTA1,ENSG00000171735,23261,Western blot,21857646
mirnet-hsa-1433,hsa-mir-9*,MIMAT0000442,RCOR1,ENSG00000089902,23186,Western blot,19118166
mirnet-hsa-1434,hsa-mir-9*,MIMAT0000442,CAMTA1,ENSG00000171735,23261,Western blot,21857646
mirnet-hsa-1435,hsa-mir-125a-5p,MIMAT0000443,ERBB2,ENSG00000141736,2064,Western blot,17110380
mirnet-hsa-1436,hsa-mir-125a-5p,MIMAT0000443,ERBB3,ENSG00000065361,2065,Western blot,17110380
mirnet-hsa-1437,hsa-mir-125a-5p,MIMAT0000443,LIN28,NA,NA,other,16227573
mirnet-hsa-1438,hsa-mir-125a-5p,MIMAT0000443,ARID3B,ENSG00000179361,10620,Western blot,19881956
mirnet-hsa-1439,hsa-mir-125a-5p,MIMAT0000443,TP53,ENSG00000141510,7157,Western blot,19818772
mirnet-hsa-1440,hsa-mir-125a-5p,MIMAT0000443,HuR,NA,NA,Western blot,19875930
mirnet-hsa-1441,hsa-mir-126*,MIMAT0000444,SLC45A3,ENSG00000158715,85414,Western blot,18193184
mirnet-hsa-1442,hsa-mir-126,MIMAT0000445,VCAM1,ENSG00000162692,7412,Western blot,18227515
mirnet-hsa-1443,hsa-mir-126,MIMAT0000445,PIK3R2,ENSG00000105647,5296,Western blot,18663744
mirnet-hsa-1444,hsa-mir-126,MIMAT0000445,CRKL,ENSG00000099942,1399,Western blot,18602365
mirnet-hsa-1445,hsa-mir-126,MIMAT0000445,IRS1,ENSG00000169047,3667,Western blot,18834857
mirnet-hsa-1446,hsa-mir-126,MIMAT0000445,VEGFA,ENSG00000112715,7422,other,19223090
mirnet-hsa-1447,hsa-mir-126,MIMAT0000445,TOM1,ENSG00000100284,10043,Western blot,20083669
mirnet-hsa-1448,hsa-mir-126,MIMAT0000445,VEGFA,ENSG00000112715,7422,Western blot,21249429
mirnet-hsa-1449,hsa-mir-126,MIMAT0000445,PIK3R2,ENSG00000105647,5296,Western blot,21249429
mirnet-hsa-1450,hsa-mir-127-3p,MIMAT0000446,BCL6,ENSG00000113916,604,Western blot,16766263
mirnet-hsa-1451,hsa-mir-127-3p,MIMAT0000446,BLIMP1,NA,NA,Western blot,19530237
mirnet-hsa-1452,hsa-mir-127-3p,MIMAT0000446,XBP1,ENSG00000100219,7494,other,19530237
mirnet-hsa-1453,hsa-mir-146a,MIMAT0000449,IRAK1,ENSG00000184216,3654,other,18759964
mirnet-hsa-1454,hsa-mir-146a,MIMAT0000449,TRAF6,ENSG00000175104,7189,other,18759964
mirnet-hsa-1455,hsa-mir-146a,MIMAT0000449,BRCA2,ENSG00000139618,675,other,18660546
mirnet-hsa-1456,hsa-mir-146a,MIMAT0000449,BRCA1,ENSG00000012048,672,other,18660546
mirnet-hsa-1457,hsa-mir-146a,MIMAT0000449,CXCR4,ENSG00000121966,7852,other,18568019
mirnet-hsa-1458,hsa-mir-146a,MIMAT0000449,TBP,ENSG00000112592,6908,Western blot,20451497
mirnet-hsa-1459,hsa-mir-146a,MIMAT0000449,MCP2,NA,NA,ELISA,20181935
mirnet-hsa-1460,hsa-mir-146a,MIMAT0000449,CCNA2,ENSG00000145386,890,other,19944095
mirnet-hsa-1461,hsa-mir-146a,MIMAT0000449,PA2G4,ENSG00000170515,5036,other,19944095
mirnet-hsa-1462,hsa-mir-146a,MIMAT0000449,BRCA1,ENSG00000012048,672,other,19944095
mirnet-hsa-1463,hsa-mir-146a,MIMAT0000449,FADD,ENSG00000168040,8772,Western blot,19965651
mirnet-hsa-1464,hsa-mir-146a,MIMAT0000449,METTL7A,ENSG00000185432,25840,other,19944095
mirnet-hsa-1465,hsa-mir-146a,MIMAT0000449,CDKN3,ENSG00000100526,1033,other,19944095
mirnet-hsa-1466,hsa-mir-146a,MIMAT0000449,PRR15,ENSG00000176532,222171,other,19944095
mirnet-hsa-1467,hsa-mir-146a,MIMAT0000449,MCPH1,ENSG00000147316,79648,other,19944095
mirnet-hsa-1468,hsa-mir-146a,MIMAT0000449,MCPH1,ENSG00000285262,79648,other,19944095
mirnet-hsa-1469,hsa-mir-146a,MIMAT0000449,MCM10,ENSG00000065328,55388,other,19944095
mirnet-hsa-1470,hsa-mir-146a,MIMAT0000449,POLE2,ENSG00000100479,5427,other,19944095
mirnet-hsa-1471,hsa-mir-146a,MIMAT0000449,PDIK1L,ENSG00000175087,149420,other,19944095
mirnet-hsa-1472,hsa-mir-146a,MIMAT0000449,VWCE,ENSG00000167992,220001,other,19944095
mirnet-hsa-1473,hsa-mir-146a,MIMAT0000449,LTB,ENSG00000227507,4050,other,19944095
mirnet-hsa-1474,hsa-mir-146a,MIMAT0000449,LTB,ENSG00000204487,4050,other,19944095
mirnet-hsa-1475,hsa-mir-146a,MIMAT0000449,LTB,ENSG00000236237,4050,other,19944095
mirnet-hsa-1476,hsa-mir-146a,MIMAT0000449,LTB,ENSG00000231314,4050,other,19944095
mirnet-hsa-1477,hsa-mir-146a,MIMAT0000449,LTB,ENSG00000238114,4050,other,19944095
mirnet-hsa-1478,hsa-mir-146a,MIMAT0000449,LTB,ENSG00000223448,4050,other,19944095
mirnet-hsa-1479,hsa-mir-146a,MIMAT0000449,LTB,ENSG00000206437,4050,other,19944095
mirnet-hsa-1480,hsa-mir-146a,MIMAT0000449,LTB,ENSG00000236925,4050,other,19944095
mirnet-hsa-1481,hsa-mir-146a,MIMAT0000449,ELL3,ENSG00000128886,80237,other,19944095
mirnet-hsa-1482,hsa-mir-146a,MIMAT0000449,RAD54L,ENSG00000085999,8438,other,19944095
mirnet-hsa-1483,hsa-mir-146a,MIMAT0000449,KIF22,ENSG00000079616,3835,other,19944095
mirnet-hsa-1484,hsa-mir-146a,MIMAT0000449,CFH,ENSG00000000971,3075,other,19944095
mirnet-hsa-1485,hsa-mir-146a,MIMAT0000449,TMSL8,NA,NA,other,19944095
mirnet-hsa-1486,hsa-mir-146a,MIMAT0000449,MR1,ENSG00000153029,3140,other,19944095
mirnet-hsa-1487,hsa-mir-146a,MIMAT0000449,ATOH8,ENSG00000168874,84913,other,19944095
mirnet-hsa-1488,hsa-mir-146a,MIMAT0000449,UHRF1,ENSG00000276043,29128,other,19944095
mirnet-hsa-1489,hsa-mir-146a,MIMAT0000449,TRIM14,ENSG00000106785,9830,other,19944095
mirnet-hsa-1490,hsa-mir-146a,MIMAT0000449,COL13A1,ENSG00000197467,1305,other,19944095
mirnet-hsa-1491,hsa-mir-146a,MIMAT0000449,TIMELESS,ENSG00000111602,8914,other,19944095
mirnet-hsa-1492,hsa-mir-146a,MIMAT0000449,PBLD,ENSG00000108187,64081,other,19944095
mirnet-hsa-1493,hsa-mir-146a,MIMAT0000449,BLMH,ENSG00000108578,642,other,19944095
mirnet-hsa-1494,hsa-mir-146a,MIMAT0000449,NFIX,ENSG00000008441,4784,other,19944095
mirnet-hsa-1495,hsa-mir-146a,MIMAT0000449,PEX11G,ENSG00000104883,92960,other,19944095
mirnet-hsa-1496,hsa-mir-146a,MIMAT0000449,SDCBP2,ENSG00000125775,27111,other,19944095
mirnet-hsa-1497,hsa-mir-146a,MIMAT0000449,PLEKHA4,ENSG00000105559,57664,other,19944095
mirnet-hsa-1498,hsa-mir-146a,MIMAT0000449,IRF-5,NA,NA,Western blot,19333922
mirnet-hsa-1499,hsa-mir-146a,MIMAT0000449,STAT1,ENSG00000115415,6772,Western blot,19333922
mirnet-hsa-1500,hsa-mir-150,MIMAT0000451,MYB,ENSG00000118513,4602,Western blot,18667440
mirnet-hsa-1501,hsa-mir-150,MIMAT0000451,CCNE1,ENSG00000105173,898,Immunoblot analysis,19117988
mirnet-hsa-1502,hsa-mir-150,MIMAT0000451,MYB,ENSG00000118513,4602,Western blot,18814950
mirnet-hsa-1503,hsa-mir-150,MIMAT0000451,MYB,ENSG00000118513,4602,Western blot,18539114
mirnet-hsa-1504,hsa-mir-150,MIMAT0000451,P2RX7,ENSG00000089041,5027,other,18682393
mirnet-hsa-1505,hsa-mir-150,MIMAT0000451,EGR2,ENSG00000122877,1959,other,20067763
mirnet-hsa-1506,hsa-mir-150,MIMAT0000451,MUC4,ENSG00000145113,4585,Western blot,21983127
mirnet-hsa-1507,hsa-mir-150,MIMAT0000451,MUC4,ENSG00000277585,4585,Western blot,21983127
mirnet-hsa-1508,hsa-mir-150,MIMAT0000451,MUC4,ENSG00000273822,4585,Western blot,21983127
mirnet-hsa-1509,hsa-mir-150,MIMAT0000451,MUC4,ENSG00000278468,4585,Western blot,21983127
mirnet-hsa-1510,hsa-mir-150,MIMAT0000451,MUC4,ENSG00000275164,4585,Western blot,21983127
mirnet-hsa-1511,hsa-mir-150,MIMAT0000451,MUC4,ENSG00000273984,4585,Western blot,21983127
mirnet-hsa-1512,hsa-mir-150,MIMAT0000451,MUC4,ENSG00000276613,4585,Western blot,21983127
mirnet-hsa-1513,hsa-mir-150,MIMAT0000451,MUC4,ENSG00000278303,4585,Western blot,21983127
mirnet-hsa-1514,hsa-mir-184,MIMAT0000454,AKT2,ENSG00000105221,208,Western blot,20409325
mirnet-hsa-1515,hsa-mir-184,MIMAT0000454,NFAT1,NA,NA,Western blot,19286996
mirnet-hsa-1516,hsa-mir-185,MIMAT0000455,CCNE1,ENSG00000105173,898,other,19688090
mirnet-hsa-1517,hsa-mir-185,MIMAT0000455,CDK6,ENSG00000105810,1021,other,19688090
mirnet-hsa-1518,hsa-mir-185,MIMAT0000455,AKT1,ENSG00000142208,207,other,19688090
mirnet-hsa-1519,hsa-mir-185,MIMAT0000455,HMGA2,ENSG00000149948,8091,other,19688090
mirnet-hsa-1520,hsa-mir-185,MIMAT0000455,CORO2B,ENSG00000103647,10391,other,19688090
mirnet-hsa-1521,hsa-mir-186,MIMAT0000456,FOXO1,ENSG00000150907,2308,Western blot,20028871
mirnet-hsa-1522,hsa-mir-193a-3p,MIMAT0000459,E2F6,ENSG00000169016,1876,Western blot,18381414
mirnet-hsa-1523,hsa-mir-193a-3p,MIMAT0000459,PTK2,ENSG00000169398,5747,Western blot,18381414
mirnet-hsa-1524,hsa-mir-193a-3p,MIMAT0000459,MCL1,ENSG00000143384,4170,Western blot,18381414
mirnet-hsa-1525,hsa-mir-195,MIMAT0000461,CCND1,ENSG00000110092,595,other,18701644
mirnet-hsa-1526,hsa-mir-195,MIMAT0000461,E2F3,ENSG00000112242,1871,Western blot,19441017
mirnet-hsa-1527,hsa-mir-195,MIMAT0000461,CCND1,ENSG00000110092,595,Western blot,19441017
mirnet-hsa-1528,hsa-mir-195,MIMAT0000461,CDK6,ENSG00000105810,1021,Western blot,19441017
mirnet-hsa-1529,hsa-mir-206,MIMAT0000462,GJA1,ENSG00000152661,2697,other,18155131
mirnet-hsa-1530,hsa-mir-206,MIMAT0000462,TAC1,ENSG00000006128,6863,other,17855557
mirnet-hsa-1531,hsa-mir-206,MIMAT0000462,ESR1,ENSG00000091831,2099,Western blot,17312270
mirnet-hsa-1532,hsa-mir-206,MIMAT0000462,MET,ENSG00000105976,4233,other,19710019
mirnet-hsa-1533,hsa-mir-206,MIMAT0000462,ESR1,ENSG00000091831,2099,other,19684618
mirnet-hsa-1534,hsa-mir-320a,MIMAT0000510,MCL1,ENSG00000143384,4170,Western blot,19070389
mirnet-hsa-1535,hsa-mir-200c,MIMAT0000617,ZEB1,ENSG00000148516,6935,Western blot,18483486
mirnet-hsa-1536,hsa-mir-200c,MIMAT0000617,FOG2,NA,NA,other,20005803
mirnet-hsa-1537,hsa-mir-200c,MIMAT0000617,ERBB2IP,NA,NA,other,20005803
mirnet-hsa-1538,hsa-mir-200c,MIMAT0000617,BAP1,ENSG00000163930,8314,other,20005803
mirnet-hsa-1539,hsa-mir-200c,MIMAT0000617,KLHL20,ENSG00000076321,27252,other,20005803
mirnet-hsa-1540,hsa-mir-200c,MIMAT0000617,PTPRD,ENSG00000153707,5789,other,20005803
mirnet-hsa-1541,hsa-mir-200c,MIMAT0000617,PTPRD,ENSG00000282932,5789,other,20005803
mirnet-hsa-1542,hsa-mir-200c,MIMAT0000617,ELMO2,ENSG00000062598,63916,other,20005803
mirnet-hsa-1543,hsa-mir-200c,MIMAT0000617,WDR37,ENSG00000047056,22884,other,20005803
mirnet-hsa-1544,hsa-mir-200c,MIMAT0000617,ERRFI1,ENSG00000116285,54206,other,19671845
mirnet-hsa-1545,hsa-mir-200c,MIMAT0000617,ZEB1,ENSG00000148516,6935,phenotypic analysis of target gene,19502803
mirnet-hsa-1546,hsa-mir-200c,MIMAT0000617,JAG1,ENSG00000101384,182,Western blot,21224847
mirnet-hsa-1547,hsa-mir-155,MIMAT0000646,AGTR1,ENSG00000144891,185,radioreceptor binding assays,16675453
mirnet-hsa-1548,hsa-mir-155,MIMAT0000646,BACH1,ENSG00000156273,571,other,17881434
mirnet-hsa-1549,hsa-mir-155,MIMAT0000646,LDOC1,ENSG00000182195,23641,other,17881434
mirnet-hsa-1550,hsa-mir-155,MIMAT0000646,MATR3,ENSG00000015479,9782,other,17881434
mirnet-hsa-1551,hsa-mir-155,MIMAT0000646,MATR3,ENSG00000280987,9782,other,17881434
mirnet-hsa-1552,hsa-mir-155,MIMAT0000646,TM6SF1,ENSG00000136404,53346,other,17881434
mirnet-hsa-1553,hsa-mir-155,MIMAT0000646,AGTR1,ENSG00000144891,185,other,17588946
mirnet-hsa-1554,hsa-mir-155,MIMAT0000646,AGTR1,ENSG00000144891,185,other,17668390
mirnet-hsa-1555,hsa-mir-155,MIMAT0000646,RHOA,ENSG00000067560,387,immunoblotting,18794355
mirnet-hsa-1556,hsa-mir-155,MIMAT0000646,ETS1,ENSG00000134954,2113,other,18950466
mirnet-hsa-1557,hsa-mir-155,MIMAT0000646,MEIS1,ENSG00000143995,4211,Western blot,18950466
mirnet-hsa-1558,hsa-mir-155,MIMAT0000646,MAP3K7IP2,NA,NA,other,19193853
mirnet-hsa-1559,hsa-mir-155,MIMAT0000646,CYR61,NA,NA,Western blot,20452491
mirnet-hsa-1560,hsa-mir-155,MIMAT0000646,MyD88,NA,NA,Western blot,20219467
mirnet-hsa-1561,hsa-mir-155,MIMAT0000646,FOXO3,ENSG00000118689,2309,Western blot,20371610
mirnet-hsa-1562,hsa-mir-155,MIMAT0000646,SOCS1,ENSG00000185338,8651,Immunofluorescence,20354188
mirnet-hsa-1563,hsa-mir-155,MIMAT0000646,SHIP,NA,NA,Western blot,19890474
mirnet-hsa-1564,hsa-mir-155,MIMAT0000646,CEBPB,ENSG00000172216,1051,Western blot,19887047
mirnet-hsa-1565,hsa-mir-155,MIMAT0000646,JARID2,ENSG00000008083,3720,other,19759154
mirnet-hsa-1566,hsa-mir-155,MIMAT0000646,KGF,NA,NA,ELISA,19701459
mirnet-hsa-1567,hsa-mir-155,MIMAT0000646,IKBKE,ENSG00000263528,9641,Western blot,19650740
mirnet-hsa-1568,hsa-mir-155,MIMAT0000646,SMAD2,ENSG00000175387,4087,Western blot,19650740
mirnet-hsa-1569,hsa-mir-155,MIMAT0000646,FADD,ENSG00000168040,8772,Western blot,19650740
mirnet-hsa-1570,hsa-mir-155,MIMAT0000646,MeCP2,NA,NA,Western blot,19897480
mirnet-hsa-1571,hsa-mir-155,MIMAT0000646,CCND1,ENSG00000110092,595,other,19538740
mirnet-hsa-1572,hsa-mir-155,MIMAT0000646,SPI1,ENSG00000066336,6688,Western blot,19386588
mirnet-hsa-1573,hsa-mir-155,MIMAT0000646,CTLA-4,NA,NA,flow cytometry,20673989
mirnet-hsa-1574,hsa-mir-106b,MIMAT0000680,TAF6L,ENSG00000162227,10629,other,18728182
mirnet-hsa-1575,hsa-mir-106b,MIMAT0000680,ITCH,ENSG00000078747,83737,Western blot,19096009
mirnet-hsa-1576,hsa-mir-106b,MIMAT0000680,E2F1,ENSG00000101412,1869,Western blot,19486339
mirnet-hsa-1577,hsa-mir-106b,MIMAT0000680,CDKN1A,ENSG00000124762,1026,Western blot,19422085
mirnet-hsa-1578,hsa-mir-106b,MIMAT0000680,E2F1,ENSG00000101412,1869,Western blot,18328430
mirnet-hsa-1579,hsa-mir-106b,MIMAT0000680,CDKN1A,ENSG00000124762,1026,Western blot,18328430
mirnet-hsa-1580,hsa-mir-106b,MIMAT0000680,VEGFA,ENSG00000112715,7422,ELISA,18320040
mirnet-hsa-1581,hsa-mir-106b,MIMAT0000680,CDKN1A,ENSG00000124762,1026,Western blot,18212054
mirnet-hsa-1582,hsa-mir-29c,MIMAT0000681,DNMT3A,ENSG00000119772,1788,other,17890317
mirnet-hsa-1583,hsa-mir-29c,MIMAT0000681,DNMT3B,ENSG00000088305,1789,other,17890317
mirnet-hsa-1584,hsa-mir-29c,MIMAT0000681,COL3A1,ENSG00000168542,1281,other,18390668
mirnet-hsa-1585,hsa-mir-29c,MIMAT0000681,COL4A1,ENSG00000187498,1282,other,18390668
mirnet-hsa-1586,hsa-mir-29c,MIMAT0000681,COL15A1,ENSG00000204291,1306,other,18390668
mirnet-hsa-1587,hsa-mir-29c,MIMAT0000681,LAMC1,ENSG00000135862,3915,other,18390668
mirnet-hsa-1588,hsa-mir-29c,MIMAT0000681,TDG,ENSG00000139372,6996,other,18390668
mirnet-hsa-1589,hsa-mir-29c,MIMAT0000681,FUSIP1,NA,NA,other,18390668
mirnet-hsa-1590,hsa-mir-29c,MIMAT0000681,COL1A1,ENSG00000108821,1277,other,18390668
mirnet-hsa-1591,hsa-mir-29c,MIMAT0000681,COL1A2,ENSG00000164692,1278,other,18390668
mirnet-hsa-1592,hsa-mir-29c,MIMAT0000681,COL4A2,ENSG00000134871,1284,other,18390668
mirnet-hsa-1593,hsa-mir-29c,MIMAT0000681,FBN1,ENSG00000166147,2200,other,18390668
mirnet-hsa-1594,hsa-mir-29c,MIMAT0000681,CDC42,ENSG00000070831,998,Western blot,19079265
mirnet-hsa-1595,hsa-mir-29c,MIMAT0000681,PIK3R1,ENSG00000145675,5295,Western blot,19079265
mirnet-hsa-1596,hsa-mir-200a,MIMAT0000682,ZEB2,ENSG00000169554,9839,other,18376396
mirnet-hsa-1597,hsa-mir-200a,MIMAT0000682,ZEB1,ENSG00000148516,6935,other,18376396
mirnet-hsa-1598,hsa-mir-200a,MIMAT0000682,ZEB2,ENSG00000169554,9839,other,20037478
mirnet-hsa-1599,hsa-mir-200a,MIMAT0000682,FOG2,NA,NA,other,20005803
mirnet-hsa-1600,hsa-mir-200a,MIMAT0000682,ERBB2IP,NA,NA,other,20005803
mirnet-hsa-1601,hsa-mir-200a,MIMAT0000682,BAP1,ENSG00000163930,8314,other,20005803
mirnet-hsa-1602,hsa-mir-200a,MIMAT0000682,KLHL20,ENSG00000076321,27252,other,20005803
mirnet-hsa-1603,hsa-mir-200a,MIMAT0000682,PTPRD,ENSG00000153707,5789,other,20005803
mirnet-hsa-1604,hsa-mir-200a,MIMAT0000682,PTPRD,ENSG00000282932,5789,other,20005803
mirnet-hsa-1605,hsa-mir-200a,MIMAT0000682,ELMO2,ENSG00000062598,63916,other,20005803
mirnet-hsa-1606,hsa-mir-200a,MIMAT0000682,WDR37,ENSG00000047056,22884,other,20005803
mirnet-hsa-1607,hsa-mir-200a,MIMAT0000682,CTNNBIP1,ENSG00000178585,56998,Western blot,19703993
mirnet-hsa-1608,hsa-mir-302a,MIMAT0000684,CCND1,ENSG00000110092,595,Western blot,18710938
mirnet-hsa-1609,hsa-mir-302a,MIMAT0000684,LEFTY1,ENSG00000243709,10637,other,19386261
mirnet-hsa-1610,hsa-mir-302a,MIMAT0000684,LEFTY2,ENSG00000143768,7044,other,19386261
mirnet-hsa-1611,hsa-mir-302a,MIMAT0000684,CCND1,ENSG00000110092,595,Western blot,21062975
mirnet-hsa-1612,hsa-mir-34b*,MIMAT0000685,VEGFA,ENSG00000112715,7422,ELISA,18320040
mirnet-hsa-1613,hsa-mir-34b*,MIMAT0000685,CREB1,ENSG00000118260,1385,Western blot,19258499
mirnet-hsa-1614,hsa-mir-34b*,MIMAT0000685,MYC,ENSG00000136997,4609,Western blot,20212154
mirnet-hsa-1615,hsa-mir-34c-5p,MIMAT0000686,MYC,ENSG00000136997,4609,Western blot,20212154
mirnet-hsa-1616,hsa-mir-99b,MIMAT0000689,RAVER2,ENSG00000162437,55225,other,17637574
mirnet-hsa-1617,hsa-mir-296-5p,MIMAT0000690,HGS,ENSG00000185359,9146,other,18977327
mirnet-hsa-1618,hsa-mir-296-5p,MIMAT0000690,CCND1,ENSG00000110092,595,Western blot,20485139
mirnet-hsa-1619,hsa-mir-296-5p,MIMAT0000690,CDKN1B,ENSG00000111276,1027,Western blot,20485139
mirnet-hsa-1620,hsa-mir-296-5p,MIMAT0000690,ABCB1,ENSG00000085563,5243,Western blot,20485139
mirnet-hsa-1621,hsa-mir-296-5p,MIMAT0000690,BCL2,ENSG00000171791,596,Western blot,20485139
mirnet-hsa-1622,hsa-mir-296-5p,MIMAT0000690,BAX,ENSG00000087088,581,Western blot,20485139
mirnet-hsa-1623,hsa-mir-30e,MIMAT0000692,UBE2I,ENSG00000103275,7329,Western blot,19223510
mirnet-hsa-1624,hsa-mir-30e*,MIMAT0000693,IŒ∫BŒ±,NA,NA,other,22156201
mirnet-hsa-1625,hsa-mir-365,MIMAT0000710,HDAC4,ENSG00000068024,9759,Western blot,21856783
mirnet-hsa-1626,hsa-mir-302b*,MIMAT0000714,FMR1,ENSG00000102081,2332,other,20435064
mirnet-hsa-1627,hsa-mir-302b,MIMAT0000715,CCND2,ENSG00000118971,894,other,18930031
mirnet-hsa-1628,hsa-mir-302b,MIMAT0000715,TP63,ENSG00000073282,8626,Western blot,19342891
mirnet-hsa-1629,hsa-mir-302b,MIMAT0000715,BMI1,ENSG00000168283,648,Western blot,21062975
mirnet-hsa-1630,hsa-mir-302c,MIMAT0000717,ESR1,ENSG00000091831,2099,other,19684618
mirnet-hsa-1631,hsa-mir-302c,MIMAT0000717,CCND1,ENSG00000110092,595,Western blot,21062975
mirnet-hsa-1632,hsa-mir-302d,MIMAT0000718,TRPS1,ENSG00000104447,7227,other,19229866
mirnet-hsa-1633,hsa-mir-302d,MIMAT0000718,MBNL2,ENSG00000139793,10150,other,19229866
mirnet-hsa-1634,hsa-mir-302d,MIMAT0000718,KLF13,ENSG00000169926,51621,other,19229866
mirnet-hsa-1635,hsa-mir-302d,MIMAT0000718,KLF13,ENSG00000275746,51621,other,19229866
mirnet-hsa-1636,hsa-mir-302d,MIMAT0000718,NR4A2,ENSG00000153234,4929,other,19885849
mirnet-hsa-1637,hsa-mir-302d,MIMAT0000718,ERBB4,ENSG00000178568,2066,other,19885849
mirnet-hsa-1638,hsa-mir-302d,MIMAT0000718,CDK2,ENSG00000123374,1017,Western blot,21062975
mirnet-hsa-1639,hsa-mir-302d,MIMAT0000718,CCND2,ENSG00000118971,894,Western blot,21062975
mirnet-hsa-1640,hsa-mir-302d,MIMAT0000718,VEGFA,ENSG00000112715,7422,ELISA,18320040
mirnet-hsa-1641,hsa-mir-370,MIMAT0000722,MAP3K8,ENSG00000107968,1326,Western blot,17621267
mirnet-hsa-1642,hsa-mir-372,MIMAT0000724,LATS2,ENSG00000150457,26524,Western blot,16564011
mirnet-hsa-1643,hsa-mir-372,MIMAT0000724,VEGFA,ENSG00000112715,7422,ELISA,18320040
mirnet-hsa-1644,hsa-mir-372,MIMAT0000724,LATS2,ENSG00000150457,26524,other,18155131
mirnet-hsa-1645,hsa-mir-372,MIMAT0000724,TRPS1,ENSG00000104447,7227,other,19229866
mirnet-hsa-1646,hsa-mir-372,MIMAT0000724,MBNL2,ENSG00000139793,10150,other,19229866
mirnet-hsa-1647,hsa-mir-372,MIMAT0000724,KLF13,ENSG00000169926,51621,other,19229866
mirnet-hsa-1648,hsa-mir-372,MIMAT0000724,KLF13,ENSG00000275746,51621,other,19229866
mirnet-hsa-1649,hsa-mir-372,MIMAT0000724,NR4A2,ENSG00000153234,4929,other,19885849
mirnet-hsa-1650,hsa-mir-372,MIMAT0000724,ERBB4,ENSG00000178568,2066,other,19885849
mirnet-hsa-1651,hsa-mir-372,MIMAT0000724,RECK,ENSG00000122707,8434,Western blot,20154725
mirnet-hsa-1652,hsa-mir-373,MIMAT0000726,LATS2,ENSG00000150457,26524,Western blot,16564011
mirnet-hsa-1653,hsa-mir-373,MIMAT0000726,CD44,ENSG00000026508,960,Western blot,18193036
mirnet-hsa-1654,hsa-mir-373,MIMAT0000726,RPIA,ENSG00000153574,22934,other,15685193
mirnet-hsa-1655,hsa-mir-373,MIMAT0000726,ZHX1,ENSG00000165156,11244,other,15685193
mirnet-hsa-1656,hsa-mir-373,MIMAT0000726,C4orf28,NA,NA,other,15685193
mirnet-hsa-1657,hsa-mir-373,MIMAT0000726,TTC8,ENSG00000165533,123016,other,15685193
mirnet-hsa-1658,hsa-mir-373,MIMAT0000726,ADAM9,ENSG00000168615,8754,other,15685193
mirnet-hsa-1659,hsa-mir-373,MIMAT0000726,ADAM9,ENSG00000282230,8754,other,15685193
mirnet-hsa-1660,hsa-mir-373,MIMAT0000726,MED28,ENSG00000118579,80306,other,15685193
mirnet-hsa-1661,hsa-mir-373,MIMAT0000726,C13orf27,NA,NA,other,15685193
mirnet-hsa-1662,hsa-mir-373,MIMAT0000726,AOF1,NA,NA,other,15685193
mirnet-hsa-1663,hsa-mir-373,MIMAT0000726,MICA,ENSG00000204520,100507436,other,15685193
mirnet-hsa-1664,hsa-mir-373,MIMAT0000726,MICA,ENSG00000231225,100507436,other,15685193
mirnet-hsa-1665,hsa-mir-373,MIMAT0000726,MICA,ENSG00000233051,100507436,other,15685193
mirnet-hsa-1666,hsa-mir-373,MIMAT0000726,MICA,ENSG00000183214,100507436,other,15685193
mirnet-hsa-1667,hsa-mir-373,MIMAT0000726,MICA,ENSG00000235233,100507436,other,15685193
mirnet-hsa-1668,hsa-mir-373,MIMAT0000726,CNOT6,ENSG00000113300,57472,other,15685193
mirnet-hsa-1669,hsa-mir-373,MIMAT0000726,39692,NA,NA,other,15685193
mirnet-hsa-1670,hsa-mir-373,MIMAT0000726,C9orf78,ENSG00000136819,51759,other,15685193
mirnet-hsa-1671,hsa-mir-373,MIMAT0000726,ANKRD13B,ENSG00000198720,124930,other,15685193
mirnet-hsa-1672,hsa-mir-373,MIMAT0000726,ANKRD52,ENSG00000139645,283373,other,15685193
mirnet-hsa-1673,hsa-mir-373,MIMAT0000726,SLC25A23,ENSG00000125648,79085,other,15685193
mirnet-hsa-1674,hsa-mir-373,MIMAT0000726,KIAA1919,NA,NA,other,15685193
mirnet-hsa-1675,hsa-mir-373,MIMAT0000726,HSPA14,ENSG00000187522,51182,other,15685193
mirnet-hsa-1676,hsa-mir-373,MIMAT0000726,HSPA14,ENSG00000284024,51182,other,15685193
mirnet-hsa-1677,hsa-mir-373,MIMAT0000726,ZNF226,ENSG00000167380,7769,other,15685193
mirnet-hsa-1678,hsa-mir-373,MIMAT0000726,STK4,ENSG00000101109,6789,other,15685193
mirnet-hsa-1679,hsa-mir-373,MIMAT0000726,TMEM14A,ENSG00000096092,28978,other,15685193
mirnet-hsa-1680,hsa-mir-373,MIMAT0000726,PDIK1L,ENSG00000175087,149420,other,15685193
mirnet-hsa-1681,hsa-mir-373,MIMAT0000726,TFAP4,ENSG00000090447,7023,other,15685193
mirnet-hsa-1682,hsa-mir-373,MIMAT0000726,TBC1D2,ENSG00000095383,55357,other,15685193
mirnet-hsa-1683,hsa-mir-373,MIMAT0000726,TMEM9B,ENSG00000175348,56674,other,15685193
mirnet-hsa-1684,hsa-mir-373,MIMAT0000726,NIN,ENSG00000100503,51199,other,15685193
mirnet-hsa-1685,hsa-mir-373,MIMAT0000726,UBH1,NA,NA,other,15685193
mirnet-hsa-1686,hsa-mir-373,MIMAT0000726,BAZ1A,ENSG00000198604,11177,other,15685193
mirnet-hsa-1687,hsa-mir-373,MIMAT0000726,PRC1,ENSG00000198901,9055,other,15685193
mirnet-hsa-1688,hsa-mir-373,MIMAT0000726,GLTP,ENSG00000139433,51228,other,15685193
mirnet-hsa-1689,hsa-mir-373,MIMAT0000726,INSIG2,ENSG00000125629,51141,other,15685193
mirnet-hsa-1690,hsa-mir-373,MIMAT0000726,TUSC2,ENSG00000114383,11334,other,15685193
mirnet-hsa-1691,hsa-mir-373,MIMAT0000726,CDC2L6,NA,NA,other,15685193
mirnet-hsa-1692,hsa-mir-373,MIMAT0000726,CFL2,ENSG00000165410,1073,other,15685193
mirnet-hsa-1693,hsa-mir-373,MIMAT0000726,CENPF,ENSG00000117724,1063,other,15685193
mirnet-hsa-1694,hsa-mir-373,MIMAT0000726,GPSM2,ENSG00000121957,29899,other,15685193
mirnet-hsa-1695,hsa-mir-373,MIMAT0000726,C20orf142,NA,NA,other,15685193
mirnet-hsa-1696,hsa-mir-373,MIMAT0000726,STX11,ENSG00000135604,8676,other,15685193
mirnet-hsa-1697,hsa-mir-373,MIMAT0000726,TNFAIP1,ENSG00000109079,7126,other,15685193
mirnet-hsa-1698,hsa-mir-373,MIMAT0000726,RNF149,ENSG00000163162,284996,other,15685193
mirnet-hsa-1699,hsa-mir-373,MIMAT0000726,C12orf23,NA,NA,other,15685193
mirnet-hsa-1700,hsa-mir-373,MIMAT0000726,CYB5R4,ENSG00000065615,51167,other,15685193
mirnet-hsa-1701,hsa-mir-373,MIMAT0000726,GBP3,ENSG00000117226,2635,other,15685193
mirnet-hsa-1702,hsa-mir-373,MIMAT0000726,CD83,ENSG00000112149,9308,other,15685193
mirnet-hsa-1703,hsa-mir-373,MIMAT0000726,FYCO1,ENSG00000163820,79443,other,15685193
mirnet-hsa-1704,hsa-mir-373,MIMAT0000726,PBK,ENSG00000168078,55872,other,15685193
mirnet-hsa-1705,hsa-mir-373,MIMAT0000726,CMTM4,ENSG00000183723,146223,other,15685193
mirnet-hsa-1706,hsa-mir-373,MIMAT0000726,ARHGEF3,ENSG00000163947,50650,other,15685193
mirnet-hsa-1707,hsa-mir-373,MIMAT0000726,MKRN1,ENSG00000133606,23608,other,15685193
mirnet-hsa-1708,hsa-mir-373,MIMAT0000726,LMNB1,ENSG00000113368,4001,other,15685193
mirnet-hsa-1709,hsa-mir-373,MIMAT0000726,LUC7L2,ENSG00000146963,51631,other,15685193
mirnet-hsa-1710,hsa-mir-373,MIMAT0000726,HERPUD1,ENSG00000051108,9709,other,15685193
mirnet-hsa-1711,hsa-mir-373,MIMAT0000726,VPS26A,ENSG00000122958,9559,other,15685193
mirnet-hsa-1712,hsa-mir-373,MIMAT0000726,KLHL12,ENSG00000117153,59349,other,15685193
mirnet-hsa-1713,hsa-mir-373,MIMAT0000726,MYBL1,ENSG00000185697,4603,other,15685193
mirnet-hsa-1714,hsa-mir-373,MIMAT0000726,NUPL1,NA,NA,other,15685193
mirnet-hsa-1715,hsa-mir-373,MIMAT0000726,LOC51035,NA,NA,other,15685193
mirnet-hsa-1716,hsa-mir-373,MIMAT0000726,KIAA1399,NA,NA,other,15685193
mirnet-hsa-1717,hsa-mir-373,MIMAT0000726,CD24,ENSG00000272398,100133941,other,15685193
mirnet-hsa-1718,hsa-mir-373,MIMAT0000726,PHC2,ENSG00000134686,1912,other,15685193
mirnet-hsa-1719,hsa-mir-373,MIMAT0000726,PCGF5,ENSG00000180628,84333,other,15685193
mirnet-hsa-1720,hsa-mir-373,MIMAT0000726,C2orf18,NA,NA,other,15685193
mirnet-hsa-1721,hsa-mir-373,MIMAT0000726,C5orf5,NA,NA,other,15685193
mirnet-hsa-1722,hsa-mir-373,MIMAT0000726,GBAS,NA,NA,other,15685193
mirnet-hsa-1723,hsa-mir-373,MIMAT0000726,KIF23,ENSG00000137807,9493,other,15685193
mirnet-hsa-1724,hsa-mir-373,MIMAT0000726,CD44,ENSG00000026508,960,Western blot,19158933
mirnet-hsa-1725,hsa-mir-373,MIMAT0000726,RECK,ENSG00000122707,8434,Western blot,20154725
mirnet-hsa-1726,hsa-mir-373,MIMAT0000726,VEGFA,ENSG00000112715,7422,ELISA,18320040
mirnet-hsa-1727,hsa-mir-375,MIMAT0000728,YAP1,ENSG00000137693,10413,other,20100814
mirnet-hsa-1728,hsa-mir-375,MIMAT0000728,YWHAZ,ENSG00000164924,7534,Western blot,20215506
mirnet-hsa-1729,hsa-mir-375,MIMAT0000728,JAK2,ENSG00000096968,3717,Western blot,20548334
mirnet-hsa-1730,hsa-mir-377,MIMAT0000730,PAK1,ENSG00000149269,5058,Western blot,18716028
mirnet-hsa-1731,hsa-mir-378*,MIMAT0000731,TUSC2,ENSG00000114383,11334,Western blot,18077375
mirnet-hsa-1732,hsa-mir-378*,MIMAT0000731,SUFU,ENSG00000107882,51684,Western blot,18077375
mirnet-hsa-1733,hsa-mir-378,MIMAT0000732,VEGFA,ENSG00000112715,7422,ELISA,18320040
mirnet-hsa-1734,hsa-mir-379,MIMAT0000733,rs2737,NA,NA,other,21394385
mirnet-hsa-1735,hsa-mir-381,MIMAT0000736,LRRC4,ENSG00000128594,64101,immunocytochemistry,21435336
mirnet-hsa-1736,hsa-mir-330-3p,MIMAT0000751,E2F1,ENSG00000101412,1869,Western blot,19597470
mirnet-hsa-1737,hsa-mir-323-3p,MIMAT0000755,FMR1,ENSG00000102081,2332,other,20435064
mirnet-hsa-1738,hsa-mir-326,MIMAT0000756,SMO,ENSG00000128602,6608,Western blot,18756266
mirnet-hsa-1739,hsa-mir-135b,MIMAT0000758,APC,ENSG00000134982,324,Western blot,18632633
mirnet-hsa-1740,hsa-mir-148b,MIMAT0000759,DNMT3B,ENSG00000088305,1789,Western blot,18367714
mirnet-hsa-1741,hsa-mir-148b,MIMAT0000759,CCKBR,ENSG00000110148,887,Western blot,21205300
mirnet-hsa-1742,hsa-mir-148b,MIMAT0000759,DNMT1,ENSG00000130816,1786,other,21205300
mirnet-hsa-1743,hsa-mir-148b,MIMAT0000759,WNT10B,ENSG00000169884,7480,other,21205300
mirnet-hsa-1744,hsa-mir-148b,MIMAT0000759,NOG,ENSG00000183691,9241,other,21205300
mirnet-hsa-1745,hsa-mir-148b,MIMAT0000759,ROBO1,ENSG00000169855,6091,other,21205300
mirnet-hsa-1746,hsa-mir-331-3p,MIMAT0000760,CDCA5,ENSG00000146670,113130,other,19996289
mirnet-hsa-1747,hsa-mir-331-3p,MIMAT0000760,KIF23,ENSG00000137807,9493,other,19996289
mirnet-hsa-1748,hsa-mir-331-3p,MIMAT0000760,ERBB2,ENSG00000141736,2064,Western blot,19584056
mirnet-hsa-1749,hsa-mir-324-5p,MIMAT0000761,GLI1,ENSG00000111087,2735,Western blot,18756266
mirnet-hsa-1750,hsa-mir-324-5p,MIMAT0000761,SMO,ENSG00000128602,6608,Western blot,18756266
mirnet-hsa-1751,hsa-mir-338-3p,MIMAT0000763,UBE2Q1,ENSG00000160714,55585,other,18684991
mirnet-hsa-1752,hsa-mir-335,MIMAT0000765,SOX4,ENSG00000124766,6659,other,18185580
mirnet-hsa-1753,hsa-mir-335,MIMAT0000765,PTPRN2,ENSG00000155093,5799,other,18185580
mirnet-hsa-1754,hsa-mir-335,MIMAT0000765,PTPRN2,ENSG00000282185,5799,other,18185580
mirnet-hsa-1755,hsa-mir-335,MIMAT0000765,MERTK,ENSG00000153208,10461,other,18185580
mirnet-hsa-1756,hsa-mir-133b,MIMAT0000770,PTBP2,ENSG00000117569,58155,Western blot,17210790
mirnet-hsa-1757,hsa-mir-133b,MIMAT0000770,PITX3,ENSG00000107859,5309,Western blot,17761882
mirnet-hsa-1758,hsa-mir-133b,MIMAT0000770,PKM2,NA,NA,Western blot,18464261
mirnet-hsa-1759,hsa-mir-133b,MIMAT0000770,KLF15,ENSG00000163884,28999,Western blot,19720047
mirnet-hsa-1760,hsa-mir-346,MIMAT0000773,LIF,ENSG00000128342,3976,ELISA,19011087
mirnet-hsa-1761,hsa-mir-424,MIMAT0001341,NFIA,ENSG00000162599,4774,other,18056638
mirnet-hsa-1762,hsa-mir-424,MIMAT0001341,CDK6,ENSG00000105810,1021,Western blot,18701644
mirnet-hsa-1763,hsa-mir-424,MIMAT0001341,CCNE1,ENSG00000105173,898,Western blot,18701644
mirnet-hsa-1764,hsa-mir-424,MIMAT0001341,CCND3,ENSG00000112576,896,Western blot,18701644
mirnet-hsa-1765,hsa-mir-424,MIMAT0001341,CCND1,ENSG00000110092,595,Western blot,18701644
mirnet-hsa-1766,hsa-mir-424,MIMAT0001341,FGFR1,ENSG00000077782,2260,other,20065103
mirnet-hsa-1767,hsa-mir-424,MIMAT0001341,MAP2K1,ENSG00000169032,5604,other,20065103
mirnet-hsa-1768,hsa-mir-424,MIMAT0001341,PLAG1,ENSG00000181690,5324,other,19692702
mirnet-hsa-1769,hsa-mir-424,MIMAT0001341,VEGFR2,NA,NA,Western blot,21885851
mirnet-hsa-1770,hsa-mir-424,MIMAT0001341,FGFR1,ENSG00000077782,2260,Western blot,21885851
mirnet-hsa-1771,hsa-mir-424,MIMAT0001341,VEGF,NA,NA,Western blot,21885851
mirnet-hsa-1772,hsa-mir-20b,MIMAT0001413,ESR1,ENSG00000091831,2099,Luciferase activity assay,19706389
mirnet-hsa-1773,hsa-mir-20b,MIMAT0001413,VEGFA,ENSG00000112715,7422,ELISA,18320040
mirnet-hsa-1774,hsa-mir-429,MIMAT0001536,RERE,ENSG00000142599,473,other,17923093
mirnet-hsa-1775,hsa-mir-429,MIMAT0001536,FOG2,NA,NA,other,20005803
mirnet-hsa-1776,hsa-mir-429,MIMAT0001536,ERBB2IP,NA,NA,other,20005803
mirnet-hsa-1777,hsa-mir-429,MIMAT0001536,BAP1,ENSG00000163930,8314,other,20005803
mirnet-hsa-1778,hsa-mir-429,MIMAT0001536,KLHL20,ENSG00000076321,27252,other,20005803
mirnet-hsa-1779,hsa-mir-429,MIMAT0001536,PTPRD,ENSG00000153707,5789,other,20005803
mirnet-hsa-1780,hsa-mir-429,MIMAT0001536,PTPRD,ENSG00000282932,5789,other,20005803
mirnet-hsa-1781,hsa-mir-429,MIMAT0001536,ELMO2,ENSG00000062598,63916,other,20005803
mirnet-hsa-1782,hsa-mir-429,MIMAT0001536,WDR37,ENSG00000047056,22884,other,20005803
mirnet-hsa-1783,hsa-mir-429,MIMAT0001536,ERRFI1,ENSG00000116285,54206,other,19671845
mirnet-hsa-1784,hsa-mir-449a,MIMAT0001541,WISP2,NA,NA,other,19351815
mirnet-hsa-1785,hsa-mir-433,MIMAT0001627,FGF20,ENSG00000078579,26281,other,18252210
mirnet-hsa-1786,hsa-mir-433,MIMAT0001627,HDAC6,ENSG00000094631,10013,Western blot,20181727
mirnet-hsa-1787,hsa-mir-451,MIMAT0001631,ABCB1,ENSG00000085563,5243,other,18645025
mirnet-hsa-1788,hsa-mir-451,MIMAT0001631,MIF,ENSG00000240972,4282,Western blot,19318487
mirnet-hsa-1789,hsa-mir-451,MIMAT0001631,MIF,ENSG00000276701,4282,Western blot,19318487
mirnet-hsa-1790,hsa-mir-485-3p,MIMAT0002176,NTRK3,ENSG00000140538,4916,other,19370765
mirnet-hsa-1791,hsa-mir-489,MIMAT0002805,GCA,ENSG00000115271,25801,other,19440384
mirnet-hsa-1792,hsa-mir-489,MIMAT0002805,PEX7,ENSG00000112357,5191,other,19440384
mirnet-hsa-1793,hsa-mir-146b-5p,MIMAT0002809,MMP16,ENSG00000156103,4325,other,19265686
mirnet-hsa-1794,hsa-mir-494,MIMAT0002816,PTEN,ENSG00000171862,5728,Western blot,20006626
mirnet-hsa-1795,hsa-mir-494,MIMAT0002816,PTEN,ENSG00000284792,5728,Western blot,20006626
mirnet-hsa-1796,hsa-mir-193b,MIMAT0002819,PLAU,ENSG00000122861,5328,Western blot,19701247
mirnet-hsa-1797,hsa-mir-193b,MIMAT0002819,ESR1,ENSG00000091831,2099,other,19684618
mirnet-hsa-1798,hsa-mir-181d,MIMAT0002821,NLK,ENSG00000087095,51701,Western blot,19585654
mirnet-hsa-1799,hsa-mir-181d,MIMAT0002821,CDX2,ENSG00000165556,1045,Western blot,19585654
mirnet-hsa-1800,hsa-mir-181d,MIMAT0002821,GATA6,ENSG00000141448,2627,Western blot,19585654
mirnet-hsa-1801,hsa-mir-512-3p,MIMAT0002823,CFLAR,ENSG00000003402,8837,other,20372864
mirnet-hsa-1802,hsa-mir-519c-3p,MIMAT0002832,ABCG2,ENSG00000118777,9429,other,18573883
mirnet-hsa-1803,hsa-mir-520b,MIMAT0002843,MICA,ENSG00000204520,100507436,other,19109132
mirnet-hsa-1804,hsa-mir-520b,MIMAT0002843,MICA,ENSG00000231225,100507436,other,19109132
mirnet-hsa-1805,hsa-mir-520b,MIMAT0002843,MICA,ENSG00000233051,100507436,other,19109132
mirnet-hsa-1806,hsa-mir-520b,MIMAT0002843,MICA,ENSG00000183214,100507436,other,19109132
mirnet-hsa-1807,hsa-mir-520b,MIMAT0002843,MICA,ENSG00000235233,100507436,other,19109132
mirnet-hsa-1808,hsa-mir-520c-3p,MIMAT0002846,APP,ENSG00000142192,351,Western blot,18684319
mirnet-hsa-1809,hsa-mir-520g,MIMAT0002858,VEGFA,ENSG00000112715,7422,ELISA,18320040
mirnet-hsa-1810,hsa-mir-520h,MIMAT0002867,VEGFA,ENSG00000112715,7422,ELISA,18320040
mirnet-hsa-1811,hsa-mir-520h,MIMAT0002867,ABCG2,ENSG00000118777,9429,other,18189265
mirnet-hsa-1812,hsa-mir-502-5p,MIMAT0002873,SET8,NA,NA,other,19789321
mirnet-hsa-1813,hsa-mir-503,MIMAT0002874,CCND1,ENSG00000110092,595,Western blot,19538740
mirnet-hsa-1814,hsa-mir-503,MIMAT0002874,CDC25A,ENSG00000164045,993,Western blot,21220732
mirnet-hsa-1815,hsa-mir-503,MIMAT0002874,CCNE1,ENSG00000105173,898,Western blot,21220732
mirnet-hsa-1816,hsa-mir-504,MIMAT0002875,VEGFA,ENSG00000112715,7422,ELISA,18320040
mirnet-hsa-1817,hsa-mir-513a-5p,MIMAT0002877,CD274,ENSG00000120217,29126,other,19155478
mirnet-hsa-1818,hsa-mir-509-3p,MIMAT0002881,NTRK3,ENSG00000140538,4916,other,19370765
mirnet-hsa-1819,hsa-mir-510,MIMAT0002882,HTR3E,ENSG00000186038,285242,other,18614545
mirnet-hsa-1820,hsa-mir-510,MIMAT0002882,SPDEF,ENSG00000124664,25803,other,18922924
mirnet-hsa-1821,hsa-mir-532-5p,MIMAT0002888,RUNX3,ENSG00000020633,864,Western blot,19336521
mirnet-hsa-1822,hsa-mir-18a*,MIMAT0002891,KRAS,ENSG00000133703,3845,Western blot,19372139
mirnet-hsa-1823,hsa-mir-92b,MIMAT0003218,CDKN1C,ENSG00000129757,1028,Western blot,19544458
mirnet-hsa-1824,hsa-mir-92b,MIMAT0003218,CDKN1C,ENSG00000273707,1028,Western blot,19544458
mirnet-hsa-1825,hsa-mir-559,MIMAT0003223,MTA1,ENSG00000182979,9112,Western blot,19584269
mirnet-hsa-1826,hsa-mir-559,MIMAT0003223,ERBB2,ENSG00000141736,2064,other,19486885
mirnet-hsa-1827,hsa-mir-605,MIMAT0003273,SEC24D,ENSG00000150961,9871,Western blot,19336450
mirnet-hsa-1828,hsa-mir-622,MIMAT0003291,ING1,ENSG00000153487,3621,Western blot,21528065
mirnet-hsa-1829,hsa-mir-622,MIMAT0003291,K-Ras,NA,NA,Western blot,22016468
mirnet-hsa-1830,hsa-mir-625,MIMAT0003294,NTRK3,ENSG00000140538,4916,other,19370765
mirnet-hsa-1831,hsa-mir-33b,MIMAT0003301,ABCA1,ENSG00000165029,19,Western blot,20466882
mirnet-hsa-1832,hsa-mir-637,MIMAT0003307,Osx,NA,NA,other,21880893
mirnet-hsa-1833,hsa-mir-650,MIMAT0003320,ING4,ENSG00000111653,51147,Western blot,20381459
mirnet-hsa-1834,hsa-mir-548d-3p,MIMAT0003323,ERBB2,ENSG00000141736,2064,other,19486885
mirnet-hsa-1835,hsa-mir-661,MIMAT0003324,MTA1,ENSG00000182979,9112,Western blot,19584269
mirnet-hsa-1836,hsa-mir-657,MIMAT0003335,IGF2R,ENSG00000197081,3482,ELISA,18602895
mirnet-hsa-1837,hsa-mir-659,MIMAT0003337,GRN,ENSG00000030582,2896,Western blot,18723524
mirnet-hsa-1838,hsa-mir-421,MIMAT0003339,CBX7,ENSG00000100307,23492,Western blot,19802518
mirnet-hsa-1839,hsa-mir-421,MIMAT0003339,RBMXL1,ENSG00000213516,494115,Western blot,19802518
mirnet-hsa-1840,hsa-mir-376a*,MIMAT0003386,SFRS11,NA,NA,other,17322061
mirnet-hsa-1841,hsa-mir-376a*,MIMAT0003386,SLC16A1,ENSG00000155380,6566,other,17322061
mirnet-hsa-1842,hsa-mir-376a*,MIMAT0003386,SLC16A1,ENSG00000281917,6566,other,17322061
mirnet-hsa-1843,hsa-mir-376a*,MIMAT0003386,TTK,ENSG00000112742,7272,other,17322061
mirnet-hsa-1844,hsa-mir-758,MIMAT0003879,ABCA1,ENSG00000165029,19,other,21885853
mirnet-hsa-1845,hsa-mir-758,MIMAT0003879,Slc38a1,NA,NA,other,21885853
mirnet-hsa-1846,hsa-mir-758,MIMAT0003879,Epha7,NA,NA,other,21885853
mirnet-hsa-1847,hsa-mir-758,MIMAT0003879,Mytl1,NA,NA,other,21885853
mirnet-hsa-1848,hsa-mir-765,MIMAT0003945,NTRK3,ENSG00000140538,4916,other,19370765
mirnet-hsa-1849,hsa-mir-802,MIMAT0004185,MeCP2,NA,NA,Western blot,19897480
mirnet-hsa-1850,hsa-mir-802,MIMAT0004185,hAT1R,NA,NA,Western blot,20558762
mirnet-hsa-1851,hsa-mir-675,MIMAT0004284,RB1,ENSG00000139687,5925,Western blot,19926638
mirnet-hsa-1852,hsa-mir-101*,MIMAT0004513,PRKDC,ENSG00000253729,5591,other,20617180
mirnet-hsa-1853,hsa-mir-101*,MIMAT0004513,ATM,ENSG00000149311,472,other,20617180
mirnet-hsa-1854,hsa-mir-34b,MIMAT0004676,NOTCH4,ENSG00000204301,4855,other,18803879
mirnet-hsa-1855,hsa-mir-34b,MIMAT0004676,NOTCH4,ENSG00000223355,4855,other,18803879
mirnet-hsa-1856,hsa-mir-34b,MIMAT0004676,NOTCH4,ENSG00000206312,4855,other,18803879
mirnet-hsa-1857,hsa-mir-34b,MIMAT0004676,NOTCH4,ENSG00000235396,4855,other,18803879
mirnet-hsa-1858,hsa-mir-34b,MIMAT0004676,NOTCH4,ENSG00000238196,4855,other,18803879
mirnet-hsa-1859,hsa-mir-34b,MIMAT0004676,NOTCH4,ENSG00000234876,4855,other,18803879
mirnet-hsa-1860,hsa-mir-34b,MIMAT0004676,NOTCH4,ENSG00000232339,4855,other,18803879
mirnet-hsa-1861,hsa-mir-34b,MIMAT0004676,NOTCH2,ENSG00000134250,4853,other,18803879
mirnet-hsa-1862,hsa-mir-34b,MIMAT0004676,HMGA2,ENSG00000149948,8091,other,18803879
mirnet-hsa-1863,hsa-mir-34b,MIMAT0004676,NOTCH1,ENSG00000148400,4851,other,18803879
mirnet-hsa-1864,hsa-mir-34b,MIMAT0004676,BCL2,ENSG00000171791,596,Western blot,18803879
mirnet-hsa-1865,hsa-mir-34b,MIMAT0004676,MYC,ENSG00000136997,4609,Immunofluorescence,18802929
mirnet-hsa-1866,hsa-mir-424*,MIMAT0004749,LGALS3,ENSG00000131981,3958,Western blot,17889671
mirnet-hsa-1867,hsa-mir-516a-5p,MIMAT0004770,KLK10,ENSG00000129451,5655,Western blot,20354523
mirnet-hsa-1868,hsa-mir-516a-5p,MIMAT0004770,SULF1,ENSG00000137573,23213,Western blot,21169410
mirnet-hsa-1869,hsa-mir-615-5p,MIMAT0004804,KRT,NA,NA,immunocytochemistry,19998415
mirnet-hsa-1870,hsa-mir-616,MIMAT0004805,TFPI-2,NA,NA,other,21224345
mirnet-hsa-1871,hsa-mir-708,MIMAT0004926,ZEB2,ENSG00000169554,9839,other,21852381
mirnet-hsa-1872,hsa-mir-708,MIMAT0004926,BMI1,ENSG00000168283,648,other,21852381
mirnet-hsa-1873,hsa-mir-708,MIMAT0004926,Survivin,NA,NA,other,21852381
mirnet-hsa-1874,hsa-mir-1285,MIMAT0005876,TP53,ENSG00000141510,7157,Western blot,20417621
mirnet-hsa-1875,has-let-71f1,NA,KRAS,ENSG00000133703,3845,other,19179606
mirnet-hsa-1876,has-let-71f1,NA,HMGA2,ENSG00000149948,8091,other,19179606
mirnet-hsa-1877,has-let-71f1,NA,HMGA1,ENSG00000137309,3159,other,19179606
mirnet-hsa-1878,has-let-7a3b,NA,KRAS,ENSG00000133703,3845,other,19179606
mirnet-hsa-1879,has-let-7a3b,NA,HMGA2,ENSG00000149948,8091,other,19179606
mirnet-hsa-1880,has-let-7a3b,NA,HMGA1,ENSG00000137309,3159,other,19179606
mirnet-hsa-1881,has-mir-106a,NA,RB1,ENSG00000139687,5925,other,19175831
mirnet-hsa-1882,has-mir-106b,NA,RB1,ENSG00000139687,5925,other,19175831
mirnet-hsa-1883,has-mir-15a,NA,BCL2,ENSG00000171791,596,Immunoblot analysis,18931683
mirnet-hsa-1884,has-mir-15a,NA,CCND1,ENSG00000110092,595,Immunoblot analysis,18931683
mirnet-hsa-1885,has-mir-15a,NA,WNT3A,ENSG00000154342,89780,Immunoblot analysis,18931683
mirnet-hsa-1886,has-mir-16,NA,BCL2,ENSG00000171791,596,Immunoblot analysis,18931683
mirnet-hsa-1887,has-mir-16,NA,CCND1,ENSG00000110092,595,Immunoblot analysis,18931683
mirnet-hsa-1888,has-mir-16,NA,WNT3A,ENSG00000154342,89780,Immunoblot analysis,18931683
mirnet-hsa-1889,has-mir-186,NA,P2RX7,ENSG00000089041,5027,other,18682393
mirnet-hsa-1890,has-mir-199a*,NA,KRT7,ENSG00000135480,3855,Western blot,0
mirnet-hsa-1891,has-mir-320,NA,POLR3D,ENSG00000168495,661,other,18852463
mirnet-hsa-1892,hsa-mir-124a,NA,CDK6,ENSG00000105810,1021,Western blot,19435910
mirnet-hsa-1893,hsa-mir-124a,NA,CDK2,ENSG00000123374,1017,Western blot,19404929
mirnet-hsa-1894,hsa-mir-124a,NA,MCP1,NA,NA,enzyme-linked immunosorbent assay,19404929
mirnet-hsa-1895,hsa-mir-124a,NA,JAG1,ENSG00000101384,182,Western blot,21887253
mirnet-hsa-1896,hsa-mir-17-5p,NA,IL-8,NA,NA,other,20406904
mirnet-hsa-1897,hsa-mir-17-92,NA,PTPRO,ENSG00000151490,5800,Western blot,18644370
mirnet-hsa-1898,hsa-mir-17-92,NA,HIF1A,ENSG00000100644,3091,Western blot,18632605
mirnet-hsa-1899,hsa-mir-18,NA,HSF2,ENSG00000025156,3298,Western blot,20724452
mirnet-hsa-1900,hsa-mir-199a,NA,LIF,ENSG00000128342,3976,ELISA,19011087
mirnet-hsa-1901,hsa-mir-296,NA,PUMA,NA,NA,Western blot,21633093
mirnet-hsa-1902,hsa-mir-296,NA,IKBKE,ENSG00000263528,9641,other,22114321
mirnet-hsa-1903,hsa-mir-342,NA,DNMT1,ENSG00000130816,1786,Western blot,21565830
mirnet-hsa-1904,hsa-mir-34c,NA,NOTCH3,ENSG00000074181,4854,other,18803879
mirnet-hsa-1905,hsa-mir-34c,NA,NOTCH2,ENSG00000134250,4853,other,18803879
mirnet-hsa-1906,hsa-mir-34c,NA,NOTCH4,ENSG00000204301,4855,other,18803879
mirnet-hsa-1907,hsa-mir-34c,NA,NOTCH4,ENSG00000223355,4855,other,18803879
mirnet-hsa-1908,hsa-mir-34c,NA,NOTCH4,ENSG00000206312,4855,other,18803879
mirnet-hsa-1909,hsa-mir-34c,NA,NOTCH4,ENSG00000235396,4855,other,18803879
mirnet-hsa-1910,hsa-mir-34c,NA,NOTCH4,ENSG00000238196,4855,other,18803879
mirnet-hsa-1911,hsa-mir-34c,NA,NOTCH4,ENSG00000234876,4855,other,18803879
mirnet-hsa-1912,hsa-mir-34c,NA,NOTCH4,ENSG00000232339,4855,other,18803879
mirnet-hsa-1913,hsa-mir-34c,NA,HMGA2,ENSG00000149948,8091,other,18803879
mirnet-hsa-1914,hsa-mir-34c,NA,NOTCH1,ENSG00000148400,4851,other,18803879
mirnet-hsa-1915,hsa-mir-34c,NA,BCL2,ENSG00000171791,596,Western blot,18803879
mirnet-hsa-1916,hsa-mir-380-5p,NA,p53,NA,NA,Western blot,20871609
mirnet-hsa-1917,hsa-mir-92-1,NA,VHL,ENSG00000134086,7428,Western blot,19336759
mirnet-hsa-1918,hsa-mir-129,NA,NOTCH1,ENSG00000148400,4851,other,17150773
mirnet-hsa-1919,hsa-mir-16-1,NA,CCND1,ENSG00000110092,595,other,18483394
mirnet-hsa-1920,hsa-mir-17-19b-1,NA,CDKN1A,ENSG00000124762,1026,other,18941111
mirnet-hsa-1921,hsa-mir-17-19b-1,NA,TP53INP1,ENSG00000164938,94241,other,18941111
mirnet-hsa-1922,hsa-mir-200,NA,ZEB1,ENSG00000148516,6935,other,18381893
mirnet-hsa-1923,hsa-mir-200,NA,ZEB2,ENSG00000169554,9839,other,18381893
mirnet-hsa-1924,hsa-mir-219,NA,PHLPP,NA,NA,Western blot,17553428
mirnet-hsa-1925,hsa-mir-330,NA,VEGFA,ENSG00000112715,7422,ELISA,18320040
mirnet-hsa-1926,hsa-mir-520c,NA,CD44,ENSG00000026508,960,Western blot,18193036
mirnet-hsa-1927,hsa-p-2,NA,CREB3L3,ENSG00000060566,84699,Immunoblot analysis,18952845
mirnet-hsa-1928,hsa-p-27‚äì5p,NA,LAMB3,ENSG00000196878,3914,immunoblotting,18952845
