gene_symbol,degree,betweenness,combined_score,is_hub,is_druggable,small_molecule,antibody,other_modality
EGFR,0.03694581280788178,0.03942283853999159,0.03818432567393668,True,False,False,False,False
HSP90AA1,0.02894088669950739,0.03194465663741189,0.03044277166845964,True,False,False,False,False
MYC,0.025554187192118227,0.017364013324103946,0.021459100258111086,True,False,False,False,False
MAPK3,0.02586206896551724,0.01178204809695281,0.018822058531235024,True,False,False,False,False
PIK3CA,0.021551724137931036,0.013854433038442639,0.017703078588186837,True,False,False,False,False
CDC42,0.020935960591133004,0.014028760000171779,0.01748236029565239,True,False,False,False,False
RHOA,0.023091133004926108,0.011578358806659948,0.01733474590579303,True,False,False,False,False
MAPK1,0.024630541871921183,0.00987971514151429,0.01725512850671774,True,False,False,False,False
CDH1,0.017549261083743842,0.014116368694191403,0.015832814888967622,True,False,False,False,False
IL6,0.01939655172413793,0.007373353034931531,0.013384952379534732,True,False,False,False,False
SMAD3,0.01847290640394089,0.008290040143935773,0.013381473273938332,True,False,False,False,False
MDM2,0.01539408866995074,0.010581129720322113,0.012987609195136425,True,False,False,False,False
ERBB2,0.01816502463054187,0.007788772246886796,0.012976898438714333,True,False,False,False,False
VEGFA,0.017241379310344827,0.008114507637554867,0.012677943473949847,True,False,False,False,False
MAPK8,0.016317733990147784,0.00876884541881909,0.012543289704483436,True,False,False,False,False
CASP3,0.016933497536945813,0.008005706085693053,0.012469601811319432,True,False,False,False,False
JAK2,0.016933497536945813,0.007636830655212499,0.012285164096079156,True,False,False,False,False
FOS,0.01600985221674877,0.008275910492600527,0.012142881354674648,True,False,False,False,False
CCND1,0.017549261083743842,0.006068820463644022,0.011809040773693932,True,False,False,False,False
SMAD4,0.015086206896551725,0.008176013073871197,0.011631109985211462,True,False,False,False,False
BRCA1,0.013546798029556651,0.008960910903869163,0.011253854466712907,True,False,False,False,False
FOXO1,0.015701970443349755,0.006422614704913954,0.011062292574131855,True,False,False,False,False
SP1,0.012315270935960592,0.008816698810336967,0.01056598487314878,True,False,False,False,False
HIST2H2AC,0.014470443349753694,0.006376604247483777,0.010423523798618736,True,False,False,False,False
PPARA,0.012315270935960592,0.008100588290178158,0.010207929613069374,True,False,False,False,False
CXCR4,0.01416256157635468,0.005690881274253339,0.00992672142530401,True,False,False,False,False
KDR,0.01416256157635468,0.005090176515363819,0.00962636904585925,True,False,False,False,False
NANOG,0.012007389162561577,0.006939656599406289,0.009473522880983933,True,False,False,False,False
IGF1,0.014470443349753694,0.004420811476237547,0.00944562741299562,True,False,False,False,False
TLR4,0.01293103448275862,0.0059015005892704515,0.009416267536014536,True,False,False,False,False
FOXO3,0.014470443349753694,0.004017229958369562,0.009243836654061628,True,False,False,False,False
ATM,0.011083743842364532,0.007262195926431996,0.009172969884398264,True,False,False,False,False
HSPA5,0.012007389162561577,0.0055027087105789735,0.008755048936570276,True,False,False,False,False
CD8A,0.011083743842364532,0.006417543253360405,0.00875064354786247,True,False,False,False,False
NR3C1,0.012315270935960592,0.004997838151931055,0.008656554543945823,True,False,False,False,False
RB1,0.01293103448275862,0.004010252221881268,0.008470643352319944,True,False,False,False,False
PXN,0.01293103448275862,0.0037808465033294368,0.008355940493044028,True,False,False,False,False
KIT,0.012623152709359606,0.004045690827950243,0.008334421768654924,True,False,False,False,False
NFKBIA,0.011083743842364532,0.005209127304203112,0.008146435573283822,True,False,False,False,False
RUNX2,0.011391625615763547,0.004846278122342373,0.00811895186905296,True,False,False,False,False
BTRC,0.011083743842364532,0.005014448788434345,0.008049096315399438,True,False,False,False,False
LCK,0.012007389162561577,0.0036562601832061305,0.007831824672883854,True,False,False,False,False
RBBP7,0.011699507389162561,0.0037778025821043485,0.007738654985633454,True,False,False,False,False
MUC1,0.009852216748768473,0.005505978379669081,0.007679097564218777,True,False,False,False,False
POMC,0.009236453201970444,0.006062378980514039,0.007649416091242242,True,False,False,False,False
PPARGC1A,0.011391625615763547,0.003755687597050455,0.007573656606407001,True,False,False,False,False
HSP90AB1,0.011699507389162561,0.003106471602287453,0.007402989495725007,True,False,False,False,False
EZR,0.00769704433497537,0.0068472694877654405,0.007272156911370405,True,False,False,False,False
CEBPB,0.011083743842364532,0.003415122286758678,0.007249433064561606,True,False,False,False,False
CXCL8,0.011391625615763547,0.0030590176570827006,0.007225321636423124,True,False,False,False,False
IGF1R,0.011083743842364532,0.0030206403166214103,0.007052192079492972,True,False,False,False,False
MET,0.012007389162561577,0.001619999938258705,0.006813694550410141,True,False,False,False,False
MMP2,0.009236453201970444,0.004239611789180237,0.006738032495575341,True,False,False,False,False
CDKN1A,0.011391625615763547,0.002045700565379859,0.006718663090571703,True,False,False,False,False
SREBF1,0.009236453201970444,0.004121312300529048,0.006678882751249746,True,False,False,False,False
HDAC6,0.008620689655172414,0.00471997549953821,0.006670332577355312,True,False,False,False,False
STX1A,0.00769704433497537,0.005641229061899658,0.0066691366984375135,True,False,False,False,False
ARRB1,0.008620689655172414,0.00465649064352698,0.006638590149349697,True,False,False,False,False
POU5F1,0.009852216748768473,0.0033715393337285676,0.00661187804124852,True,False,False,False,False
UBE2D3,0.007389162561576354,0.005823680176077437,0.006606421368826896,True,False,False,False,False
ITGB2,0.008928571428571428,0.0042729846218033584,0.006600778025187394,True,False,False,False,False
CTNND1,0.010160098522167487,0.003031138403755334,0.006595618462961411,True,False,False,False,False
ITGA1,0.010467980295566502,0.002710723077296553,0.006589351686431527,True,False,False,False,False
LRP6,0.010160098522167487,0.0030180561727344165,0.006589077347450952,True,False,False,False,False
PLCG2,0.009236453201970444,0.00387222254916294,0.006554337875566692,True,False,False,False,False
IKBKB,0.009852216748768473,0.0032150362840059135,0.006533626516387193,True,False,False,False,False
CFTR,0.008004926108374385,0.004974653110010713,0.006489789609192549,True,False,False,False,False
LRP5,0.009544334975369459,0.0032553158065630077,0.006399825390966233,True,False,False,False,False
TLR2,0.008928571428571428,0.00360982188990047,0.006269196659235949,True,False,False,False,False
LRRK2,0.007389162561576354,0.005022782795685339,0.0062059726786308465,True,False,False,False,False
IL4,0.010467980295566502,0.0016646418688359072,0.006066311082201205,True,False,False,False,False
PKM,0.00646551724137931,0.0054525468200626245,0.005959032030720967,True,False,False,False,False
GRIA1,0.0067733990147783255,0.005081610816242678,0.005927504915510502,True,False,False,False,False
SQSTM1,0.008004926108374385,0.00369340549777669,0.005849165803075537,True,False,False,False,False
PRKCG,0.0067733990147783255,0.004712856405649391,0.005743127710213859,True,False,False,False,False
FCGR3B,0.005849753694581281,0.005591624841453439,0.005720689268017359,True,False,False,False,False
PTGS2,0.00646551724137931,0.004967480796418335,0.0057164990188988225,True,False,False,False,False
HSP90B1,0.008928571428571428,0.0024732470479683663,0.005700909238269897,True,False,False,False,False
COL1A1,0.008620689655172414,0.002552325122464937,0.005586507388818675,True,False,False,False,False
PIK3R2,0.009236453201970444,0.0018849272799356602,0.005560690240953052,True,False,False,False,False
ITPR1,0.007389162561576354,0.0036991819227505593,0.005544172242163457,True,False,False,False,False
JAK3,0.009852216748768473,0.0012324207230209226,0.005542318735894698,True,False,False,False,False
IDH1,0.005541871921182266,0.005496064604434248,0.005518968262808257,True,False,False,False,False
VTN,0.007389162561576354,0.0036117616658541234,0.005500462113715239,True,False,False,False,False
AXIN1,0.008620689655172414,0.002238077077046562,0.005429383366109488,True,False,False,False,False
RPS3,0.007389162561576354,0.003324061156476197,0.005356611859026276,True,False,False,False,False
SEC61A1,0.0067733990147783255,0.0038878368456297953,0.005330617930204061,True,False,False,False,False
CD38,0.00646551724137931,0.004164639315306542,0.005315078278342926,True,False,False,False,False
CYP7A1,0.0083128078817734,0.0022468066944305544,0.005279807288101977,True,False,False,False,False
NTRK2,0.0083128078817734,0.0020224170269501126,0.005167612454361756,True,False,False,False,False
GNGT1,0.0067733990147783255,0.003518802815991491,0.005146100915384908,True,False,False,False,False
RASA1,0.008620689655172414,0.0016469270950910185,0.005133808375131716,True,False,False,False,False
BCL2L1,0.008004926108374385,0.0022451466904092267,0.005125036399391806,True,False,False,False,False
CRK,0.008928571428571428,0.0013115373045022886,0.005120054366536859,True,False,False,False,False
CACNA1C,0.007389162561576354,0.002642285819191251,0.0050157241903838025,True,False,False,False,False
TBL1X,0.00769704433497537,0.0023192859311739313,0.0050081651330746504,True,False,False,False,False
TCF7L2,0.00646551724137931,0.003525429077664625,0.004995473159521967,True,False,False,False,False
YY1,0.00708128078817734,0.0029007256901907247,0.004991003239184033,True,False,False,False,False
RPL23,0.00646551724137931,0.003471063665469012,0.004968290453424161,True,False,False,False,False
XIAP,0.0067733990147783255,0.0029684697618323954,0.0048709343883053605,True,False,False,False,False
PTK2B,0.008004926108374385,0.0016816234755412738,0.004843274791957829,True,False,False,False,False
NOS3,0.0067733990147783255,0.002845994643677616,0.004809696829227971,True,False,False,False,False
IL17A,0.0083128078817734,0.0012853741867966451,0.004799091034285022,True,False,False,False,False
P4HB,0.00646551724137931,0.003118535651843697,0.004792026446611503,True,False,False,False,False
AGO1,0.0067733990147783255,0.002808607696690977,0.004791003355734651,True,False,False,False,False
NOTCH3,0.006157635467980296,0.0033065180964522924,0.004732076782216294,True,False,False,False,False
MUC5AC,0.00769704433497537,0.0016723244640022392,0.004684684399488805,True,False,False,False,False
BIRC5,0.008004926108374385,0.0013565015971918372,0.004680713852783111,True,False,False,False,False
LRP1,0.00646551724137931,0.0028188847842442253,0.004642201012811768,True,False,False,False,False
SHH,0.0067733990147783255,0.0024778500096430726,0.004625624512210699,True,False,False,False,False
MUC4,0.00708128078817734,0.002113395084648925,0.004597337936413133,True,False,False,False,False
RORA,0.00769704433497537,0.0014827514241502367,0.004589897879562804,True,False,False,False,False
RPS18,0.00769704433497537,0.0014751658678944452,0.004586105101434907,True,False,False,False,False
ITGB4,0.00769704433497537,0.0014670244701852127,0.004582034402580291,True,False,False,False,False
BMP2,0.00708128078817734,0.0020007057954548675,0.0045409932918161035,True,False,False,False,False
PDGFRA,0.0083128078817734,0.0007690528642343936,0.004540930373003896,True,False,False,False,False
HTT,0.005849753694581281,0.0032309528466117903,0.004540353270596535,True,False,False,False,False
PPP2CB,0.006157635467980296,0.002906204977903162,0.004531920222941729,True,False,False,False,False
CRKL,0.0083128078817734,0.0007107058208071513,0.004511756851290275,True,False,False,False,False
ROCK1,0.00708128078817734,0.0019041177567483583,0.004492699272462849,True,False,False,False,False
BCL6,0.0067733990147783255,0.0021558586572614628,0.004464628836019894,True,False,False,False,False
HMGCR,0.008004926108374385,0.0008612205868458763,0.004433073347610131,True,False,False,False,False
RANBP2,0.006157635467980296,0.0024390867460604383,0.004298361107020367,True,False,False,False,False
APAF1,0.00646551724137931,0.0021106851740774974,0.004288101207728404,True,False,False,False,False
OCLN,0.006157635467980296,0.002410279613231167,0.004283957540605732,True,False,False,False,False
TSC1,0.004618226600985222,0.003936188112950973,0.004277207356968097,True,False,False,False,False
GLI1,0.005541871921182266,0.0029796210686994463,0.004260746494940857,True,False,False,False,False
TGFBR2,0.00646551724137931,0.0020518804123802778,0.004258698826879794,True,False,False,False,False
HSPA1A,0.007389162561576354,0.0011265652030209425,0.004257863882298648,True,False,False,False,False
HSPG2,0.0067733990147783255,0.001735992633477792,0.0042546958241280585,True,False,False,False,False
FDFT1,0.007389162561576354,0.0011017988788546108,0.004245480720215482,True,False,False,False,False
BPTF,0.00646551724137931,0.002002687418656081,0.0042341023300176955,True,False,False,False,False
SREBF2,0.007389162561576354,0.001029632096495039,0.004209397329035696,True,False,False,False,False
EIF4A1,0.0067733990147783255,0.0015925694347925575,0.004182984224785442,True,False,False,False,False
TBL1XR1,0.0067733990147783255,0.0014503283499915473,0.004111863682384936,True,False,False,False,False
RBPJ,0.006157635467980296,0.002048910334788164,0.00410327290138423,True,False,False,False,False
PML,0.005849753694581281,0.0023257116627219522,0.004087732678651616,True,False,False,False,False
GFAP,0.004618226600985222,0.003549257553874959,0.0040837420774300906,True,False,False,False,False
ITGA2,0.00769704433497537,0.0004538648260209475,0.004075454580498158,True,False,False,False,False
CCR2,0.007389162561576354,0.0007440665581451805,0.004066614559860768,True,False,False,False,False
ICAM1,0.00646551724137931,0.0016614015371792879,0.004063459389279299,True,False,False,False,False
PSMC4,0.00646551724137931,0.0016569405331804347,0.004061228887279873,True,False,False,False,False
CTGF,0.005541871921182266,0.002528796648379203,0.004035334284780734,True,False,False,False,False
NCOA3,0.006157635467980296,0.0019111838633537046,0.004034409665667,True,False,False,False,False
RPS7,0.0067733990147783255,0.001260455197780639,0.004016927106279483,True,False,False,False,False
KMT2A,0.00708128078817734,0.0008988133743867858,0.003990047081282063,True,False,False,False,False
CALM3,0.004310344827586207,0.0035180059131398778,0.003914175370363042,True,False,False,False,False
SYN1,0.0049261083743842365,0.002883538735034101,0.0039048235547091688,True,False,False,False,False
NPY,0.004310344827586207,0.0034460241272557877,0.0038781844774209975,True,False,False,False,False
NUMB,0.0049261083743842365,0.0028286610568178136,0.003877384715601025,True,False,False,False,False
TFDP1,0.00708128078817734,0.0006541881936790655,0.003867734490928203,True,False,False,False,False
GNA12,0.005849753694581281,0.0018203289839917116,0.003835041339286496,True,False,False,False,False
CXCR2,0.0067733990147783255,0.0008456269179599017,0.0038095129663691138,True,False,False,False,False
RXRB,0.0049261083743842365,0.0026834173603046078,0.003804762867344422,True,False,False,False,False
LIF,0.0067733990147783255,0.0008296636203274877,0.0038015313175529066,True,False,False,False,False
GLUD2,0.005233990147783251,0.002277342414961491,0.003755666281372371,True,False,False,False,False
ITGB5,0.00646551724137931,0.000989491427111428,0.003727504334245369,True,False,False,False,False
STAT2,0.005849753694581281,0.0015858081524872017,0.0037177809235342412,True,False,False,False,False
LAMB1,0.006157635467980296,0.0012444534617901736,0.0037010444648852346,True,False,False,False,False
CYP2E1,0.004310344827586207,0.003069861539629332,0.0036901031836077693,True,False,False,False,False
THBS2,0.005233990147783251,0.002099553884081666,0.0036667720159324585,True,False,False,False,False
PPP2R5A,0.004618226600985222,0.00270803781932918,0.003663132210157201,True,False,False,False,False
MUC6,0.00708128078817734,0.00019597946123867636,0.003638630124708008,True,False,False,False,False
ZEB1,0.005849753694581281,0.001422396336369212,0.0036360750154752464,True,False,False,False,False
HMOX1,0.004618226600985222,0.0026430112141233313,0.003630618907554277,True,False,False,False,False
PDPK1,0.00646551724137931,0.0006522003225701697,0.00355885878197474,True,False,False,False,False
ANK2,0.0049261083743842365,0.002188223580344063,0.00355716597736415,True,False,False,False,False
FABP1,0.005849753694581281,0.0012502338870936395,0.00354999379083746,True,False,False,False,False
TERT,0.004618226600985222,0.002452772460492854,0.003535499530739038,True,False,False,False,False
IL5,0.00646551724137931,0.000556684590518547,0.0035111009159489288,True,False,False,False,False
RORC,0.00646551724137931,0.0005278005593281943,0.003496658900353752,True,False,False,False,False
DHCR7,0.005541871921182266,0.001448940990089876,0.003495406455636071,True,False,False,False,False
PARP1,0.005849753694581281,0.001124037703464138,0.0034868956990227093,True,False,False,False,False
SEC61B,0.005233990147783251,0.0016692934587568826,0.003451641803270067,True,False,False,False,False
ESR2,0.005541871921182266,0.0013495474927943194,0.003445709706988293,True,False,False,False,False
RPS10,0.00646551724137931,0.00041427124015444675,0.0034398942407668784,True,False,False,False,False
CD36,0.0049261083743842365,0.0019511324960250847,0.0034386204352046604,True,False,False,False,False
CEBPD,0.005233990147783251,0.0016047432660430902,0.0034193667069131704,True,False,False,False,False
ATF2,0.006157635467980296,0.000657984865156022,0.003407810166568159,True,False,False,False,False
IL1A,0.00646551724137931,0.00032836529128331355,0.0033969412663313117,True,False,False,False,False
CCR7,0.00646551724137931,0.0002715838241936994,0.0033685505327865047,True,False,False,False,False
EPOR,0.005233990147783251,0.001502243446116041,0.003368116796949646,True,False,False,False,False
RPL18A,0.005849753694581281,0.0008794080379442743,0.0033645808662627775,True,False,False,False,False
SNAI1,0.0049261083743842365,0.0017572849469174889,0.003341696660650863,True,False,False,False,False
PPL,0.0024630541871921183,0.00420757068013433,0.0033353124336632243,True,False,False,False,False
ACSL1,0.0040024630541871924,0.002660552626059265,0.003331507840123229,True,False,False,False,False
SAG,0.005233990147783251,0.0014100572978359674,0.0033220237228096094,True,False,False,False,False
HYOU1,0.005233990147783251,0.0014090439204345192,0.003321517034108885,True,False,False,False,False
SMARCD1,0.005233990147783251,0.0013871748956203558,0.0033105825217018036,True,False,False,False,False
FZD1,0.006157635467980296,0.00044604776658350905,0.0033018416172819025,True,False,False,False,False
SLC9A3R1,0.004310344827586207,0.0022886564496055594,0.003299500638595883,True,False,False,False,False
SYP,0.005233990147783251,0.0013462003721750838,0.0032900952599791674,True,False,False,False,False
LIN7A,0.0033866995073891628,0.0031808195812044323,0.0032837595442967975,True,False,False,False,False
HMGCS1,0.006157635467980296,0.00036914839187943827,0.003263391929929867,True,False,False,False,False
NGFR,0.005849753694581281,0.000670647123310353,0.003260200408945817,True,False,False,False,False
GSTP1,0.003694581280788177,0.002775645186129597,0.003235113233458887,True,False,False,False,False
GAB2,0.006157635467980296,0.00030803156526195986,0.003232833516621128,True,False,False,False,False
SPP1,0.005541871921182266,0.0008995391283610797,0.003220705524771673,True,False,False,False,False
SUPT16H,0.005233990147783251,0.001177869472913896,0.0032059298103485736,True,False,False,False,False
PSMA7,0.005541871921182266,0.000824261648105574,0.00318306678464392,True,False,False,False,False
COL4A1,0.005849753694581281,0.00044187899021240945,0.003145816342396845,True,False,False,False,False
PTH,0.004618226600985222,0.0016687098858706086,0.0031434682434279154,True,False,False,False,False
SOX9,0.0049261083743842365,0.0013543929403660383,0.0031402506573751376,True,False,False,False,False
NPM1,0.005233990147783251,0.0009851820086613926,0.003109586078222322,True,False,False,False,False
CCNT1,0.004618226600985222,0.0015627181758680107,0.0030904723884266163,True,False,False,False,False
MCL1,0.005541871921182266,0.0006101278079911144,0.0030759998645866903,True,False,False,False,False
TRRAP,0.004618226600985222,0.0015304451989938202,0.0030743358999895214,True,False,False,False,False
CACNG8,0.004618226600985222,0.0015288920920529052,0.0030735593465190635,True,False,False,False,False
KLF4,0.005541871921182266,0.0005792294807062364,0.0030605507009442514,True,False,False,False,False
POU2F1,0.005541871921182266,0.0005710318763333548,0.0030564518987578103,True,False,False,False,False
EDEM1,0.0049261083743842365,0.0011811497978304094,0.003053629086107323,True,False,False,False,False
P4HA1,0.005541871921182266,0.0005518842799443741,0.00304687810056332,True,False,False,False,False
CXCR1,0.005849753694581281,0.0002371421330352005,0.0030434479138082404,True,False,False,False,False
HSD17B7,0.005849753694581281,0.00020469164521714583,0.0030272226698992133,True,False,False,False,False
MYO6,0.0040024630541871924,0.0020449930992759453,0.003023728076731569,True,False,False,False,False
KCNH2,0.0024630541871921183,0.003572179918966086,0.003017617053079102,True,False,False,False,False
PLAUR,0.004310344827586207,0.0016833292304747535,0.0029968370290304803,True,False,False,False,False
LDLR,0.004618226600985222,0.001356234103216625,0.0029872303521009235,True,False,False,False,False
SQLE,0.005849753694581281,0.00010788310518620677,0.0029788183998837436,True,False,False,False,False
LSS,0.005849753694581281,0.0001044386412811315,0.002977096167931206,True,False,False,False,False
FKBP5,0.004310344827586207,0.0016203839354554763,0.0029653643815208417,True,False,False,False,False
RYR2,0.003694581280788177,0.002192613643466862,0.0029435974621275195,True,False,False,False,False
MUC3A,0.005849753694581281,9.656218640002493e-06,0.0029297049566106414,True,False,False,False,False
MUC15,0.005849753694581281,9.656218640002493e-06,0.0029297049566106414,True,False,False,False,False
MUC5B,0.005849753694581281,9.656218640002493e-06,0.0029297049566106414,True,False,False,False,False
H6PD,0.004310344827586207,0.0015463086444289233,0.002928326736007565,True,False,False,False,False
CCNA1,0.005541871921182266,0.00028369814219775155,0.002912785031690009,True,False,False,False,False
LAMA5,0.0049261083743842365,0.0008181583459354328,0.0028721333601598345,True,False,False,False,False
SDC3,0.004310344827586207,0.0014259429207803187,0.0028681438741832628,True,False,False,False,False
DDX6,0.004310344827586207,0.0014250553283883778,0.0028677000779872923,True,False,False,False,False
CXCL2,0.005541871921182266,0.00015280339636157103,0.0028473376587719187,True,False,False,False,False
ITGB6,0.005233990147783251,0.00044572828744486153,0.0028398592176140562,True,False,False,False,False
JUP,0.0049261083743842365,0.0007366679159126893,0.002831388145148463,True,False,False,False,False
F11R,0.004618226600985222,0.0010281043267497951,0.0028231654638675085,True,False,False,False,False
HIST1H3C,0.005233990147783251,0.0003932515764242449,0.002813620862103748,True,False,False,False,False
ADCY7,0.004310344827586207,0.0013033479243597114,0.0028068463759729594,True,False,False,False,False
GNA14,0.003078817733990148,0.0025201154296733744,0.002799466581831761,True,False,False,False,False
CTSD,0.003694581280788177,0.0019007774234456377,0.0027976793521169076,True,False,False,False,False
P4HA3,0.005233990147783251,0.00032067705050117925,0.002777333599142215,True,False,False,False,False
COL3A1,0.005233990147783251,0.00031620510356251085,0.002775097625672881,True,False,False,False,False
DKK1,0.005233990147783251,0.0002844590956943793,0.002759224621738815,True,False,False,False,False
NUP210,0.004618226600985222,0.000893064896900917,0.0027556457489430696,True,False,False,False,False
RGS2,0.002770935960591133,0.0027321302196545564,0.0027515330901228445,True,False,False,False,False
AGO4,0.0049261083743842365,0.0005625988521018495,0.002744353613243043,True,False,False,False,False
CYP51A1,0.005233990147783251,0.0002467715728716367,0.002740380860327444,True,False,False,False,False
FGF4,0.0049261083743842365,0.0005530276281451222,0.0027395680012646793,True,False,False,False,False
DCK,0.004618226600985222,0.0008607105452442329,0.0027394685731147277,True,False,False,False,False
SYT1,0.004618226600985222,0.0008582806357975049,0.0027382536183913637,True,False,False,False,False
TPM3,0.0040024630541871924,0.0014699454044946301,0.002736204229340911,True,False,False,False,False
RBL2,0.005233990147783251,0.00023779136123189287,0.002735890754507572,True,False,False,False,False
SIRT3,0.0033866995073891628,0.00207294691960006,0.0027298232134946115,True,False,False,False,False
APOH,0.003694581280788177,0.0017607981409710266,0.002727689710879602,True,False,False,False,False
CEL,0.0040024630541871924,0.0014527098613183556,0.0027275864577527738,True,False,False,False,False
DHCR24,0.005233990147783251,0.00018402746124828543,0.002709008804515768,True,False,False,False,False
DNMT3B,0.0040024630541871924,0.0014136825808045764,0.0027080728174958845,True,False,False,False,False
PIM1,0.004618226600985222,0.0007885591648389512,0.0027033928829120865,True,False,False,False,False
DCTN5,0.003078817733990148,0.002325776476738112,0.00270229710536413,True,False,False,False,False
HSPA1B,0.004618226600985222,0.000783159096400052,0.002700692848692637,True,False,False,False,False
XRN1,0.004310344827586207,0.0010691102014961297,0.002689727514541168,True,False,False,False,False
FOXO4,0.0049261083743842365,0.0004522360206943101,0.0026891721975392732,True,False,False,False,False
ANXA2,0.0040024630541871924,0.0013604214966342302,0.002681442275410711,True,False,False,False,False
GCK,0.004310344827586207,0.001039479319346743,0.002674912073466475,True,False,False,False,False
ENTPD1,0.0040024630541871924,0.0013423859168542876,0.00267242448552074,True,False,False,False,False
PRKG2,0.003078817733990148,0.002254954907157357,0.0026668863205737527,True,False,False,False,False
NRP1,0.004618226600985222,0.0007011724114944762,0.0026596995062398493,True,False,False,False,False
WWTR1,0.0033866995073891628,0.0019302189504995038,0.0026584592289443333,True,False,False,False,False
FLT3,0.004618226600985222,0.0006971407022753094,0.002657683651630266,True,False,False,False,False
FGF8,0.004310344827586207,0.0009745926650182959,0.002642468746302251,True,False,False,False,False
SC5D,0.005233990147783251,4.6111696861155816e-05,0.0026400509223222035,True,False,False,False,False
NPAS2,0.0049261083743842365,0.00032675337112374794,0.0026264308727539923,True,False,False,False,False
ULK1,0.0040024630541871924,0.0012493794487893194,0.002625921251488256,True,False,False,False,False
GJB2,0.0018472906403940886,0.003400388511417746,0.0026238395759059173,True,False,False,False,False
CD9,0.0033866995073891628,0.0018585710617056818,0.0026226352845474224,True,False,False,False,False
CSNK1A1,0.0040024630541871924,0.0012262121302401788,0.0026143375922136856,True,False,False,False,False
RPL12,0.004618226600985222,0.0006021134719020641,0.002610170036443643,True,False,False,False,False
WNT3,0.0049261083743842365,0.00027196325761768766,0.002599035816000962,True,False,False,False,False
CASP9,0.0049261083743842365,0.00024845587259044523,0.002587282123487341,True,False,False,False,False
HIST2H4B,0.0049261083743842365,0.0002340482116641429,0.0025800782930241895,True,False,False,False,False
HIST1H4I,0.0049261083743842365,0.0002340482116641429,0.0025800782930241895,True,False,False,False,False
HIST1H4L,0.0049261083743842365,0.0002340482116641429,0.0025800782930241895,True,False,False,False,False
IL7,0.0049261083743842365,0.0002105531633421881,0.0025683307688632124,True,False,False,False,False
AP3B1,0.002770935960591133,0.002338652743926702,0.0025547943522589173,True,False,False,False,False
CYP19A1,0.003694581280788177,0.00136827185763137,0.0025314265692097737,True,False,False,False,False
EFNA1,0.0049261083743842365,0.00010537020437637626,0.0025157392893803065,True,False,False,False,False
DLG3,0.0040024630541871924,0.0010224607747459102,0.002512461914466551,True,False,False,False,False
EIF3H,0.003694581280788177,0.0013285025836735644,0.0025115419322308706,True,False,False,False,False
SOD2,0.003694581280788177,0.001327183392988191,0.002510882336888184,True,False,False,False,False
LPIN1,0.0033866995073891628,0.0016331586824988391,0.0025099290949440007,True,False,False,False,False
SIN3B,0.004618226600985222,0.0003993113788488787,0.0025087689899170504,True,False,False,False,False
SERPINA1,0.0033866995073891628,0.0016306991354193409,0.002508699321404252,True,False,False,False,False
CD79A,0.003694581280788177,0.0013179794932856753,0.0025062803870369264,True,False,False,False,False
SIRT5,0.0040024630541871924,0.0010094293749373109,0.002505946214562252,True,False,False,False,False
VPS39,0.002770935960591133,0.002240073969051589,0.0025055049648213612,True,False,False,False,False
B3GNT3,0.0040024630541871924,0.0010009338160119063,0.0025016984350995494,True,False,False,False,False
CCL20,0.0049261083743842365,4.849902967381327e-05,0.002487303702029025,True,False,False,False,False
AP1G1,0.003078817733990148,0.001887530003798655,0.0024831738688944017,True,False,False,False,False
IRF6,0.004310344827586207,0.000644855338969805,0.002477600083278006,True,False,False,False,False
SYVN1,0.0040024630541871924,0.0009349581247902769,0.0024687105894887346,True,False,False,False,False
PTPRJ,0.003694581280788177,0.001241867406157222,0.0024682243434726997,True,False,False,False,False
IRF2,0.004310344827586207,0.0006202034838592116,0.0024652741557227094,True,False,False,False,False
SRF,0.003694581280788177,0.0012309279076795718,0.0024627545942338745,True,False,False,False,False
SEL1L,0.0040024630541871924,0.0009225345268761561,0.0024624987905316744,True,False,False,False,False
MSN,0.0040024630541871924,0.0009195543092461742,0.0024610086817166833,True,False,False,False,False
DDX3X,0.0040024630541871924,0.0009186694585938943,0.0024605662563905433,True,False,False,False,False
H3F3A,0.004310344827586207,0.000597339366320501,0.0024538420969533537,True,False,False,False,False
ATF6,0.004310344827586207,0.0005914769540270497,0.0024509108908066283,True,False,False,False,False
ARNTL,0.004618226600985222,0.0002788457617564558,0.0024485361813708388,True,False,False,False,False
TPM1,0.0040024630541871924,0.0008853261684915032,0.002443894611339348,True,False,False,False,False
TNRC6C,0.004310344827586207,0.0005766358465840899,0.0024434903370851484,True,False,False,False,False
CDH5,0.004618226600985222,0.00024991881260206817,0.002434072706793645,True,False,False,False,False
TAF1,0.0040024630541871924,0.0008516452738180304,0.0024270541640026115,True,False,False,False,False
NCBP2,0.003694581280788177,0.0011586884137006603,0.0024266348472444187,True,False,False,False,False
PIK3C2A,0.0040024630541871924,0.0008487515265318822,0.0024256072903595374,True,False,False,False,False
MMP14,0.003694581280788177,0.0011552024833780458,0.0024248918820831116,True,False,False,False,False
NRP2,0.0040024630541871924,0.0007854714846431363,0.0023939672694151645,True,False,False,False,False
DYRK1A,0.0018472906403940886,0.0029375706701922077,0.002392430655293148,True,False,False,False,False
SPO11,0.0018472906403940886,0.0029278636892561684,0.0023875771648251285,True,False,False,False,False
COL6A1,0.004310344827586207,0.00045707507322199453,0.002383709950404101,True,False,False,False,False
SNX9,0.002770935960591133,0.0019764189206416547,0.002373677440616394,True,False,False,False,False
CXCL9,0.004618226600985222,0.00011320613956336594,0.002365716370274294,True,False,False,False,False
CCL19,0.004618226600985222,0.00010249588862773186,0.002360361244806477,True,False,False,False,False
WNT9A,0.004618226600985222,9.315332912684726e-05,0.002355689965056035,True,False,False,False,False
DYNC1I1,0.003078817733990148,0.0016253464529479994,0.0023520820934690738,True,False,False,False,False
UBE2V1,0.003694581280788177,0.0009956875840204265,0.002345134432404302,True,False,False,False,False
PER2,0.004310344827586207,0.000370257764124935,0.002340301295855571,True,False,False,False,False
ERC1,0.0024630541871921183,0.0021968882751217593,0.0023299712311569388,False,False,False,False,False
SCD,0.0040024630541871924,0.0006423849106270502,0.0023224239824071215,False,False,False,False,False
GFRA1,0.0040024630541871924,0.0006338451016419584,0.002318154077914575,False,False,False,False,False
MSMO1,0.004618226600985222,1.467181811206767e-05,0.002316449209548645,False,False,False,False,False
PSMB9,0.004310344827586207,0.00031597468281983204,0.0023131597552030194,False,False,False,False,False
RAB5C,0.0033866995073891628,0.0012267881037378518,0.0023067438055635074,False,False,False,False,False
SEMA4D,0.0040024630541871924,0.0005927582878407667,0.0022976106710139795,False,False,False,False,False
GC,0.003078817733990148,0.0015084567778588524,0.0022936372559245,False,False,False,False,False
EEF1A1,0.0040024630541871924,0.0005749236316774365,0.0022886933429323146,False,False,False,False,False
ALDOA,0.003694581280788177,0.0008231879946360567,0.002258884637712117,False,False,False,False,False
IL6ST,0.004310344827586207,0.0001825033579666591,0.002246424092776433,False,False,False,False,False
DEFA4,0.001539408866995074,0.002926536203938156,0.002232972535466615,False,False,False,False,False
ALDH2,0.0033866995073891628,0.0010779386729898668,0.0022323190901895147,False,False,False,False,False
ATP6V0D2,0.003078817733990148,0.0013821297163780263,0.002230473725184087,False,False,False,False,False
PNPLA3,0.0033866995073891628,0.0010692559810293245,0.0022279777442092436,False,False,False,False,False
GMNN,0.003694581280788177,0.000756275736478149,0.002225428508633163,False,False,False,False,False
COL18A1,0.0033866995073891628,0.0010614718464951587,0.002224085676942161,False,False,False,False,False
STAT6,0.003694581280788177,0.0007458818189561915,0.0022202315498721843,False,False,False,False,False
SERPINH1,0.003694581280788177,0.0007414540968005224,0.0022180176887943498,False,False,False,False,False
PELP1,0.003694581280788177,0.0007309740811392325,0.0022127776809637047,False,False,False,False,False
CCND2,0.004310344827586207,9.576937725872176e-05,0.002203057102422464,False,False,False,False,False
IFT122,0.002770935960591133,0.001606837799008551,0.002188886879799842,False,False,False,False,False
INPPL1,0.003694581280788177,0.0006816595441488494,0.0021881204124685133,False,False,False,False,False
RAPGEF3,0.003694581280788177,0.0006782413376516554,0.0021864113092199162,False,False,False,False,False
AVP,0.0033866995073891628,0.0009684127053696764,0.00217755610637942,False,False,False,False,False
FGF23,0.0040024630541871924,0.00033059392951021235,0.0021665284918487024,False,False,False,False,False
KL,0.003694581280788177,0.0006170601418017246,0.002155820711294951,False,False,False,False,False
PAH,0.002770935960591133,0.0015247326415337888,0.002147834301062461,False,False,False,False,False
GJA8,0.0024630541871921183,0.001832277413583234,0.0021476658003876763,False,False,False,False,False
TSR1,0.0033866995073891628,0.0009003047688994055,0.002143502138144284,False,False,False,False,False
PLXND1,0.003694581280788177,0.0005892280850788957,0.0021419046829335366,False,False,False,False,False
ACSS2,0.003078817733990148,0.0011880418447190412,0.0021334297893545948,False,False,False,False,False
HSD3B2,0.0040024630541871924,0.00025595105364587483,0.0021292070539165337,False,False,False,False,False
LATS1,0.002770935960591133,0.0014592289126420547,0.002115082436616594,False,False,False,False,False
ANO1,0.002770935960591133,0.0014433935459543272,0.00210716475327273,False,False,False,False,False
HSPA1L,0.0040024630541871924,0.00020084131138022282,0.0021016521827837077,False,False,False,False,False
GGT5,0.002770935960591133,0.0014306176519407545,0.0021007768062659437,False,False,False,False,False
MAP1LC3B,0.003694581280788177,0.0005041023167010553,0.0020993417987446162,False,False,False,False,False
MAPKAPK2,0.002770935960591133,0.0014236052214643424,0.0020972705910277376,False,False,False,False,False
CFP,0.003694581280788177,0.0004858174390668742,0.0020901993599275258,False,False,False,False,False
NT5C1A,0.0033866995073891628,0.0007932007741800142,0.0020899501407845886,False,False,False,False,False
FGF10,0.0033866995073891628,0.0007779590829240541,0.0020823292951566083,False,False,False,False,False
DAAM1,0.0024630541871921183,0.0016942617438943848,0.0020786579655432515,False,False,False,False,False
CYP26A1,0.003078817733990148,0.0010607261324567954,0.002069771933223472,False,False,False,False,False
FABP4,0.0033866995073891628,0.0007456224596313343,0.0020661609835102485,False,False,False,False,False
LIN7C,0.0033866995073891628,0.0007411701568614363,0.0020639348321252996,False,False,False,False,False
SMURF2,0.003694581280788177,0.0004306690288530312,0.002062625154820604,False,False,False,False,False
FBN1,0.0033866995073891628,0.0006981081384504868,0.0020424038229198247,False,False,False,False,False
CYP3A5,0.0033866995073891628,0.0006959846331578034,0.002041342070273483,False,False,False,False,False
SLC17A7,0.003694581280788177,0.0003805346421438124,0.0020375579614659947,False,False,False,False,False
G6PD,0.003694581280788177,0.0003607782237058658,0.0020276797522470213,False,False,False,False,False
TRPV4,0.0024630541871921183,0.0015906137861043332,0.002026833986648226,False,False,False,False,False
UGCG,0.0024630541871921183,0.00158979788371385,0.002026426035452984,False,False,False,False,False
UBE2O,0.0018472906403940886,0.0022021623968631744,0.0020247265186286315,False,False,False,False,False
ADCY6,0.0033866995073891628,0.0006609453225407883,0.0020238224149649753,False,False,False,False,False
GOSR1,0.0033866995073891628,0.0006551463945994186,0.0020209229509942908,False,False,False,False,False
UBXN7,0.003078817733990148,0.0009590510633964947,0.0020189343986933214,False,False,False,False,False
B4GALT6,0.003694581280788177,0.00033948481960526785,0.0020170330501967223,False,False,False,False,False
GATA1,0.0033866995073891628,0.0006424391620662044,0.0020145693347276834,False,False,False,False,False
LBR,0.003694581280788177,0.00031324900928937773,0.0020039151450387776,False,False,False,False,False
KCNC1,0.0024630541871921183,0.001543670275485435,0.0020033622313387765,False,False,False,False,False
WNT10B,0.0040024630541871924,9.988048732787874e-07,0.0020017309295302355,False,False,False,False,False
WNT7B,0.0040024630541871924,9.988048732787874e-07,0.0020017309295302355,False,False,False,False,False
CDKN1C,0.0033866995073891628,0.0006057982940312154,0.001996248900710189,False,False,False,False,False
DLG2,0.0033866995073891628,0.0006052698141356111,0.0019959846607623868,False,False,False,False,False
RRAGD,0.002770935960591133,0.001208750759434577,0.0019898433600128553,False,False,False,False,False
CACNG4,0.003694581280788177,0.00026479112814535837,0.0019796862044667678,False,False,False,False,False
RSPO1,0.002770935960591133,0.0011874285193416959,0.0019791822399664143,False,False,False,False,False
ALDOC,0.0033866995073891628,0.0005624682664270717,0.001974583886908117,False,False,False,False,False
POR,0.003078817733990148,0.0008496930468822407,0.0019642553904361945,False,False,False,False,False
TET2,0.0033866995073891628,0.000537979950336078,0.0019623397288626204,False,False,False,False,False
CACNA1B,0.003078817733990148,0.0008457653590360739,0.001962291546513111,False,False,False,False,False
L1CAM,0.002770935960591133,0.001152811880874937,0.001961873920733035,False,False,False,False,False
SNAP29,0.0024630541871921183,0.0014600697822352723,0.0019615619847136953,False,False,False,False,False
CACNB3,0.003694581280788177,0.00022794345216485898,0.001961262366476518,False,False,False,False,False
ADH6,0.003078817733990148,0.0008373186282316822,0.001958068181110915,False,False,False,False,False
ADH7,0.003078817733990148,0.0008373186282316822,0.001958068181110915,False,False,False,False,False
KCNQ1,0.0024630541871921183,0.0014516153312432235,0.0019573347592176707,False,False,False,False,False
PSME1,0.003694581280788177,0.00021666623890267305,0.001955623759845425,False,False,False,False,False
CASP2,0.003694581280788177,0.0002158598370190233,0.0019552205589036,False,False,False,False,False
PAK3,0.003694581280788177,0.00021514336998621736,0.001954862325387197,False,False,False,False,False
CEACAM8,0.0006157635467980296,0.003290646462592981,0.0019532050046955052,False,False,False,False,False
MYOD1,0.0033866995073891628,0.0005169789157832968,0.0019518392115862298,False,False,False,False,False
MYO7A,0.0018472906403940886,0.0020510584502575384,0.0019491745453258135,False,False,False,False,False
E2F6,0.003694581280788177,0.00020121874489919191,0.0019479000128436845,False,False,False,False,False
NDC1,0.003694581280788177,0.0001994059296607039,0.0019469936052244406,False,False,False,False,False
EREG,0.003078817733990148,0.0007838455154220728,0.0019313316247061103,False,False,False,False,False
COX8A,0.0012315270935960591,0.002626173020843955,0.0019288500572200071,False,False,False,False,False
SLC6A4,0.0024630541871921183,0.0013930900156722918,0.001928072101432205,False,False,False,False,False
PPFIA2,0.002770935960591133,0.0010816362349221483,0.0019262860977566406,False,False,False,False,False
EPHA1,0.0033866995073891628,0.0004452398662558788,0.0019159696868225207,False,False,False,False,False
FTCD,0.003078817733990148,0.0007483591348899632,0.0019135884344400555,False,False,False,False,False
STX6,0.0033866995073891628,0.00043909373700272,0.0019128966221959413,False,False,False,False,False
LIN28A,0.0033866995073891628,0.0004225428456621744,0.0019046211765256687,False,False,False,False,False
PLCE1,0.0033866995073891628,0.00041564511490622665,0.0019011723111476947,False,False,False,False,False
GOT1L1,0.003078817733990148,0.0007017691663648405,0.0018902934501774942,False,False,False,False,False
UGT2B17,0.0033866995073891628,0.0003925270852676665,0.0018896132963284146,False,False,False,False,False
RPL26L1,0.003694581280788177,8.262005017809073e-05,0.001888600665483134,False,False,False,False,False
CD46,0.0024630541871921183,0.0013059711835276826,0.0018845126853599004,False,False,False,False,False
RNF43,0.003078817733990148,0.0006706913253311529,0.0018747545296606504,False,False,False,False,False
CSF1,0.003694581280788177,5.2968401594014125e-05,0.0018737748411910957,False,False,False,False,False
GRIN2D,0.0033866995073891628,0.00036012270523452734,0.0018734111063118451,False,False,False,False,False
REN,0.0033866995073891628,0.00035823593247916397,0.0018724677199341633,False,False,False,False,False
MEF2D,0.0033866995073891628,0.00035283991583748525,0.0018697697116133241,False,False,False,False,False
SEC24D,0.0024630541871921183,0.0012748274948458814,0.0018689408410189998,False,False,False,False,False
KRT7,0.003078817733990148,0.0006550959809323781,0.001866956857461263,False,False,False,False,False
E2F5,0.003694581280788177,2.6584333792549802e-05,0.0018605828072903634,False,False,False,False,False
FZD8,0.003694581280788177,2.5163018438688994e-05,0.001859872149613433,False,False,False,False,False
CCNE2,0.003694581280788177,2.422185758732437e-05,0.0018594015691877509,False,False,False,False,False
POLR2D,0.003078817733990148,0.0006354299628180609,0.0018571238484041044,False,False,False,False,False
TM7SF2,0.003694581280788177,1.492644899122955e-05,0.0018547538648897033,False,False,False,False,False
DKK2,0.003694581280788177,6.487113352080403e-07,0.0018476149960616926,False,False,False,False,False
BCAN,0.0024630541871921183,0.001229921761898662,0.00184648797454539,False,False,False,False,False
IFITM1,0.0033866995073891628,0.00024658220579250393,0.0018166408565908334,False,False,False,False,False
DCP2,0.003078817733990148,0.0005516846567633161,0.001815251195376732,False,False,False,False,False
NR3C2,0.0033866995073891628,0.00023780813980138387,0.0018122538235952734,False,False,False,False,False
LTN1,0.0018472906403940886,0.0017755964821955666,0.0018114435612948277,False,False,False,False,False
MRPL49,0.0021551724137931034,0.001467250557923115,0.0018112114858581092,False,False,False,False,False
KDM6B,0.003078817733990148,0.000536233046777113,0.0018075253903836305,False,False,False,False,False
EFNA5,0.003078817733990148,0.0005326004307099514,0.0018057090823500497,False,False,False,False,False
CDC37,0.0033866995073891628,0.0002038497030652987,0.0017952746052272307,False,False,False,False,False
GRM5,0.0024630541871921183,0.0011248154286783297,0.001793934807935224,False,False,False,False,False
CDC23,0.003078817733990148,0.0005083329552396376,0.0017935753446148928,False,False,False,False,False
PIAS2,0.002770935960591133,0.000807314164541526,0.0017891250625663296,False,False,False,False,False
CHL1,0.002770935960591133,0.0008067013068292019,0.0017888186337101674,False,False,False,False,False
LOX,0.003078817733990148,0.00048699441972279177,0.0017829060768564699,False,False,False,False,False
TUBB2A,0.003078817733990148,0.0004833553221145388,0.0017810865280523435,False,False,False,False,False
CD22,0.0021551724137931034,0.00139307804460079,0.0017741252291969467,False,False,False,False,False
PLA2G2E,0.001539408866995074,0.0019982562301996496,0.0017688325485973617,False,False,False,False,False
XAF1,0.0033866995073891628,0.00011941429107761204,0.0017530568992333874,False,False,False,False,False
ITGB8,0.0033866995073891628,0.00011647125274208836,0.0017515853800656256,False,False,False,False,False
COL4A5,0.0033866995073891628,0.00011446207244163376,0.0017505807899153983,False,False,False,False,False
TBX5,0.0024630541871921183,0.001038042872960014,0.0017505485300760661,False,False,False,False,False
HIST2H2AB,0.0033866995073891628,0.00011121485939237844,0.0017489571833907707,False,False,False,False,False
GSN,0.0024630541871921183,0.001032576638424613,0.0017478154128083656,False,False,False,False,False
ENTPD3,0.003078817733990148,0.00041536533036981766,0.001747091532179983,False,False,False,False,False
KMT2C,0.0033866995073891628,0.00010174858948055858,0.0017442240484348607,False,False,False,False,False
ARHGEF1,0.0033866995073891628,9.574737971268536e-05,0.0017412234435509241,False,False,False,False,False
RHOB,0.0033866995073891628,8.767629482156783e-05,0.0017371879011053653,False,False,False,False,False
DNAJC3,0.0033866995073891628,8.221323896225463e-05,0.0017344563731757088,False,False,False,False,False
ARHGEF2,0.003078817733990148,0.0003876464761890819,0.0017332321050896149,False,False,False,False,False
NR1D1,0.003078817733990148,0.0003867458810344449,0.0017327818075122965,False,False,False,False,False
DNAJA1,0.0033866995073891628,6.600342166528624e-05,0.0017263514645272245,False,False,False,False,False
ADSSL1,0.002770935960591133,0.0006778559252880638,0.0017243959429395985,False,False,False,False,False
CLDN7,0.002770935960591133,0.0006758374052168647,0.001723386682903999,False,False,False,False,False
CNIH2,0.002770935960591133,0.0006754380078414943,0.0017231869842163137,False,False,False,False,False
RAB6A,0.0024630541871921183,0.000980962681977447,0.0017220084345847828,False,False,False,False,False
PGM5,0.0021551724137931034,0.0012888319656221725,0.0017220021897076379,False,False,False,False,False
PCYOX1,0.0024630541871921183,0.000974101994789962,0.0017185780909910401,False,False,False,False,False
PDIA4,0.003078817733990148,0.00035224606472371636,0.0017155318993569322,False,False,False,False,False
SLC6A12,0.0012315270935960591,0.002199263890427086,0.0017153954920115727,False,False,False,False,False
BHLHE41,0.0033866995073891628,4.271841442841837e-05,0.0017147089609087906,False,False,False,False,False
C1QA,0.0021551724137931034,0.0012739376100933126,0.0017145550119432081,False,False,False,False,False
WIF1,0.0033866995073891628,4.163069205215665e-05,0.0017141650997206598,False,False,False,False,False
CYTH3,0.0024630541871921183,0.0009649448888691258,0.0017139995380306221,False,False,False,False,False
TXNRD1,0.002770935960591133,0.0006552914007420731,0.001713113680666603,False,False,False,False,False
TAF9,0.003078817733990148,0.0003438240135377933,0.0017113208737639706,False,False,False,False,False
DAZL,0.0018472906403940886,0.0015732915936881857,0.0017102911170411373,False,False,False,False,False
CNIH3,0.002770935960591133,0.0006401841859174054,0.0017055600732542692,False,False,False,False,False
KIF23,0.002770935960591133,0.0006350925495200376,0.0017030142550555852,False,False,False,False,False
CXCL3,0.0033866995073891628,1.3592077189380206e-05,0.0017001457922892714,False,False,False,False,False
CDS1,0.002770935960591133,0.000624583594869456,0.0016977597777302945,False,False,False,False,False
SFRP1,0.0033866995073891628,1.4134321329104343e-07,0.001693420425301227,False,False,False,False,False
CD300C,0.003078817733990148,0.00028681163617976044,0.0016828146850849542,False,False,False,False,False
PIK3C2B,0.003078817733990148,0.00028613535178158316,0.0016824765428858656,False,False,False,False,False
ST6GAL1,0.003078817733990148,0.0002765889161413549,0.0016777033250657514,False,False,False,False,False
ACACA,0.002770935960591133,0.0005802349415448052,0.0016755854510679693,False,False,False,False,False
NTF3,0.003078817733990148,0.0002722968288390902,0.001675557281414619,False,False,False,False,False
PNLIP,0.002770935960591133,0.0005783578770649863,0.0016746469188280598,False,False,False,False,False
B3GNT4,0.003078817733990148,0.0002658621499861611,0.0016723399419881545,False,False,False,False,False
EFNA2,0.002770935960591133,0.0005733087386187755,0.0016721223496049542,False,False,False,False,False
TRPC1,0.0024630541871921183,0.000876891511811599,0.0016699728495018587,False,False,False,False,False
MAP1LC3A,0.003078817733990148,0.00025728750999058994,0.0016680526219903689,False,False,False,False,False
LRAT,0.002770935960591133,0.0005596045485962559,0.0016652702545936946,False,False,False,False,False
PNP,0.0024630541871921183,0.0008617325776598482,0.001662393382425983,False,False,False,False,False
PDE1A,0.0024630541871921183,0.000858159808029362,0.0016606069976107401,False,False,False,False,False
KDM5A,0.002770935960591133,0.0005461821715749686,0.001658559066083051,False,False,False,False,False
DEFB126,0.0018472906403940886,0.0014663023541245349,0.0016567964972593117,False,False,False,False,False
GLS,0.003078817733990148,0.0002303354909993202,0.001654576612494734,False,False,False,False,False
GLS2,0.003078817733990148,0.0002303354909993202,0.001654576612494734,False,False,False,False,False
SIRT7,0.002770935960591133,0.0005166835926748438,0.0016438097766329884,False,False,False,False,False
GCSH,0.0024630541871921183,0.0008161658779959428,0.0016396100325940305,False,False,False,False,False
IFNAR1,0.003078817733990148,0.00019632751284091532,0.0016375726234155316,False,False,False,False,False
FPR1,0.003078817733990148,0.00019600514343324325,0.0016374114387116955,False,False,False,False,False
CYTH1,0.0024630541871921183,0.0008020994114629627,0.0016325767993275405,False,False,False,False,False
MTA2,0.003078817733990148,0.00017329630917076153,0.0016260570215804546,False,False,False,False,False
PLCD3,0.002770935960591133,0.0004792156117055916,0.0016250757861483623,False,False,False,False,False
SOST,0.003078817733990148,0.0001638124822673462,0.001621315108128747,False,False,False,False,False
CD14,0.002770935960591133,0.00047055407646473996,0.0016207450185279366,False,False,False,False,False
VAPA,0.0024630541871921183,0.0007782390776780453,0.0016206466324350818,False,False,False,False,False
ELOVL6,0.003078817733990148,0.00016010171599149277,0.0016194597249908204,False,False,False,False,False
HIP1R,0.002770935960591133,0.0004633887451780802,0.0016171623528846066,False,False,False,False,False
KCNA4,0.0021551724137931034,0.0010770215316337488,0.001616096972713426,False,False,False,False,False
HEY1,0.003078817733990148,0.0001521726651986141,0.001615495199594381,False,False,False,False,False
KIF17,0.002770935960591133,0.00044719469778636573,0.0016090653291887494,False,False,False,False,False
NPC1L1,0.002770935960591133,0.00043995108842984944,0.0016054435245104913,False,False,False,False,False
VHL,0.0021551724137931034,0.0010461292467990229,0.0016006508302960631,False,False,False,False,False
TGFB2,0.0024630541871921183,0.0007368249679027162,0.0015999395775474173,False,False,False,False,False
PCSK9,0.002770935960591133,0.0004260351124271945,0.0015984855365091639,False,False,False,False,False
USH1C,0.0018472906403940886,0.0013433653028699553,0.001595327971632022,False,False,False,False,False
C8A,0.001539408866995074,0.0016450082820627958,0.0015922085745289347,False,False,False,False,False
JUND,0.003078817733990148,0.00010522906163162647,0.0015920233978108872,False,False,False,False,False
TNNT2,0.002770935960591133,0.0004129929676084332,0.001591964464099783,False,False,False,False,False
ANXA1,0.0024630541871921183,0.0007197179968297248,0.0015913860920109216,False,False,False,False,False
G3BP1,0.0024630541871921183,0.0007136349629217231,0.0015883445750569207,False,False,False,False,False
RAPGEF4,0.002770935960591133,0.00040549271873208174,0.0015882143396616073,False,False,False,False,False
CD69,0.003078817733990148,9.513384198864778e-05,0.001586975787989398,False,False,False,False,False
SESN2,0.0024630541871921183,0.000710774097086246,0.0015869141421391822,False,False,False,False,False
F3,0.0024630541871921183,0.0007094863294334716,0.0015862702583127948,False,False,False,False,False
SEC24C,0.002770935960591133,0.00039112147961266905,0.001581028720101901,False,False,False,False,False
TIAM1,0.002770935960591133,0.00037969799536551947,0.0015753169779783264,False,False,False,False,False
COL4A4,0.003078817733990148,6.923005593958444e-05,0.0015740238949648662,False,False,False,False,False
EDEM3,0.003078817733990148,6.734125017983451e-05,0.0015730794920849913,False,False,False,False,False
RSRC1,0.002770935960591133,0.00036714451081028184,0.0015690402357007075,False,False,False,False,False
OPTN,0.002770935960591133,0.00036194800175902073,0.001566441981175077,False,False,False,False,False
PDE4D,0.002770935960591133,0.0003503144904886513,0.0015606252255398923,False,False,False,False,False
RNASEL,0.003078817733990148,4.173546309447978e-05,0.0015602765985423138,False,False,False,False,False
GCNT3,0.003078817733990148,3.848608378579605e-05,0.001558651908887972,False,False,False,False,False
GABARAPL1,0.002770935960591133,0.00034565662809302807,0.0015582962943420805,False,False,False,False,False
SHC3,0.003078817733990148,2.8936137709183035e-05,0.0015538769358496654,False,False,False,False,False
SHC4,0.003078817733990148,2.8936137709183035e-05,0.0015538769358496654,False,False,False,False,False
CXCL5,0.003078817733990148,2.845660287878549e-05,0.0015536371684344668,False,False,False,False,False
BHLHE40,0.003078817733990148,2.205109814480272e-05,0.0015504344160674752,False,False,False,False,False
CNOT1,0.0024630541871921183,0.0006352058593112925,0.0015491300232517054,False,False,False,False,False
OAS2,0.003078817733990148,1.572473150177579e-05,0.0015472712327459618,False,False,False,False,False
GRB10,0.002770935960591133,0.0003233687008276864,0.0015471523307094097,False,False,False,False,False
EPN2,0.001539408866995074,0.0015539498401797671,0.0015466793535874207,False,False,False,False,False
CALB2,0.002770935960591133,0.0003214140492120917,0.0015461750049016124,False,False,False,False,False
CCR9,0.003078817733990148,1.0833880960517715e-05,0.0015448258074753328,False,False,False,False,False
BMP1,0.002770935960591133,0.0003161955984674322,0.0015435657795292827,False,False,False,False,False
DKK4,0.003078817733990148,3.398076088261113e-07,0.001539578770799487,False,False,False,False,False
ATP5G1,0.0021551724137931034,0.0009229425846583386,0.001539057499225721,False,False,False,False,False
NDUFA12,0.001539408866995074,0.0015384266686483072,0.0015389177678216907,False,False,False,False,False
SLC39A2,0.0012315270935960591,0.0018330675834153844,0.0015322973385057219,False,False,False,False,False
RSPH9,0.0021551724137931034,0.0008961410757316066,0.0015256567447623549,False,False,False,False,False
USH2A,0.0021551724137931034,0.0008949059316836726,0.001525039172738388,False,False,False,False,False
ABAT,0.002770935960591133,0.0002746101376875602,0.0015227730491393467,False,False,False,False,False
ROR2,0.0021551724137931034,0.0008876277972453737,0.0015214001055192385,False,False,False,False,False
SALL4,0.002770935960591133,0.00026074845551541195,0.0015158422080532724,False,False,False,False,False
LPIN3,0.0024630541871921183,0.00056184194542271,0.0015124480663074142,False,False,False,False,False
MLLT1,0.002770935960591133,0.0002525057789629031,0.001511720869777018,False,False,False,False,False
ATP6V0C,0.0024630541871921183,0.0005573608725846968,0.0015102075298884074,False,False,False,False,False
DGKH,0.0018472906403940886,0.0011406407378858601,0.0014939656891399743,False,False,False,False,False
ULK2,0.0024630541871921183,0.0005167402421832124,0.0014898972146876652,False,False,False,False,False
ACBD3,0.0018472906403940886,0.0011183276262783023,0.0014828091333361955,False,False,False,False,False
PDE4A,0.002770935960591133,0.00019060904564410593,0.0014807725031176196,False,False,False,False,False
P2RY2,0.0024630541871921183,0.0004979130423409183,0.0014804836147665184,False,False,False,False,False
PLA2G10,0.0018472906403940886,0.001110930168172573,0.0014791104042833308,False,False,False,False,False
VLDLR,0.0024630541871921183,0.0004943157652950433,0.0014786849762435808,False,False,False,False,False
PLCD1,0.002770935960591133,0.000181288386497761,0.001476112173544447,False,False,False,False,False
PC,0.0021551724137931034,0.0007934214623607689,0.0014742969380769362,False,False,False,False,False
UGT2B4,0.002770935960591133,0.00016523714344285402,0.0014680865520169935,False,False,False,False,False
FADS2,0.0024630541871921183,0.0004608686944067793,0.0014619614407994487,False,False,False,False,False
SPRED1,0.002770935960591133,0.00015021556985673348,0.0014605757652239332,False,False,False,False,False
UTP6,0.0024630541871921183,0.00045098914268802383,0.001457021664940071,False,False,False,False,False
TRAF1,0.002770935960591133,0.00013888824201183268,0.0014549121013014829,False,False,False,False,False
REL,0.002770935960591133,0.00012863138068298783,0.0014497836706370605,False,False,False,False,False
MAVS,0.0024630541871921183,0.00043638240456363316,0.0014497182958778756,False,False,False,False,False
GABBR1,0.0018472906403940886,0.0010443954882509217,0.0014458430643225053,False,False,False,False,False
HSD11B1,0.0024630541871921183,0.0004176071832400768,0.0014403306852160975,False,False,False,False,False
MYBPH,0.001539408866995074,0.001337692793881253,0.0014385508304381634,False,False,False,False,False
CALML5,0.0024630541871921183,0.00041061321574649916,0.0014368337014693086,False,False,False,False,False
ITPR2,0.002770935960591133,0.00010171608113519119,0.0014363260208631622,False,False,False,False,False
DLL1,0.002770935960591133,9.967488876519455e-05,0.0014353054246781637,False,False,False,False,False
PIP5KL1,0.002770935960591133,9.707005549245958e-05,0.0014340030080417963,False,False,False,False,False
POFUT2,0.0024630541871921183,0.0004043720709776892,0.0014337131290849037,False,False,False,False,False
TNS1,0.0024630541871921183,0.0003990204182669473,0.0014310373027295329,False,False,False,False,False
TRIM24,0.0024630541871921183,0.00039762361116361006,0.001430338899177864,False,False,False,False,False
BAG4,0.0024630541871921183,0.0003960613889541262,0.0014295577880731223,False,False,False,False,False
PHF21A,0.002770935960591133,8.353998162083225e-05,0.0014272379711059828,False,False,False,False,False
PYGM,0.0018472906403940886,0.0010062581642452553,0.001426774402319672,False,False,False,False,False
DNAJB9,0.002770935960591133,7.534585495900515e-05,0.0014231409077750691,False,False,False,False,False
AMPD3,0.002770935960591133,7.523554527802638e-05,0.0014230857529345796,False,False,False,False,False
APOC1,0.0024630541871921183,0.0003805229605047739,0.001421788573848446,False,False,False,False,False
CBX7,0.002770935960591133,7.057547440895104e-05,0.0014207557175000421,False,False,False,False,False
CD27,0.002770935960591133,6.866058003672381e-05,0.0014197982703139285,False,False,False,False,False
KLRK1,0.0024630541871921183,0.0003741332022495567,0.0014185936947208374,False,False,False,False,False
TKTL1,0.002770935960591133,6.523544442633565e-05,0.0014180857025087343,False,False,False,False,False
MGA,0.0024630541871921183,0.00037156748827197526,0.0014173108377320467,False,False,False,False,False
SEPT2,0.0021551724137931034,0.0006678791740971074,0.0014115257939451055,False,False,False,False,False
DECR1,0.0009236453201970443,0.0018934662169042956,0.0014085557685506699,False,False,False,False,False
AREG,0.002770935960591133,4.481801382852189e-05,0.0014078769872098275,False,False,False,False,False
SLC2A4,0.0024630541871921183,0.00035200002980765503,0.0014075271084998866,False,False,False,False,False
HFM1,0.0006157635467980296,0.0021971778420702094,0.0014064706944341195,False,False,False,False,False
BIN1,0.0018472906403940886,0.0009568462322964034,0.001402068436345246,False,False,False,False,False
CYP7B1,0.002770935960591133,2.9621642256935528e-05,0.0014002788014240344,False,False,False,False,False
OGDH,0.0021551724137931034,0.0006291179534823137,0.0013921451836377086,False,False,False,False,False
ITGA10,0.002770935960591133,7.493632159047649e-06,0.0013892147963750904,False,False,False,False,False
INSIG1,0.002770935960591133,6.203440155090436e-06,0.0013885697003731118,False,False,False,False,False
NFIL3,0.002770935960591133,7.853185074228441e-07,0.001385860639549278,False,False,False,False,False
OAS1,0.002770935960591133,0.0,0.0013854679802955665,False,False,False,False,False
GCNT4,0.002770935960591133,0.0,0.0013854679802955665,False,False,False,False,False
ISG20,0.002770935960591133,0.0,0.0013854679802955665,False,False,False,False,False
GBP2,0.002770935960591133,0.0,0.0013854679802955665,False,False,False,False,False
WDR19,0.0024630541871921183,0.0003073143459948743,0.0013851842665934962,False,False,False,False,False
FBLN2,0.0024630541871921183,0.00027837261804778416,0.0013707134026199512,False,False,False,False,False
EIF4ENIF1,0.0018472906403940886,0.0008821571248517834,0.001364723882622936,False,False,False,False,False
SOS2,0.0024630541871921183,0.0002653611018663689,0.0013642076445292437,False,False,False,False,False
PLAT,0.0024630541871921183,0.0002424748524989422,0.0013527645198455301,False,False,False,False,False
PLTP,0.0021551724137931034,0.0005503508959897947,0.001352761654891449,False,False,False,False,False
SULT2A1,0.0021551724137931034,0.0005446956165587228,0.0013499340151759132,False,False,False,False,False
BAK1,0.0024630541871921183,0.00022841222052535833,0.0013457332038587383,False,False,False,False,False
EEA1,0.0018472906403940886,0.0008148588348266165,0.0013310747376103526,False,False,False,False,False
IL33,0.0024630541871921183,0.00019135263349049833,0.0013272034103413083,False,False,False,False,False
TRIB3,0.0024630541871921183,0.00018483350173641703,0.0013239438444642676,False,False,False,False,False
TMEM30B,0.001539408866995074,0.00110749659645623,0.001323452731725652,False,False,False,False,False
TSC22D3,0.001539408866995074,0.0011050921112968136,0.0013222504891459439,False,False,False,False,False
CATSPERB,0.0024630541871921183,0.00017945392120960528,0.0013212540542008617,False,False,False,False,False
SCN4A,0.0021551724137931034,0.0004866737218898438,0.0013209230678414736,False,False,False,False,False
PLEKHA7,0.0018472906403940886,0.000789205318512078,0.0013182479794530833,False,False,False,False,False
THBD,0.0021551724137931034,0.00047609719786863015,0.0013156348058308669,False,False,False,False,False
VPS16,0.0021551724137931034,0.00047541472227036744,0.0013152935680317355,False,False,False,False,False
REST,0.0024630541871921183,0.00016368812527851954,0.001313371156235319,False,False,False,False,False
ADAMTS12,0.0024630541871921183,0.00015763833636552092,0.0013103462617788195,False,False,False,False,False
GCH1,0.0018472906403940886,0.0007715180110519892,0.001309404325723039,False,False,False,False,False
GALNT12,0.0024630541871921183,0.00015474503260686653,0.0013088996098994923,False,False,False,False,False
GALNT5,0.0024630541871921183,0.00015474503260686653,0.0013088996098994923,False,False,False,False,False
SLC2A14,0.0018472906403940886,0.0007623211993719757,0.0013048059198830322,False,False,False,False,False
PCCB,0.0018472906403940886,0.0007559657908015073,0.0013016282155977978,False,False,False,False,False
ARID4A,0.0024630541871921183,0.00013953769108290506,0.0013012959391375117,False,False,False,False,False
RICTOR,0.0021551724137931034,0.00044584519906137215,0.0013005088064272378,False,False,False,False,False
PRRT2,0.0018472906403940886,0.0007466134921942639,0.0012969520662941762,False,False,False,False,False
FOXA2,0.0024630541871921183,0.00013005949966121588,0.001296556843426667,False,False,False,False,False
TRIM63,0.0024630541871921183,0.0001297880886600653,0.0012964211379260918,False,False,False,False,False
INPP4A,0.0021551724137931034,0.00043559818244856476,0.001295385298120834,False,False,False,False,False
SERPIND1,0.0018472906403940886,0.0007430649905721271,0.001295177815483108,False,False,False,False,False
AKAP6,0.0024630541871921183,0.000119955172429388,0.0012915046798107532,False,False,False,False,False
PHF8,0.0018472906403940886,0.0007349619830072228,0.0012911263117006558,False,False,False,False,False
LYPLA1,0.001539408866995074,0.0010426446623587934,0.0012910267646769336,False,False,False,False,False
UBE2H,0.0018472906403940886,0.0007340993808608476,0.0012906950106274682,False,False,False,False,False
PHF20,0.0024630541871921183,0.00011291276457052963,0.0012879834758813239,False,False,False,False,False
F10,0.0021551724137931034,0.0004197513583159268,0.001287461886054515,False,False,False,False,False
SELPLG,0.0021551724137931034,0.0004173543626894076,0.0012862633882412555,False,False,False,False,False
ACVR1,0.0024630541871921183,0.00010727216376717739,0.001285163175479648,False,False,False,False,False
HSPB3,0.0024630541871921183,0.0001026100323375813,0.0012828321097648498,False,False,False,False,False
BCL2A1,0.0024630541871921183,9.40791681582645e-05,0.0012785666776751914,False,False,False,False,False
EPHB4,0.0024630541871921183,9.29847735537351e-05,0.0012780194803729266,False,False,False,False,False
EGLN1,0.0021551724137931034,0.0003992228426382283,0.0012771976282156658,False,False,False,False,False
COPA,0.0018472906403940886,0.0007024795597660876,0.0012748851000800882,False,False,False,False,False
GPX2,0.0021551724137931034,0.00039126098335203797,0.0012732166985725706,False,False,False,False,False
B4GALT5,0.0024630541871921183,8.289042365345746e-05,0.0012729723054227878,False,False,False,False,False
KMT2E,0.0024630541871921183,7.801515835255692e-05,0.0012705346727723377,False,False,False,False,False
DNALI1,0.0012315270935960591,0.0013060263895609756,0.0012687767415785174,False,False,False,False,False
DDIT3,0.0024630541871921183,7.373594779937913e-05,0.0012683950674957486,False,False,False,False,False
LOXL1,0.0021551724137931034,0.0003700772465733336,0.0012626248301832186,False,False,False,False,False
LBP,0.0024630541871921183,6.109310849776995e-05,0.0012620736478449442,False,False,False,False,False
OSMR,0.0021551724137931034,0.0003672969123289235,0.0012612346630610134,False,False,False,False,False
VANGL2,0.0018472906403940886,0.0006717213491506125,0.0012595059947723506,False,False,False,False,False
EIF2AK3,0.0024630541871921183,5.061593692277654e-05,0.0012568350620574475,False,False,False,False,False
CTDP1,0.0021551724137931034,0.000357477261876224,0.0012563248378346637,False,False,False,False,False
SEPT4,0.0021551724137931034,0.0003523529065889725,0.001253762660191038,False,False,False,False,False
CALML6,0.0021551724137931034,0.00034801875571607887,0.0012515955847545912,False,False,False,False,False
DDX20,0.0021551724137931034,0.0003479436781553088,0.001251558045974206,False,False,False,False,False
MPDZ,0.001539408866995074,0.0009630747973549938,0.001251241832175034,False,False,False,False,False
PLD3,0.0018472906403940886,0.00065151814681417,0.0012494043936041293,False,False,False,False,False
SETX,0.0018472906403940886,0.0006509050191857907,0.0012490978297899397,False,False,False,False,False
RGS8,0.0021551724137931034,0.0003414491121638146,0.001248310762978459,False,False,False,False,False
AGXT2,0.0021551724137931034,0.0003341240302929452,0.0012446482220430243,False,False,False,False,False
CBX4,0.0024630541871921183,2.5804448572497288e-05,0.0012444293178823077,False,False,False,False,False
IRAK2,0.0024630541871921183,1.940018826450062e-05,0.0012412271877283094,False,False,False,False,False
EPHA4,0.0024630541871921183,1.9094740202631e-05,0.0012410744636973745,False,False,False,False,False
EIF3K,0.0024630541871921183,1.878833127910119e-05,0.0012409212592356096,False,False,False,False,False
FZD10,0.0024630541871921183,1.3009841874061143e-05,0.0012380320145330896,False,False,False,False,False
COL11A1,0.0024630541871921183,1.0941608537640203e-05,0.0012369978978648793,False,False,False,False,False
CDA,0.0018472906403940886,0.0006263886094034848,0.0012368396248987868,False,False,False,False,False
PGAM1,0.0024630541871921183,2.7091537102293525e-08,0.0012315406393646102,False,False,False,False,False
GAPDHS,0.0024630541871921183,2.7091537102293525e-08,0.0012315406393646102,False,False,False,False,False
RORB,0.0024630541871921183,0.0,0.0012315270935960591,False,False,False,False,False
SERBP1,0.0024630541871921183,0.0,0.0012315270935960591,False,False,False,False,False
B3GNT5,0.0024630541871921183,0.0,0.0012315270935960591,False,False,False,False,False
SPRR3,0.001539408866995074,0.0009171975343666985,0.0012283032006808862,False,False,False,False,False
PPP1R10,0.001539408866995074,0.0009160462352060057,0.0012277275511005398,False,False,False,False,False
HSPA13,0.0021551724137931034,0.0002979473909460297,0.0012265599023695666,False,False,False,False,False
TNPO3,0.001539408866995074,0.0009110265294345345,0.0012252176982148043,False,False,False,False,False
DAB2,0.0021551724137931034,0.00029342536728185737,0.0012242988905374803,False,False,False,False,False
ARHGAP5,0.0021551724137931034,0.00027781274629116916,0.0012164925800421363,False,False,False,False,False
KLF6,0.0009236453201970443,0.0015071406145266027,0.0012153929673618235,False,False,False,False,False
WDR60,0.0021551724137931034,0.0002736694277315876,0.0012144209207623456,False,False,False,False,False
APBB1,0.0012315270935960591,0.00118854282988678,0.0012100349617414196,False,False,False,False,False
TAZ,0.0012315270935960591,0.0011831691600856966,0.0012073481268408779,False,False,False,False,False
PPFIA4,0.0021551724137931034,0.0002559849284642666,0.001205578671128685,False,False,False,False,False
BACE1,0.001539408866995074,0.0008650212727007836,0.0012022150698479288,False,False,False,False,False
RASSF5,0.0018472906403940886,0.0005361702927946042,0.0011917304665943463,False,False,False,False,False
RAB5B,0.0018472906403940886,0.0005154693397955845,0.0011813799900948366,False,False,False,False,False
HCN4,0.001539408866995074,0.0008215786728965458,0.00118049376994581,False,False,False,False,False
PMEL,0.0012315270935960591,0.0011279394936373043,0.0011797332936166818,False,False,False,False,False
ACOT4,0.0021551724137931034,0.000195204810553562,0.0011751886121733326,False,False,False,False,False
AMT,0.0021551724137931034,0.00018978887890603146,0.0011724806463495675,False,False,False,False,False
RPN2,0.0018472906403940886,0.0004915521911394588,0.0011694214157667738,False,False,False,False,False
PLA2G7,0.0021551724137931034,0.00017982701605483083,0.001167499714923967,False,False,False,False,False
LEPR,0.0021551724137931034,0.0001786091366578598,0.0011668907752254815,False,False,False,False,False
ACVR2B,0.0021551724137931034,0.00017745654721698913,0.0011663144805050462,False,False,False,False,False
KLHL20,0.0012315270935960591,0.0011006749693919815,0.0011661010314940202,False,False,False,False,False
RGS16,0.0021551724137931034,0.00017591959818684337,0.0011655460059899734,False,False,False,False,False
GNGT2,0.0021551724137931034,0.0001629457228369421,0.0011590590683150227,False,False,False,False,False
F13B,0.0018472906403940886,0.0004645201980753793,0.001155905419234734,False,False,False,False,False
FABP6,0.001539408866995074,0.000768421142957546,0.0011539150049763099,False,False,False,False,False
TNFRSF9,0.0021551724137931034,0.00015108066221422497,0.0011531265380036642,False,False,False,False,False
USO1,0.0021551724137931034,0.00015056866458487854,0.001152870539188991,False,False,False,False,False
PISD,0.001539408866995074,0.0007614616456841065,0.0011504352563395902,False,False,False,False,False
LGALS9,0.001539408866995074,0.0007564366883253483,0.0011479227776602112,False,False,False,False,False
BAMBI,0.0021551724137931034,0.00012770158465379147,0.0011414369992234475,False,False,False,False,False
ATP6V0A1,0.001539408866995074,0.0007426799165695479,0.001141044391782311,False,False,False,False,False
SLC27A1,0.0021551724137931034,0.00012687297405573856,0.001141022693924421,False,False,False,False,False
CCDC39,0.0021551724137931034,0.00012651207045087602,0.0011408422421219898,False,False,False,False,False
RSPH4A,0.0021551724137931034,0.00012651207045087602,0.0011408422421219898,False,False,False,False,False
DNAAF2,0.0021551724137931034,0.00012651207045087602,0.0011408422421219898,False,False,False,False,False
NAB2,0.001539408866995074,0.0007406330369148578,0.0011400209519549659,False,False,False,False,False
IL37,0.0018472906403940886,0.0004315722249040385,0.0011394314326490635,False,False,False,False,False
SPON2,0.0021551724137931034,0.00012303207660642414,0.0011391022451997638,False,False,False,False,False
RPS6KA2,0.0021551724137931034,0.00011901503189344603,0.0011370937228432746,False,False,False,False,False
CGA,0.001539408866995074,0.0007329841607520661,0.00113619651387357,False,False,False,False,False
RNF168,0.0021551724137931034,0.0001154644398933385,0.0011353184268432209,False,False,False,False,False
AGR2,0.001539408866995074,0.0007303474478536587,0.0011348781574243663,False,False,False,False,False
CSE1L,0.0012315270935960591,0.0010371551874274205,0.00113434114051174,False,False,False,False,False
RPP14,0.0021551724137931034,0.00010826716095619608,0.0011317197873746499,False,False,False,False,False
XPC,0.0021551724137931034,0.00010133523430788176,0.0011282538240504926,False,False,False,False,False
RPF2,0.0021551724137931034,0.00010130044002270743,0.0011282364269079054,False,False,False,False,False
SUN2,0.001539408866995074,0.000716460014478395,0.0011279344407367346,False,False,False,False,False
CDX2,0.0021551724137931034,0.00010055298923246741,0.0011278627015127855,False,False,False,False,False
NR4A1,0.0021551724137931034,9.729419407660152e-05,0.0011262333039348525,False,False,False,False,False
UGT2B10,0.0021551724137931034,9.557339169974218e-05,0.0011253729027464229,False,False,False,False,False
ACSS3,0.0018472906403940886,0.0004013553635294977,0.0011243230019617931,False,False,False,False,False
SEMA3B,0.0021551724137931034,9.082436439241712e-05,0.0011229983890927602,False,False,False,False,False
BSN,0.0018472906403940886,0.00039841390023229596,0.0011228522703131923,False,False,False,False,False
FBP2,0.0018472906403940886,0.0003983126735583308,0.0011228016569762096,False,False,False,False,False
TLL1,0.0021551724137931034,8.788284689064275e-05,0.001121527630341873,False,False,False,False,False
TSNARE1,0.0018472906403940886,0.0003931132840588573,0.001120201962226473,False,False,False,False,False
TFAP2B,0.0021551724137931034,7.860117685238316e-05,0.0011168867953227433,False,False,False,False,False
COG3,0.0021551724137931034,7.564251072730148e-05,0.0011154074622602025,False,False,False,False,False
DHH,0.0021551724137931034,6.791273223312413e-05,0.0011115425730131138,False,False,False,False,False
VIP,0.001539408866995074,0.0006823645349457436,0.0011108867009704088,False,False,False,False,False
HOXB1,0.001539408866995074,0.0006785238736733873,0.0011089663703342306,False,False,False,False,False
FGF17,0.0021551724137931034,6.19600113855168e-05,0.0011085662125893102,False,False,False,False,False
RSPO2,0.0018472906403940886,0.00036714451081028184,0.0011072175756021852,False,False,False,False,False
ACSL5,0.0021551724137931034,4.839106032283941e-05,0.0011017817370579713,False,False,False,False,False
AGPAT4,0.0021551724137931034,4.811292158964663e-05,0.001101642667691375,False,False,False,False,False
RALGDS,0.0021551724137931034,4.660064063255995e-05,0.0011008865272128317,False,False,False,False,False
TJP3,0.0021551724137931034,4.2693519905176446e-05,0.00109893296684914,False,False,False,False,False
ACSL3,0.0021551724137931034,4.0924362499360813e-05,0.001098048388146232,False,False,False,False,False
GPC6,0.0021551724137931034,3.6874224521677833e-05,0.0010960233191573906,False,False,False,False,False
KLK7,0.0006157635467980296,0.0015742109043189608,0.0010949872255584952,False,False,False,False,False
FADS1,0.0021551724137931034,3.3415391948680954e-05,0.0010942939028708923,False,False,False,False,False
CHAT,0.0018472906403940886,0.00033807043844737535,0.001092680539420732,False,False,False,False,False
RAD50,0.0021551724137931034,2.350037574526172e-05,0.0010893363947691826,False,False,False,False,False
COL6A5,0.0021551724137931034,2.1982680267119223e-05,0.0010885775470301114,False,False,False,False,False
IPMK,0.0021551724137931034,2.0697153374789162e-05,0.0010879347835839462,False,False,False,False,False
FGF16,0.0021551724137931034,2.06548413979541e-05,0.0010879136275955287,False,False,False,False,False
CD1D,0.0018472906403940886,0.00032790557851229213,0.0010875981094531904,False,False,False,False,False
LPIN2,0.0021551724137931034,1.9911370905303693e-05,0.0010875418923492035,False,False,False,False,False
WDR59,0.0018472906403940886,0.0003270535342702921,0.0010871720873321903,False,False,False,False,False
INO80B,0.0021551724137931034,1.5206796666127485e-05,0.0010851896052296154,False,False,False,False,False
JAG2,0.0021551724137931034,1.5103447977675642e-05,0.0010851379308853895,False,False,False,False,False
GDF5,0.0018472906403940886,0.00032258801842810405,0.0010849393294110963,False,False,False,False,False
CCL24,0.0021551724137931034,1.3309597809014052e-05,0.0010842410058010587,False,False,False,False,False
HCST,0.0018472906403940886,0.00031975761910367766,0.001083524129748883,False,False,False,False,False
CCL25,0.0021551724137931034,1.0789080202428313e-05,0.0010829807469977658,False,False,False,False,False
KAT7,0.0021551724137931034,9.734852722060911e-06,0.0010824536332575822,False,False,False,False,False
CACNG1,0.0021551724137931034,0.0,0.0010775862068965517,False,False,False,False,False
CACNA2D4,0.0021551724137931034,0.0,0.0010775862068965517,False,False,False,False,False
GALNTL5,0.0021551724137931034,0.0,0.0010775862068965517,False,False,False,False,False
PGAM4,0.0021551724137931034,0.0,0.0010775862068965517,False,False,False,False,False
GALNT16,0.0021551724137931034,0.0,0.0010775862068965517,False,False,False,False,False
B3GNT8,0.0021551724137931034,0.0,0.0010775862068965517,False,False,False,False,False
TWISTNB,0.0018472906403940886,0.00030754720133648544,0.001077418920865287,False,False,False,False,False
EGR3,0.0018472906403940886,0.00030626273810743006,0.0010767766892507593,False,False,False,False,False
CD226,0.0018472906403940886,0.00030258376970106855,0.0010749372050475785,False,False,False,False,False
GRASP,0.001539408866995074,0.000601579124352607,0.0010704939956738405,False,False,False,False,False
PARD6B,0.001539408866995074,0.0006013643231661093,0.0010703865950805916,False,False,False,False,False
SPINK5,0.0009236453201970443,0.0012128000066940628,0.0010682226634455535,False,False,False,False,False
BAAT,0.0018472906403940886,0.0002837732485773232,0.001065531944485706,False,False,False,False,False
KAT6B,0.0018472906403940886,0.00028239424389091397,0.0010648424421425013,False,False,False,False,False
CDK5R1,0.001539408866995074,0.0005802721060061114,0.0010598404865005927,False,False,False,False,False
AHNAK,0.001539408866995074,0.0005788256847499493,0.0010591172758725115,False,False,False,False,False
MAP2,0.0018472906403940886,0.00026620354375194203,0.0010567470920730153,False,False,False,False,False
EXOSC2,0.0018472906403940886,0.0002602208156986076,0.001053755728046348,False,False,False,False,False
ARHGEF28,0.0018472906403940886,0.0002442023929583168,0.0010457465166762026,False,False,False,False,False
OGDHL,0.0018472906403940886,0.0002388970294264501,0.0010430938349102693,False,False,False,False,False
PDP1,0.0006157635467980296,0.0014663023541245349,0.0010410329504612823,False,False,False,False,False
OPN1SW,0.0012315270935960591,0.0008467998736530499,0.0010391634836245545,False,False,False,False,False
LPCAT1,0.0018472906403940886,0.00022955480265656565,0.0010384227215253271,False,False,False,False,False
ENTPD4,0.0018472906403940886,0.00022736533544866246,0.0010373279879213756,False,False,False,False,False
TUBA1B,0.0018472906403940886,0.00021936200723392564,0.001033326323814007,False,False,False,False,False
CPT1B,0.0018472906403940886,0.000218919945412625,0.0010331052929033568,False,False,False,False,False
COL10A1,0.0018472906403940886,0.0002077434857881467,0.0010275170630911175,False,False,False,False,False
DRD5,0.001539408866995074,0.0005112634777505465,0.0010253361723728102,False,False,False,False,False
TCTEX1D2,0.0018472906403940886,0.00020009585716161446,0.0010236932487778516,False,False,False,False,False
SPTBN2,0.001539408866995074,0.0005067180333527258,0.0010230634501739,False,False,False,False,False
ATOH1,0.001539408866995074,0.0005022855920484316,0.0010208472295217528,False,False,False,False,False
CD33,0.0018472906403940886,0.0001930622281810241,0.0010201764342875562,False,False,False,False,False
KDM7A,0.0018472906403940886,0.0001906773885723012,0.001018984014483195,False,False,False,False,False
HTRA3,0.0009236453201970443,0.0011126476300420747,0.0010181464751195595,False,False,False,False,False
TRDN,0.0012315270935960591,0.0007997966001781639,0.0010156618468871114,False,False,False,False,False
KLRC1,0.0018472906403940886,0.0001779092483157284,0.0010125999443549084,False,False,False,False,False
RHBDF2,0.0009236453201970443,0.0011006749693919815,0.001012160144794513,False,False,False,False,False
PPTC7,0.0009236453201970443,0.0011006749693919815,0.001012160144794513,False,False,False,False,False
GPD2,0.0018472906403940886,0.00016899407840582646,0.0010081423593999576,False,False,False,False,False
MAGI1,0.0012315270935960591,0.0007836559022137314,0.0010075914979048952,False,False,False,False,False
INPP5F,0.0018472906403940886,0.00016579727585154384,0.0010065439581228163,False,False,False,False,False
RACGAP1,0.0018472906403940886,0.00016043464206447417,0.0010038626412292814,False,False,False,False,False
GUCY1A2,0.0018472906403940886,0.00016032553990624068,0.0010038080901501646,False,False,False,False,False
SCN3A,0.0018472906403940886,0.000159825822184104,0.0010035582312890963,False,False,False,False,False
CYP21A2,0.0018472906403940886,0.00015304236567241855,0.0010001665030332535,False,False,False,False,False
TRAT1,0.001539408866995074,0.0004599346739260618,0.000999671770460568,False,False,False,False,False
SFTPD,0.001539408866995074,0.00045716543065863,0.000998287148826852,False,False,False,False,False
KRT5,0.001539408866995074,0.00045660755383679184,0.0009980082104159328,False,False,False,False,False
TRPM4,0.0018472906403940886,0.00014241680786532452,0.0009948537241297065,False,False,False,False,False
NDRG1,0.001539408866995074,0.00044985148494069727,0.0009946301759678857,False,False,False,False,False
ACOT8,0.001539408866995074,0.00044837753458130687,0.0009938932007881904,False,False,False,False,False
PLD4,0.0018472906403940886,0.00013205600271409026,0.0009896733215540895,False,False,False,False,False
SCN3B,0.0018472906403940886,0.0001289399480273288,0.0009881152942107087,False,False,False,False,False
SCN1B,0.0018472906403940886,0.0001289399480273288,0.0009881152942107087,False,False,False,False,False
EDEM2,0.0018472906403940886,0.00012346998757931717,0.0009853803139867029,False,False,False,False,False
NKTR,0.0012315270935960591,0.000738508438804233,0.000985017766200146,False,False,False,False,False
GPBAR1,0.0012315270935960591,0.000738353871617657,0.000984940482606858,False,False,False,False,False
APLP1,0.0012315270935960591,0.0007382355567030401,0.0009848813251495496,False,False,False,False,False
SLC33A1,0.0012315270935960591,0.0007339368316382339,0.0009827319626171465,False,False,False,False,False
IBTK,0.0012315270935960591,0.0007339097401011316,0.0009827184168485954,False,False,False,False,False
POLK,0.0012315270935960591,0.0007339097401011316,0.0009827184168485954,False,False,False,False,False
CEACAM5,0.0018472906403940886,0.00011619016296178604,0.0009817404016779373,False,False,False,False,False
KCNH1,0.001539408866995074,0.00041613774566118006,0.000977773306328127,False,False,False,False,False
UBR2,0.0012315270935960591,0.0007230716829914533,0.0009772993882937561,False,False,False,False,False
CYP27C1,0.0018472906403940886,0.00010559796122845185,0.0009764443008112702,False,False,False,False,False
TPO,0.001539408866995074,0.00041277633226641507,0.0009760925996307445,False,False,False,False,False
RHOQ,0.0018472906403940886,9.927434530928283e-05,0.0009732824928516857,False,False,False,False,False
TREM1,0.001539408866995074,0.00040512580206730824,0.0009722673345311911,False,False,False,False,False
CLDN1,0.0018472906403940886,9.506018879857278e-05,0.0009711754145963307,False,False,False,False,False
PDE2A,0.0018472906403940886,9.43185056650503e-05,0.0009708045730295695,False,False,False,False,False
AKAP13,0.0018472906403940886,9.121816716398774e-05,0.0009692544037790381,False,False,False,False,False
MAP2K5,0.001539408866995074,0.00039792026499924744,0.0009686645659971608,False,False,False,False,False
C2,0.001539408866995074,0.00039703184001068915,0.0009682203535028816,False,False,False,False,False
ZNF384,0.001539408866995074,0.0003967833294727187,0.0009680960982338964,False,False,False,False,False
MAPKAPK5,0.0018472906403940886,8.76478854456611e-05,0.0009674692629198749,False,False,False,False,False
TNNI1,0.0018472906403940886,8.763580792244541e-05,0.000967463224158267,False,False,False,False,False
CAPZB,0.0018472906403940886,8.68686971683602e-05,0.0009670796687812244,False,False,False,False,False
DUSP6,0.0018472906403940886,8.552011225321376e-05,0.0009664053763236512,False,False,False,False,False
UBA2,0.001539408866995074,0.0003914533052518946,0.0009654310861234843,False,False,False,False,False
DBH,0.001539408866995074,0.00039048086804324694,0.0009649448675191605,False,False,False,False,False
NIPBL,0.001539408866995074,0.0003864458810289823,0.0009629273740120281,False,False,False,False,False
LIPG,0.0018472906403940886,7.675163660665433e-05,0.0009620211385003714,False,False,False,False,False
MAP3K8,0.0018472906403940886,7.649181823422867e-05,0.0009618912293141587,False,False,False,False,False
MLYCD,0.0018472906403940886,7.288161463476906e-05,0.0009600861275144288,False,False,False,False,False
ABCG8,0.001539408866995074,0.00037874858021135676,0.0009590787236032154,False,False,False,False,False
PHKA1,0.001539408866995074,0.0003786542258140256,0.0009590315464045498,False,False,False,False,False
KLRB1,0.0018472906403940886,6.666996087523361e-05,0.0009569803006346611,False,False,False,False,False
FOSL2,0.0018472906403940886,6.434704999851759e-05,0.0009558188451963031,False,False,False,False,False
PTPN7,0.0018472906403940886,6.267277219617107e-05,0.0009549817062951298,False,False,False,False,False
RGMB,0.0018472906403940886,6.158442122497944e-05,0.0009544375308095341,False,False,False,False,False
MSL3,0.001539408866995074,0.00036897446258742084,0.0009541916647912474,False,False,False,False,False
FAM120B,0.001539408866995074,0.0003683754953378271,0.0009538921811664506,False,False,False,False,False
DCX,0.0018472906403940886,5.6718186086608445e-05,0.0009520044132403485,False,False,False,False,False
CYP1B1,0.0018472906403940886,5.528652772834933e-05,0.000951288584061219,False,False,False,False,False
KDM4B,0.0018472906403940886,5.330007449349432e-05,0.0009502953574437915,False,False,False,False,False
AGRP,0.0018472906403940886,4.872970479067755e-05,0.0009480101725923831,False,False,False,False,False
MAML2,0.0018472906403940886,4.7147753230972394e-05,0.0009472191968125305,False,False,False,False,False
CARNS1,0.0018472906403940886,4.449076069254346e-05,0.000945890700543316,False,False,False,False,False
CNDP1,0.0018472906403940886,4.449076069254346e-05,0.000945890700543316,False,False,False,False,False
IFT81,0.0018472906403940886,4.044950740034873e-05,0.0009438700738972186,False,False,False,False,False
ING4,0.0018472906403940886,3.9577314916922235e-05,0.0009434339776555054,False,False,False,False,False
CUL7,0.0018472906403940886,3.812582623395547e-05,0.0009427082333140221,False,False,False,False,False
CITED2,0.0018472906403940886,3.774030941976517e-05,0.0009425154749069268,False,False,False,False,False
COL15A1,0.0018472906403940886,2.7532755450220494e-05,0.0009374116979221545,False,False,False,False,False
PLXNA1,0.0018472906403940886,2.6452461400638755e-05,0.0009368715508973637,False,False,False,False,False
DACH1,0.001539408866995074,0.0003336902435452537,0.0009365495552701639,False,False,False,False,False
GNG8,0.0018472906403940886,2.0965899934338164e-05,0.0009341282701642134,False,False,False,False,False
BIK,0.0018472906403940886,1.9035785361915156e-05,0.0009331632128780019,False,False,False,False,False
COL9A3,0.0018472906403940886,1.7115590600029604e-05,0.0009322031154970591,False,False,False,False,False
ITPKB,0.0018472906403940886,1.6583024512631088e-05,0.0009319368324533598,False,False,False,False,False
SPINT2,0.0012315270935960591,0.0006314918539713742,0.0009315094737837166,False,False,False,False,False
PPP1R3B,0.001539408866995074,0.0003233139652503506,0.0009313614161227123,False,False,False,False,False
TLR1,0.0018472906403940886,1.4480471330918825e-05,0.0009308855558625037,False,False,False,False,False
GRB7,0.0018472906403940886,1.438039510252279e-05,0.0009308355177483057,False,False,False,False,False
BCL2L2,0.0018472906403940886,1.3543470503820486e-05,0.0009304170554489546,False,False,False,False,False
COLGALT2,0.0018472906403940886,1.1300412983586368e-05,0.0009292955266888375,False,False,False,False,False
CCL15,0.0018472906403940886,1.0789080202428313e-05,0.0009290398602982584,False,False,False,False,False
CXCL16,0.0018472906403940886,1.0789080202428313e-05,0.0009290398602982584,False,False,False,False,False
STX1B,0.0018472906403940886,9.45613459542498e-06,0.0009283733874947568,False,False,False,False,False
FGFRL1,0.0018472906403940886,9.154614475876473e-06,0.0009282226274349825,False,False,False,False,False
COL6A6,0.0018472906403940886,7.990508256272865e-06,0.0009276405743251807,False,False,False,False,False
MATK,0.0018472906403940886,7.40659100109446e-06,0.0009273486156975915,False,False,False,False,False
TNNC1,0.0018472906403940886,5.043088939487462e-06,0.000926166864666788,False,False,False,False,False
MYBPC1,0.0018472906403940886,5.043088939487462e-06,0.000926166864666788,False,False,False,False,False
AGPAT3,0.0018472906403940886,4.532441188981768e-06,0.0009259115407915352,False,False,False,False,False
HSD3B7,0.0018472906403940886,3.9338900773329916e-06,0.0009256122652357108,False,False,False,False,False
CCNG2,0.0018472906403940886,2.3316902495433324e-06,0.0009248111653218159,False,False,False,False,False
HERPUD1,0.0018472906403940886,2.0364982361094335e-06,0.000924663569315099,False,False,False,False,False
FOXP1,0.0018472906403940886,1.7820382578398467e-06,0.0009245363393259642,False,False,False,False,False
ABCA3,0.001539408866995074,0.00030954038357555784,0.0009244746252853159,False,False,False,False,False
IL21R,0.0018472906403940886,1.1324425021974211e-06,0.000924211541448143,False,False,False,False,False
LIFR,0.0018472906403940886,1.5240151864162914e-07,0.0009237215209563651,False,False,False,False,False
PLXNA4,0.0018472906403940886,9.638335315239042e-08,0.0009236935118736205,False,False,False,False,False
PLXNA3,0.0018472906403940886,9.638335315239042e-08,0.0009236935118736205,False,False,False,False,False
DNAAF3,0.0018472906403940886,3.792815194321094e-08,0.0009236642842730159,False,False,False,False,False
KREMEN1,0.0018472906403940886,0.0,0.0009236453201970443,False,False,False,False,False
ADAMTS16,0.0018472906403940886,0.0,0.0009236453201970443,False,False,False,False,False
SRP9,0.0018472906403940886,0.0,0.0009236453201970443,False,False,False,False,False
THSD4,0.0018472906403940886,0.0,0.0009236453201970443,False,False,False,False,False
PDE6G,0.0012315270935960591,0.0006016637594740902,0.0009165954265350747,False,False,False,False,False
FSCN1,0.001539408866995074,0.00029230228908919673,0.0009158555780421353,False,False,False,False,False
ABCC8,0.001539408866995074,0.00028998586562689187,0.000914697366310983,False,False,False,False,False
UQCRFS1,0.0012315270935960591,0.0005953629285340754,0.0009134450110650672,False,False,False,False,False
NLRC4,0.001539408866995074,0.000251700394444,0.0008955546307195369,False,False,False,False,False
ABCA4,0.0012315270935960591,0.0005288816538689138,0.0008802043737324865,False,False,False,False,False
SNAP91,0.001539408866995074,0.00022008887353940654,0.0008797488702672403,False,False,False,False,False
GRIK4,0.001539408866995074,0.0002150314906550925,0.0008772201788250833,False,False,False,False,False
GNMT,0.0012315270935960591,0.0005186053477801017,0.0008750662206880804,False,False,False,False,False
RPE65,0.001539408866995074,0.00020760611420387893,0.0008735074905994764,False,False,False,False,False
GDE1,0.0012315270935960591,0.0005147918270292706,0.0008731594603126648,False,False,False,False,False
TRIM40,0.0009236453201970443,0.0008181589364755594,0.0008709021283363019,False,False,False,False,False
INHBB,0.001539408866995074,0.00020228440897912466,0.0008708466379870993,False,False,False,False,False
TIMM22,0.0012315270935960591,0.0005091130253570879,0.0008703200594765736,False,False,False,False,False
ATP8A1,0.0006157635467980296,0.001122723465061677,0.0008692435059298534,False,False,False,False,False
NFKBIZ,0.001539408866995074,0.00018001368704034315,0.0008597112770177086,False,False,False,False,False
TXNIP,0.0012315270935960591,0.00048663424315861266,0.0008590806683773359,False,False,False,False,False
GLCCI1,0.0006157635467980296,0.0011002956878725493,0.0008580296173352894,False,False,False,False,False
ANKZF1,0.0006157635467980296,0.0011002956878725493,0.0008580296173352894,False,False,False,False,False
C8G,0.0006157635467980296,0.0011002956878725493,0.0008580296173352894,False,False,False,False,False
HOXA9,0.001539408866995074,0.00017629279269265746,0.0008578508298438657,False,False,False,False,False
CHRM2,0.001539408866995074,0.00016099650193402082,0.0008502026844645474,False,False,False,False,False
RARG,0.001539408866995074,0.00015739731865097045,0.0008484030928230222,False,False,False,False,False
PDE5A,0.001539408866995074,0.00015463975809811367,0.0008470243125465938,False,False,False,False,False
FBLN5,0.001539408866995074,0.00015343955351324544,0.0008464242102541597,False,False,False,False,False
RHOBTB3,0.0012315270935960591,0.00045789944130908644,0.0008447132674525728,False,False,False,False,False
SLC25A6,0.0012315270935960591,0.00045579639103193184,0.0008436617423139955,False,False,False,False,False
CLCN3,0.0009236453201970443,0.0007608555175136266,0.0008422504188553355,False,False,False,False,False
AMOTL1,0.0012315270935960591,0.00045027027614485477,0.000840898684870457,False,False,False,False,False
CERS2,0.001539408866995074,0.00014187190557083337,0.0008406403862829537,False,False,False,False,False
NLRP7,0.0009236453201970443,0.0007436895198139422,0.0008336674200054932,False,False,False,False,False
HLA-DRB5,0.0012315270935960591,0.0004323315565672844,0.0008319293250816718,False,False,False,False,False
ST14,0.0009236453201970443,0.0007375573049296386,0.0008306013125633415,False,False,False,False,False
GOLGB1,0.001539408866995074,0.00011994448296924424,0.0008296766749821591,False,False,False,False,False
CHRNB4,0.0009236453201970443,0.0007340993808608476,0.000828872350528946,False,False,False,False,False
FAM214A,0.0009236453201970443,0.0007340993808608476,0.000828872350528946,False,False,False,False,False
SPATA5,0.0009236453201970443,0.0007340993808608476,0.000828872350528946,False,False,False,False,False
BTLA,0.0009236453201970443,0.0007340993808608476,0.000828872350528946,False,False,False,False,False
SLC29A3,0.0009236453201970443,0.0007340993808608476,0.000828872350528946,False,False,False,False,False
SLC30A1,0.0009236453201970443,0.0007340993808608476,0.000828872350528946,False,False,False,False,False
ASB4,0.0009236453201970443,0.0007339097401011316,0.000828777530149088,False,False,False,False,False
UGGT1,0.0009236453201970443,0.0007339097401011316,0.000828777530149088,False,False,False,False,False
CLCN2,0.0009236453201970443,0.0007339097401011316,0.000828777530149088,False,False,False,False,False
VPS37C,0.0012315270935960591,0.0004193257227389127,0.0008254264081674859,False,False,False,False,False
TFF2,0.001539408866995074,0.00011142533456559726,0.0008254171007803356,False,False,False,False,False
POLR3A,0.001539408866995074,0.00010811557907249558,0.0008237622230337848,False,False,False,False,False
RBP1,0.001539408866995074,0.0001070609608113768,0.0008232349139032254,False,False,False,False,False
ATXN2L,0.0012315270935960591,0.00040996452944965975,0.0008207458115228594,False,False,False,False,False
SEC16B,0.0012315270935960591,0.0004099306397054028,0.000820728866650731,False,False,False,False,False
SRSF7,0.0012315270935960591,0.0004060060047122913,0.0008187665491541752,False,False,False,False,False
CST3,0.001539408866995074,9.693148926896361e-05,0.0008181701781320188,False,False,False,False,False
LEMD3,0.0012315270935960591,0.00039688608984672104,0.00081420659172139,False,False,False,False,False
ANG,0.0012315270935960591,0.0003966883640232911,0.000814107728809675,False,False,False,False,False
FKBP8,0.001539408866995074,8.725384661906854e-05,0.0008133313568070712,False,False,False,False,False
CDC42EP4,0.001539408866995074,8.700357362998681e-05,0.0008132062203125304,False,False,False,False,False
COL8A2,0.001539408866995074,8.502113193352504e-05,0.0008122149994642995,False,False,False,False,False
CRCP,0.0012315270935960591,0.0003925471049655563,0.0008120370992808077,False,False,False,False,False
SLC35B2,0.0012315270935960591,0.00038958185196459036,0.0008105544727803248,False,False,False,False,False
HGD,0.0012315270935960591,0.0003861841188758613,0.0008088556062359602,False,False,False,False,False
MS4A2,0.001539408866995074,7.621419960324421e-05,0.000807811533299159,False,False,False,False,False
TACSTD2,0.0012315270935960591,0.00038262425193928955,0.0008070756727676743,False,False,False,False,False
MEF2A,0.001539408866995074,7.205892144736976e-05,0.0008057338942212219,False,False,False,False,False
SEPT6,0.001539408866995074,6.961748023263132e-05,0.0008045131736138527,False,False,False,False,False
MIS18BP1,0.001539408866995074,6.572839037372722e-05,0.0008025686286844006,False,False,False,False,False
CIITA,0.0012315270935960591,0.00037259762830487016,0.0008020623609504647,False,False,False,False,False
TTC21A,0.0012315270935960591,0.00036714451081028184,0.0007993358022031705,False,False,False,False,False
SOSTDC1,0.0012315270935960591,0.00036714451081028184,0.0007993358022031705,False,False,False,False,False
ASAH1,0.0012315270935960591,0.00036714451081028184,0.0007993358022031705,False,False,False,False,False
EIF1AD,0.0012315270935960591,0.00036714451081028184,0.0007993358022031705,False,False,False,False,False
TFE3,0.0012315270935960591,0.00036714451081028184,0.0007993358022031705,False,False,False,False,False
IVL,0.0012315270935960591,0.00036714451081028184,0.0007993358022031705,False,False,False,False,False
GJB4,0.0012315270935960591,0.0003671445108102818,0.0007993358022031704,False,False,False,False,False
TMOD2,0.001539408866995074,5.915817605480943e-05,0.0007992835215249417,False,False,False,False,False
DEFB104A,0.0012315270935960591,0.00036686004967070775,0.0007991935716333834,False,False,False,False,False
DEFB104B,0.0012315270935960591,0.00036686004967070775,0.0007991935716333834,False,False,False,False,False
SPRY4,0.001539408866995074,5.768824925583305e-05,0.0007985485581254535,False,False,False,False,False
PRDM16,0.001539408866995074,5.319392198457257e-05,0.0007963013944898233,False,False,False,False,False
HMGA1,0.001539408866995074,5.3078339829765174e-05,0.0007962436034124196,False,False,False,False,False
AFF4,0.001539408866995074,5.0301095974824434e-05,0.0007948549814849492,False,False,False,False,False
MYLPF,0.001539408866995074,4.978416762864501e-05,0.0007945965173118595,False,False,False,False,False
UBE2F,0.001539408866995074,4.8956235037867624e-05,0.0007941825510164708,False,False,False,False,False
RIF1,0.001539408866995074,4.837064279203854e-05,0.0007938897548935563,False,False,False,False,False
KRT19,0.001539408866995074,4.8064449023925924e-05,0.0007937366580094999,False,False,False,False,False
FOXD3,0.001539408866995074,4.783304118625687e-05,0.0007936209540906654,False,False,False,False,False
EIF4G2,0.001539408866995074,4.748757251450693e-05,0.0007934482197547904,False,False,False,False,False
MAMLD1,0.001539408866995074,4.7147753230972394e-05,0.0007932783101130232,False,False,False,False,False
CDH11,0.001539408866995074,4.4432723484828075e-05,0.000791920795239951,False,False,False,False,False
KLRC2,0.001539408866995074,4.439681860798908e-05,0.0007919028428015315,False,False,False,False,False
LIPA,0.001539408866995074,4.074809542137306e-05,0.0007900784812082235,False,False,False,False,False
SCD5,0.001539408866995074,3.377013712217458e-05,0.0007865895020586242,False,False,False,False,False
SHOC2,0.001539408866995074,3.2245720588395174e-05,0.0007858272937917345,False,False,False,False,False
TIMP3,0.001539408866995074,3.179540295703453e-05,0.0007856021349760543,False,False,False,False,False
KDM5B,0.001539408866995074,3.070382578583582e-05,0.0007850563463904549,False,False,False,False,False
NLRP1,0.001539408866995074,2.856874969962706e-05,0.0007839888083473505,False,False,False,False,False
TK2,0.001539408866995074,2.7607878221965262e-05,0.0007835083726085196,False,False,False,False,False
AP3D1,0.0012315270935960591,0.0003346868090881501,0.0007831069513421046,False,False,False,False,False
ACE,0.001539408866995074,2.4781066891733216e-05,0.0007820949669434036,False,False,False,False,False
PSMG1,0.001539408866995074,2.4284167152045548e-05,0.0007818465170735597,False,False,False,False,False
KERA,0.001539408866995074,1.8652144430678897e-05,0.0007790305057128764,False,False,False,False,False
NCAPG,0.001539408866995074,1.761311888700861e-05,0.0007785109929410413,False,False,False,False,False
ESRRB,0.001539408866995074,1.6868876342722956e-05,0.0007781388716688985,False,False,False,False,False
COL9A2,0.001539408866995074,1.1923840314271275e-05,0.0007756663536546727,False,False,False,False,False
SH2B3,0.001539408866995074,1.055597990388578e-05,0.0007749824234494799,False,False,False,False,False
NFE2L1,0.0009236453201970443,0.0006253645675674223,0.0007745049438822333,False,False,False,False,False
SYT4,0.001539408866995074,9.111653029656618e-06,0.0007742602600123653,False,False,False,False,False
PER1,0.001539408866995074,8.708241989348616e-06,0.0007740585544922113,False,False,False,False,False
CD276,0.001539408866995074,7.380606678828432e-06,0.0007733947368369512,False,False,False,False,False
GRK6,0.001539408866995074,6.926991253693381e-06,0.0007731679291243837,False,False,False,False,False
RGS18,0.001539408866995074,6.728802574713679e-06,0.0007730688347848938,False,False,False,False,False
RGS13,0.001539408866995074,6.728802574713679e-06,0.0007730688347848938,False,False,False,False,False
RGS3,0.001539408866995074,6.728802574713679e-06,0.0007730688347848938,False,False,False,False,False
CLDN4,0.001539408866995074,6.12154220461248e-06,0.0007727652045998433,False,False,False,False,False
ORC4,0.0012315270935960591,0.00031343422578031417,0.0007724806596881866,False,False,False,False,False
DEPDC5,0.001539408866995074,5.09801632551703e-06,0.0007722534416602954,False,False,False,False,False
TET1,0.001539408866995074,4.9842703771349886e-06,0.0007721965686861045,False,False,False,False,False
SOX17,0.001539408866995074,4.6196586767209805e-06,0.0007720142628358975,False,False,False,False,False
PPBP,0.001539408866995074,3.904562632594859e-06,0.0007716567148138344,False,False,False,False,False
TMOD4,0.001539408866995074,2.2666234632223713e-06,0.0007708377452291482,False,False,False,False,False
HEYL,0.001539408866995074,1.184633949549481e-06,0.0007702967504723117,False,False,False,False,False
RPS6KA6,0.001539408866995074,8.026640344169354e-07,0.0007701057655147454,False,False,False,False,False
LOXL4,0.001539408866995074,5.938331197010901e-07,0.0007700013500573876,False,False,False,False,False
BFSP2,0.001539408866995074,3.476747261461002e-07,0.0007698782708606101,False,False,False,False,False
LGR6,0.001539408866995074,0.0,0.000769704433497537,False,False,False,False,False
FAM187A,0.001539408866995074,0.0,0.000769704433497537,False,False,False,False,False
CCDC103,0.001539408866995074,0.0,0.000769704433497537,False,False,False,False,False
RSPO4,0.001539408866995074,0.0,0.000769704433497537,False,False,False,False,False
RSPO3,0.001539408866995074,0.0,0.000769704433497537,False,False,False,False,False
MARK4,0.0012315270935960591,0.0002882985417263392,0.0007599128176611991,False,False,False,False,False
MAT1A,0.0009236453201970443,0.0005908300509806957,0.00075723768558887,False,False,False,False,False
ATP2B4,0.0012315270935960591,0.0002825573835514249,0.000757042238573742,False,False,False,False,False
TNC,0.0012315270935960591,0.0002774556843644438,0.0007544913889802515,False,False,False,False,False
USF2,0.0012315270935960591,0.0002723170368028604,0.0007519220651994598,False,False,False,False,False
SAT1,0.0012315270935960591,0.000272112182069869,0.0007518196378329641,False,False,False,False,False
MXD1,0.0012315270935960591,0.0002685995232942335,0.0007500633084451463,False,False,False,False,False
NINL,0.0009236453201970443,0.0005662746103771041,0.0007449599652870741,False,False,False,False,False
LASP1,0.0012315270935960591,0.0002517227922627298,0.0007416249429293945,False,False,False,False,False
C5AR1,0.0012315270935960591,0.00024897601228961945,0.0007402515529428392,False,False,False,False,False
CHAC1,0.0012315270935960591,0.0002323733314465496,0.0007319502125213044,False,False,False,False,False
VKORC1,0.0009236453201970443,0.000522351784450394,0.0007229985523237192,False,False,False,False,False
SMG7,0.0012315270935960591,0.000208807869229268,0.0007201674814126636,False,False,False,False,False
L2HGDH,0.0012315270935960591,0.00020476609715346008,0.0007181465953747596,False,False,False,False,False
P2RX4,0.0012315270935960591,0.00019522102005098554,0.0007133740568235224,False,False,False,False,False
ATP7A,0.0009236453201970443,0.0005007378028406631,0.0007121915615188537,False,False,False,False,False
CASP14,0.0012315270935960591,0.00018328779426556686,0.000707407443930813,False,False,False,False,False
PDCD4,0.0012315270935960591,0.00018263516175976804,0.0007070811276779136,False,False,False,False,False
RGR,0.0012315270935960591,0.0001746834271088045,0.0007031052603524318,False,False,False,False,False
DLX5,0.0012315270935960591,0.00017359235812846192,0.0007025597258622605,False,False,False,False,False
GJB1,0.0009236453201970443,0.0004795413911090877,0.000701593355653066,False,False,False,False,False
FCHSD1,0.0006157635467980296,0.000786255139354562,0.0007010093430762957,False,False,False,False,False
LCA5,0.0009236453201970443,0.0004650842564891297,0.000694364788343087,False,False,False,False,False
NEFM,0.0012315270935960591,0.0001511500128358729,0.000691338553215966,False,False,False,False,False
KLK3,0.0012315270935960591,0.00014544165170730938,0.0006884843726516843,False,False,False,False,False
ATP10D,0.0009236453201970443,0.0004523780046563742,0.0006880116624267093,False,False,False,False,False
HGFAC,0.0006157635467980296,0.0007585199109292428,0.0006871417288636362,False,False,False,False,False
DUSP16,0.0012315270935960591,0.0001419040992508664,0.0006867155964234628,False,False,False,False,False
LARS,0.0012315270935960591,0.0001340188666022608,0.0006827729800991599,False,False,False,False,False
MAOB,0.0012315270935960591,0.00013212700978073848,0.0006818270516883988,False,False,False,False,False
KALRN,0.0012315270935960591,0.00013071810291638474,0.000681122598256222,False,False,False,False,False
TBX19,0.0012315270935960591,0.00012295053124128927,0.0006772388124186741,False,False,False,False,False
POU2F3,0.0012315270935960591,0.00012103513525130845,0.0006762811144236838,False,False,False,False,False
LCN1,0.0006157635467980296,0.0007339097401011316,0.0006748366434495806,False,False,False,False,False
MBNL1,0.0006157635467980296,0.0007339097401011316,0.0006748366434495806,False,False,False,False,False
RXFP3,0.0006157635467980296,0.0007339097401011316,0.0006748366434495806,False,False,False,False,False
PTMA,0.0006157635467980296,0.0007339097401011316,0.0006748366434495806,False,False,False,False,False
WBP2,0.0006157635467980296,0.0007339097401011316,0.0006748366434495806,False,False,False,False,False
SRRM4,0.0006157635467980296,0.0007339097401011316,0.0006748366434495806,False,False,False,False,False
FCGRT,0.0006157635467980296,0.0007339097401011316,0.0006748366434495806,False,False,False,False,False
TF,0.0012315270935960591,0.00011362806484910215,0.0006725775792225806,False,False,False,False,False
MLC1,0.0012315270935960591,0.00011343896056289571,0.0006724830270794774,False,False,False,False,False
CTH,0.0012315270935960591,0.000107841255886428,0.0006696841747412435,False,False,False,False,False
NAB1,0.0009236453201970443,0.00041186135023939203,0.0006677533352182182,False,False,False,False,False
RASSF6,0.0009236453201970443,0.00040693529514575184,0.000665290307671398,False,False,False,False,False
OSBP,0.0009236453201970443,0.0004064098670117467,0.0006650275936043955,False,False,False,False,False
GNE,0.0009236453201970443,0.00040018116818797456,0.0006619132441925094,False,False,False,False,False
KCNH3,0.0009236453201970443,0.0003973785455820381,0.0006605119328895411,False,False,False,False,False
KCNK5,0.0006157635467980296,0.0007023482200113607,0.0006590558834046951,False,False,False,False,False
ALCAM,0.0012315270935960591,8.546171196252766e-05,0.0006584944027792933,False,False,False,False,False
DMGDH,0.0009236453201970443,0.0003931438747160482,0.0006583945974565462,False,False,False,False,False
PYGB,0.0012315270935960591,8.425684690162636e-05,0.0006578919702488427,False,False,False,False,False
PSAP,0.0009236453201970443,0.0003887179162248057,0.000656181618210925,False,False,False,False,False
KCNN3,0.0012315270935960591,8.049701154201997e-05,0.0006560120525690396,False,False,False,False,False
BTN3A1,0.0009236453201970443,0.0003865967661058215,0.0006551210431514329,False,False,False,False,False
PTGDS,0.0012315270935960591,7.835469366390433e-05,0.0006549408936299818,False,False,False,False,False
COPG1,0.0012315270935960591,7.632884571500625e-05,0.0006539279696555327,False,False,False,False,False
CGNL1,0.0012315270935960591,7.546384654343167e-05,0.0006534954700697454,False,False,False,False,False
AVPR1B,0.0012315270935960591,7.50284434432762e-05,0.0006532777685196677,False,False,False,False,False
MYO9B,0.0006157635467980296,0.0006906202710351729,0.0006531919089166013,False,False,False,False,False
SYAP1,0.0009236453201970443,0.00038245646712775335,0.0006530508936623988,False,False,False,False,False
PTPN14,0.0012315270935960591,7.368276338832444e-05,0.0006526049284921918,False,False,False,False,False
SH2D3C,0.0009236453201970443,0.00038012751516585996,0.0006518864176814521,False,False,False,False,False
SLC22A18,0.0009236453201970443,0.00037951560824646803,0.0006515804642217562,False,False,False,False,False
ZNF598,0.0012315270935960591,6.888981332693782e-05,0.0006502084534614985,False,False,False,False,False
GIP,0.0009236453201970443,0.0003754731194180314,0.0006495592198075378,False,False,False,False,False
CHST8,0.0009236453201970443,0.00037466134501951636,0.0006491533326082803,False,False,False,False,False
NR2F6,0.0009236453201970443,0.0003744952299219303,0.0006490702750594873,False,False,False,False,False
DCAF11,0.0012315270935960591,6.659152891877621e-05,0.0006490593112574176,False,False,False,False,False
GULP1,0.0009236453201970443,0.00037440848963063986,0.000649026904913842,False,False,False,False,False
ARPC5,0.0009236453201970443,0.00037233806488279705,0.0006479916925399207,False,False,False,False,False
RHOBTB2,0.0012315270935960591,6.425516044065887e-05,0.000647891127018359,False,False,False,False,False
ABCA7,0.0012315270935960591,6.361337206870206e-05,0.0006475702328323806,False,False,False,False,False
MAFF,0.0009236453201970443,0.00036924653138068614,0.0006464459257888652,False,False,False,False,False
TRIM71,0.0009236453201970443,0.00036899625522934885,0.0006463207877131966,False,False,False,False,False
DTX1,0.0012315270935960591,6.10494023444455e-05,0.0006462882479702523,False,False,False,False,False
MLXIP,0.0009236453201970443,0.00036832404033489125,0.0006459846802659677,False,False,False,False,False
SPAG9,0.0009236453201970443,0.0003680396052945955,0.00064584246274582,False,False,False,False,False
PPFIBP1,0.0009236453201970443,0.0003678392350880934,0.0006457422776425688,False,False,False,False,False
SELENBP1,0.0009236453201970443,0.00036714451081028184,0.0006453949155036631,False,False,False,False,False
SLC26A3,0.0009236453201970443,0.00036714451081028184,0.0006453949155036631,False,False,False,False,False
CPE,0.0009236453201970443,0.00036714451081028184,0.0006453949155036631,False,False,False,False,False
GCNT2,0.0009236453201970443,0.00036714451081028184,0.0006453949155036631,False,False,False,False,False
MS4A6E,0.0009236453201970443,0.00036714451081028184,0.0006453949155036631,False,False,False,False,False
MGAT3,0.0009236453201970443,0.00036714451081028184,0.0006453949155036631,False,False,False,False,False
AMY1B,0.0009236453201970443,0.0003671445108102818,0.000645394915503663,False,False,False,False,False
FRMD4B,0.0009236453201970443,0.0003671445108102818,0.000645394915503663,False,False,False,False,False
DAPK2,0.0012315270935960591,5.883224598734497e-05,0.0006451796697917021,False,False,False,False,False
CNGB1,0.0009236453201970443,0.0003664647884938284,0.0006450550543454363,False,False,False,False,False
EIF4EBP2,0.0012315270935960591,5.766933590453053e-05,0.0006445982147502948,False,False,False,False,False
TRIM22,0.0012315270935960591,5.665867494581801e-05,0.0006440928842709386,False,False,False,False,False
UBE4B,0.0012315270935960591,5.652758202093153e-05,0.0006440273378084953,False,False,False,False,False
SYT5,0.0012315270935960591,5.6110560236552634e-05,0.0006438188269163059,False,False,False,False,False
SMG1,0.0012315270935960591,4.761195134624051e-05,0.0006395695224711498,False,False,False,False,False
POU2F2,0.0012315270935960591,4.2640160112629466e-05,0.0006370836268543444,False,False,False,False,False
POLG,0.0012315270935960591,4.198178246308537e-05,0.0006367544380295723,False,False,False,False,False
CFB,0.0012315270935960591,3.86114466913505e-05,0.0006350692701437049,False,False,False,False,False
SPTB,0.0012315270935960591,3.803406537779386e-05,0.0006347805794869265,False,False,False,False,False
ST6GALNAC1,0.0012315270935960591,3.766250458715491e-05,0.0006345947990916071,False,False,False,False,False
KCNK9,0.0009236453201970443,0.0003430474357545815,0.0006333463779758129,False,False,False,False,False
SENP1,0.0012315270935960591,3.3783829613421626e-05,0.0006326554616047404,False,False,False,False,False
GRM3,0.0009236453201970443,0.00033951896476286505,0.0006315821424799547,False,False,False,False,False
RECK,0.0012315270935960591,3.161899241429841e-05,0.0006315730430051788,False,False,False,False,False
BBS9,0.0009236453201970443,0.0003373052751737242,0.0006304752976853843,False,False,False,False,False
TLE4,0.0012315270935960591,2.835687584385601e-05,0.0006299419847199576,False,False,False,False,False
TFPI,0.0012315270935960591,2.5027665465179817e-05,0.0006282773795306195,False,False,False,False,False
RASA2,0.0012315270935960591,2.327759699291127e-05,0.0006274023452944852,False,False,False,False,False
LDLRAP1,0.0012315270935960591,2.1030572362785907e-05,0.0006262788329794225,False,False,False,False,False
CLSPN,0.0012315270935960591,1.8841314104619008e-05,0.000625184203850339,False,False,False,False,False
DPP6,0.0009236453201970443,0.00032669481754100336,0.0006251700688690239,False,False,False,False,False
SIGIRR,0.0012315270935960591,1.626375462580688e-05,0.000623895424110933,False,False,False,False,False
UGDH,0.0012315270935960591,1.4669491644816668e-05,0.0006230982926204379,False,False,False,False,False
TNFSF9,0.0012315270935960591,1.1639478507686147e-05,0.0006215832860518726,False,False,False,False,False
CDH3,0.0012315270935960591,1.0519235412598571e-05,0.0006210231645043288,False,False,False,False,False
C1S,0.0012315270935960591,9.381827798863931e-06,0.0006204544606974615,False,False,False,False,False
ATP6AP1L,0.0012315270935960591,8.770176468416532e-06,0.0006201486350322378,False,False,False,False,False
MYCL,0.0012315270935960591,8.20897296962313e-06,0.0006198680332828411,False,False,False,False,False
ACKR3,0.0012315270935960591,6.64971798237493e-06,0.0006190884057892171,False,False,False,False,False
ASXL2,0.0012315270935960591,6.549114031664618e-06,0.0006190381038138618,False,False,False,False,False
RBCK1,0.0012315270935960591,5.339888757551531e-06,0.0006184334911768053,False,False,False,False,False
CFI,0.0012315270935960591,5.0590651269581775e-06,0.0006182930793615087,False,False,False,False,False
EIF5,0.0012315270935960591,2.568445239054431e-06,0.0006170477694175568,False,False,False,False,False
JARID2,0.0012315270935960591,2.429100338037663e-06,0.0006169780969670484,False,False,False,False,False
DUSP3,0.0012315270935960591,1.8715809074506271e-06,0.0006166993372517549,False,False,False,False,False
ITPK1,0.0012315270935960591,1.8081583663958253e-06,0.0006166676259812275,False,False,False,False,False
NNT,0.0012315270935960591,1.5868235021673245e-06,0.0006165569585491132,False,False,False,False,False
CCL26,0.0012315270935960591,1.3254140066478979e-06,0.0006164262538013535,False,False,False,False,False
SDR16C5,0.0012315270935960591,1.1602626137569878e-06,0.000616343678104908,False,False,False,False,False
DHRS3,0.0012315270935960591,1.1602626137569878e-06,0.000616343678104908,False,False,False,False,False
HSD17B3,0.0012315270935960591,3.5318233862423104e-07,0.0006159401379673417,False,False,False,False,False
IL22,0.0012315270935960591,2.3476527164421769e-07,0.0006158809294338517,False,False,False,False,False
TSLP,0.0012315270935960591,1.8400599835197902e-07,0.0006158555497972056,False,False,False,False,False
SCN9A,0.0012315270935960591,1.2642717314403643e-07,0.0006158267603846016,False,False,False,False,False
LIM2,0.0012315270935960591,6.321358657201822e-08,0.0006157951535913156,False,False,False,False,False
INSIG2,0.0012315270935960591,6.202447764080438e-08,0.0006157945590368499,False,False,False,False,False
PLXNC1,0.0012315270935960591,4.897316322337676e-08,0.0006157880333796412,False,False,False,False,False
CYP39A1,0.0012315270935960591,3.814612982794203e-08,0.0006157826198629436,False,False,False,False,False
VPS8,0.0012315270935960591,0.0,0.0006157635467980296,False,False,False,False,False
DEFB123,0.0012315270935960591,0.0,0.0006157635467980296,False,False,False,False,False
MFNG,0.0012315270935960591,0.0,0.0006157635467980296,False,False,False,False,False
SHANK1,0.0012315270935960591,0.0,0.0006157635467980296,False,False,False,False,False
DEFB118,0.0012315270935960591,0.0,0.0006157635467980296,False,False,False,False,False
LFNG,0.0012315270935960591,0.0,0.0006157635467980296,False,False,False,False,False
SDF2L1,0.0012315270935960591,0.0,0.0006157635467980296,False,False,False,False,False
DEFB132,0.0012315270935960591,0.0,0.0006157635467980296,False,False,False,False,False
PNLIPRP3,0.0012315270935960591,0.0,0.0006157635467980296,False,False,False,False,False
SFTPB,0.0009236453201970443,0.00030234736319267977,0.0006129963416948621,False,False,False,False,False
ACOT9,0.0009236453201970443,0.00027224072536762456,0.0005979430227823345,False,False,False,False,False
PNPLA6,0.0009236453201970443,0.00027096398171890256,0.0005973046509579734,False,False,False,False,False
PIGS,0.0009236453201970443,0.0002635075105347707,0.0005935764153659075,False,False,False,False,False
FOXRED2,0.0009236453201970443,0.0002413958783323863,0.0005825205992647153,False,False,False,False,False
TREH,0.0009236453201970443,0.000225298749391567,0.0005744720347943056,False,False,False,False,False
MACF1,0.0009236453201970443,0.00022095067078246248,0.0005722979954897534,False,False,False,False,False
CELSR3,0.0009236453201970443,0.00020940101514215067,0.0005665231676695975,False,False,False,False,False
SSPN,0.0009236453201970443,0.0001834774350252829,0.0005535613776111636,False,False,False,False,False
PIWIL4,0.0009236453201970443,0.00018347743502528292,0.0005535613776111636,False,False,False,False,False
MOV10L1,0.0009236453201970443,0.00018347743502528292,0.0005535613776111636,False,False,False,False,False
SGCD,0.0009236453201970443,0.0001834774350252829,0.0005535613776111636,False,False,False,False,False
REPS2,0.0006157635467980296,0.0004854285057502789,0.0005505960262741543,False,False,False,False,False
FFAR1,0.0006157635467980296,0.0004654232128641661,0.0005405933798310978,False,False,False,False,False
HTR1A,0.0009236453201970443,0.00015568806036112494,0.0005396666902790846,False,False,False,False,False
AFTPH,0.0009236453201970443,0.00013659338013344814,0.0005301193501652462,False,False,False,False,False
PPP1R3D,0.0009236453201970443,0.00013438772054590625,0.0005290165203714753,False,False,False,False,False
MCFD2,0.0009236453201970443,0.00013219306320766673,0.0005279191917023556,False,False,False,False,False
TSHR,0.0009236453201970443,0.00011396578687191045,0.0005188055535344774,False,False,False,False,False
TRIM27,0.0009236453201970443,0.00011341984982581579,0.0005185325850114301,False,False,False,False,False
ELAVL3,0.0006157635467980296,0.0004099011053079811,0.0005128323260530053,False,False,False,False,False
PGAP1,0.0009236453201970443,9.375351465208001e-05,0.0005086994174245622,False,False,False,False,False
FIG4,0.0009236453201970443,9.300437413875988e-05,0.0005083248471679021,False,False,False,False,False
NPR3,0.0006157635467980296,0.00039240144290484156,0.0005040824948514355,False,False,False,False,False
KCNK4,0.0009236453201970443,8.183349533739503e-05,0.0005027394077672196,False,False,False,False,False
PROS1,0.0009236453201970443,7.81143713984302e-05,0.0005008798457977373,False,False,False,False,False
PLIN3,0.0009236453201970443,7.507891534967793e-05,0.0004993621177733611,False,False,False,False,False
ALG10B,0.0009236453201970443,7.15856337387525e-05,0.0004976154769678984,False,False,False,False,False
RASD1,0.0009236453201970443,6.998882091399586e-05,0.0004968170705555201,False,False,False,False,False
SERPINB5,0.0009236453201970443,6.779896995698844e-05,0.0004957221450770164,False,False,False,False,False
SLCO1B1,0.0009236453201970443,6.770384545388587e-05,0.0004956745828254651,False,False,False,False,False
SCG3,0.0009236453201970443,6.609113041371524e-05,0.0004948682253053798,False,False,False,False,False
MERTK,0.0009236453201970443,6.405185108535806e-05,0.0004938485856412012,False,False,False,False,False
POLM,0.0006157635467980296,0.0003671445108102819,0.0004914540288041558,False,False,False,False,False
LHX6,0.0006157635467980296,0.0003671445108102819,0.0004914540288041558,False,False,False,False,False
PDLIM5,0.0006157635467980296,0.00036714451081028184,0.0004914540288041557,False,False,False,False,False
TTLL5,0.0006157635467980296,0.00036714451081028184,0.0004914540288041557,False,False,False,False,False
GSE1,0.0006157635467980296,0.00036714451081028184,0.0004914540288041557,False,False,False,False,False
CDCP1,0.0006157635467980296,0.00036714451081028184,0.0004914540288041557,False,False,False,False,False
MAGED4B,0.0006157635467980296,0.00036714451081028184,0.0004914540288041557,False,False,False,False,False
TTYH1,0.0006157635467980296,0.00036714451081028184,0.0004914540288041557,False,False,False,False,False
LHPP,0.0006157635467980296,0.00036714451081028184,0.0004914540288041557,False,False,False,False,False
LRRC2,0.0006157635467980296,0.00036714451081028184,0.0004914540288041557,False,False,False,False,False
WDFY4,0.0006157635467980296,0.00036714451081028184,0.0004914540288041557,False,False,False,False,False
DOCK6,0.0006157635467980296,0.0003671445108102818,0.0004914540288041557,False,False,False,False,False
PCBD2,0.0006157635467980296,0.00036714451081028184,0.0004914540288041557,False,False,False,False,False
CYGB,0.0006157635467980296,0.00036714451081028184,0.0004914540288041557,False,False,False,False,False
PIGR,0.0006157635467980296,0.00036714451081028184,0.0004914540288041557,False,False,False,False,False
GATS,0.0006157635467980296,0.00036714451081028184,0.0004914540288041557,False,False,False,False,False
CRNN,0.0006157635467980296,0.00036714451081028184,0.0004914540288041557,False,False,False,False,False
RAD9B,0.0006157635467980296,0.0003671445108102818,0.0004914540288041557,False,False,False,False,False
MMAB,0.0006157635467980296,0.00036714451081028184,0.0004914540288041557,False,False,False,False,False
KHDC3L,0.0006157635467980296,0.00036714451081028184,0.0004914540288041557,False,False,False,False,False
PDP2,0.0006157635467980296,0.00036714451081028184,0.0004914540288041557,False,False,False,False,False
NUPR1,0.0006157635467980296,0.00036714451081028184,0.0004914540288041557,False,False,False,False,False
GXYLT1,0.0006157635467980296,0.00036714451081028184,0.0004914540288041557,False,False,False,False,False
WBP1,0.0006157635467980296,0.00036714451081028184,0.0004914540288041557,False,False,False,False,False
INSC,0.0006157635467980296,0.00036714451081028184,0.0004914540288041557,False,False,False,False,False
AQP5,0.0006157635467980296,0.00036714451081028184,0.0004914540288041557,False,False,False,False,False
NTSR1,0.0006157635467980296,0.00036714451081028184,0.0004914540288041557,False,False,False,False,False
ADAM2,0.0006157635467980296,0.00036714451081028184,0.0004914540288041557,False,False,False,False,False
SLC34A2,0.0006157635467980296,0.00036714451081028184,0.0004914540288041557,False,False,False,False,False
PCYT2,0.0006157635467980296,0.0003671445108102818,0.0004914540288041557,False,False,False,False,False
LTC4S,0.0006157635467980296,0.0003671445108102818,0.0004914540288041557,False,False,False,False,False
ST8SIA5,0.0006157635467980296,0.00036714451081028184,0.0004914540288041557,False,False,False,False,False
NPY4R,0.0006157635467980296,0.00036714451081028184,0.0004914540288041557,False,False,False,False,False
PPP3R2,0.0006157635467980296,0.00036714451081028184,0.0004914540288041557,False,False,False,False,False
RCAN1,0.0006157635467980296,0.00036714451081028184,0.0004914540288041557,False,False,False,False,False
DMPK,0.0006157635467980296,0.00036714451081028184,0.0004914540288041557,False,False,False,False,False
INSL5,0.0006157635467980296,0.00036714451081028184,0.0004914540288041557,False,False,False,False,False
THAP1,0.0006157635467980296,0.00036714451081028184,0.0004914540288041557,False,False,False,False,False
LYST,0.0006157635467980296,0.0003671445108102818,0.0004914540288041557,False,False,False,False,False
NOVA1,0.0006157635467980296,0.00036714451081028184,0.0004914540288041557,False,False,False,False,False
CST4,0.0006157635467980296,0.00036714451081028184,0.0004914540288041557,False,False,False,False,False
GABRA1,0.0006157635467980296,0.0003671445108102818,0.0004914540288041557,False,False,False,False,False
AKAP12,0.0009236453201970443,5.8736964025768956e-05,0.0004911911421114066,False,False,False,False,False
SBF2,0.0009236453201970443,5.777276928257303e-05,0.0004907090447398086,False,False,False,False,False
AK7,0.0009236453201970443,5.731282132534688e-05,0.0004904790707611956,False,False,False,False,False
SLC25A18,0.0009236453201970443,5.3455619382770485e-05,0.0004885504697899074,False,False,False,False,False
GIGYF1,0.0009236453201970443,4.781752921653362e-05,0.00048573142470678893,False,False,False,False,False
RNF20,0.0009236453201970443,4.6512752820948434e-05,0.00048507903650899637,False,False,False,False,False
BCHE,0.0009236453201970443,4.4750168446164694e-05,0.00048419774432160447,False,False,False,False,False
FAAH2,0.0009236453201970443,4.193100187515851e-05,0.0004827881610361014,False,False,False,False,False
IGFBP4,0.0009236453201970443,4.093444754753613e-05,0.0004822898838722902,False,False,False,False,False
MAP3K2,0.0009236453201970443,3.877078518757909e-05,0.0004812080526923117,False,False,False,False,False
LLGL2,0.0009236453201970443,3.850683618912987e-05,0.0004810760781930871,False,False,False,False,False
SH3TC2,0.0009236453201970443,3.8042609705191804e-05,0.00048084396495111804,False,False,False,False,False
NR4A2,0.0009236453201970443,3.5682784376231055e-05,0.0004796640522866377,False,False,False,False,False
PTPRA,0.0009236453201970443,3.528705125972439e-05,0.00047946618572838434,False,False,False,False,False
ZFX,0.0009236453201970443,3.443130982399554e-05,0.00047903831501051994,False,False,False,False,False
GPER1,0.0009236453201970443,3.433743321361599e-05,0.00047899137670533013,False,False,False,False,False
HAND2,0.0009236453201970443,3.357856565165121e-05,0.00047861194292434775,False,False,False,False,False
SPDEF,0.0009236453201970443,3.117782728030802e-05,0.00047741157373867616,False,False,False,False,False
GRM4,0.0009236453201970443,3.0084745106151643e-05,0.000476865032651598,False,False,False,False,False
KLC4,0.0009236453201970443,2.96880497907135e-05,0.0004766666849938789,False,False,False,False,False
SRGAP1,0.0009236453201970443,2.958274591988146e-05,0.00047661403305846286,False,False,False,False,False
NEFH,0.0009236453201970443,2.9304447590455807e-05,0.00047647488389375003,False,False,False,False,False
ROBO4,0.0009236453201970443,2.6911279821770044e-05,0.00047527830000940717,False,False,False,False,False
TAF8,0.0009236453201970443,2.577250388162738e-05,0.00047470891203933583,False,False,False,False,False
INHBE,0.0009236453201970443,2.5493102330859492e-05,0.0004745692112639519,False,False,False,False,False
RNASE2,0.0009236453201970443,2.5315412559465612e-05,0.00047448036637825493,False,False,False,False,False
TFAP4,0.0009236453201970443,2.473716376486978e-05,0.00047419124198095703,False,False,False,False,False
FCRLA,0.0009236453201970443,2.4238237865701498e-05,0.0004739417790313729,False,False,False,False,False
THBS3,0.0009236453201970443,2.417796064731822e-05,0.00047391164042218125,False,False,False,False,False
CSNK1G1,0.0009236453201970443,2.3143751254723718e-05,0.000473394535725884,False,False,False,False,False
DDR1,0.0009236453201970443,2.103537334756031e-05,0.0004723403467723023,False,False,False,False,False
SERPINF1,0.0009236453201970443,1.959817766738994e-05,0.0004716217489322171,False,False,False,False,False
MMP20,0.0009236453201970443,1.85215714605369e-05,0.0004710834458287906,False,False,False,False,False
SLA2,0.0009236453201970443,1.7375003129227023e-05,0.00047051016166313567,False,False,False,False,False
RDH5,0.0009236453201970443,1.672807137895437e-05,0.0004701866957879993,False,False,False,False,False
SYNE3,0.0009236453201970443,1.5172166474123401e-05,0.00046940874333558383,False,False,False,False,False
P2RX1,0.0009236453201970443,1.4006644658616432e-05,0.00046882598242783036,False,False,False,False,False
ESRP1,0.0009236453201970443,1.1921026643195772e-05,0.00046778317342012005,False,False,False,False,False
DIO2,0.0009236453201970443,1.1162144916459576e-05,0.00046740373255675194,False,False,False,False,False
NAV1,0.0009236453201970443,1.0235379552072798e-05,0.0004669403498745585,False,False,False,False,False
MYO18A,0.0009236453201970443,9.556530102295921e-06,0.0004666009251496701,False,False,False,False,False
LYPD3,0.0009236453201970443,9.542941919145199e-06,0.00046659413105809474,False,False,False,False,False
SLIT1,0.0009236453201970443,8.469531465881938e-06,0.0004660574258314631,False,False,False,False,False
NCF4,0.0009236453201970443,6.832175312493325e-06,0.0004652387477547688,False,False,False,False,False
TNKS2,0.0009236453201970443,6.70730390848602e-06,0.00046517631205276517,False,False,False,False,False
CTRB1,0.0009236453201970443,6.6917959560815e-06,0.0004651685580765629,False,False,False,False,False
IL36RN,0.0009236453201970443,5.508973707254456e-06,0.0004645771469521494,False,False,False,False,False
PDE8B,0.0009236453201970443,4.808562280579442e-06,0.00046422694123881186,False,False,False,False,False
PDE4C,0.0009236453201970443,4.7719088047676e-06,0.00046420861450090597,False,False,False,False,False
SERPING1,0.0009236453201970443,4.575888610264754e-06,0.0004641106044036545,False,False,False,False,False
MEPE,0.0009236453201970443,4.144782882108663e-06,0.00046389505153957646,False,False,False,False,False
EBF1,0.0009236453201970443,3.7648587807206625e-06,0.00046370508948888247,False,False,False,False,False
MAPK4,0.0009236453201970443,3.7620007509579537e-06,0.0004637036604740011,False,False,False,False,False
MTHFD2,0.0009236453201970443,3.4201363794219927e-06,0.00046353272828823317,False,False,False,False,False
UBD,0.0009236453201970443,3.383395307455993e-06,0.00046351435775225013,False,False,False,False,False
TUBA8,0.0009236453201970443,2.8462422709599223e-06,0.0004632457812340021,False,False,False,False,False
DEFB4A,0.0009236453201970443,2.2966557189574747e-06,0.0004629709879580009,False,False,False,False,False
KIAA1549,0.0009236453201970443,2.199788164133084e-06,0.0004629225541805887,False,False,False,False,False
SLC5A1,0.0006157635467980296,0.00030942311814166867,0.00046259333246984914,False,False,False,False,False
PTGES,0.0009236453201970443,1.5164014257354937e-06,0.00046258086081138987,False,False,False,False,False
CDK19,0.0009236453201970443,1.2309845275453143e-06,0.0004624381523622948,False,False,False,False,False
MED24,0.0009236453201970443,1.2309845275453143e-06,0.0004624381523622948,False,False,False,False,False
COL21A1,0.0009236453201970443,1.2202358114671547e-06,0.0004624327780042557,False,False,False,False,False
IER3,0.0009236453201970443,9.346365358312854e-07,0.0004622899783664378,False,False,False,False,False
NKX3-2,0.0009236453201970443,9.289695409045707e-07,0.00046228714486897443,False,False,False,False,False
EHBP1L1,0.0009236453201970443,5.689222791481641e-07,0.00046210712123809624,False,False,False,False,False
DISP1,0.0009236453201970443,5.402382085676935e-07,0.000462092779202806,False,False,False,False,False
PTAFR,0.0009236453201970443,4.817866882459506e-07,0.00046206355344264514,False,False,False,False,False
IFNA21,0.0009236453201970443,3.057121255760876e-07,0.0004619755161613102,False,False,False,False,False
FUT9,0.0009236453201970443,1.8964075971605468e-07,0.0004619174804783802,False,False,False,False,False
KLRC4,0.0009236453201970443,1.1242987897451813e-07,0.00046187887503800943,False,False,False,False,False
GZMK,0.0009236453201970443,9.482037985802734e-08,0.00046187007028845113,False,False,False,False,False
ZEB2,0.0009236453201970443,0.0,0.00046182266009852215,False,False,False,False,False
DAAM2,0.0009236453201970443,0.0,0.00046182266009852215,False,False,False,False,False
PDK4,0.0009236453201970443,0.0,0.00046182266009852215,False,False,False,False,False
SEPT1,0.0009236453201970443,0.0,0.00046182266009852215,False,False,False,False,False
STX3,0.0009236453201970443,0.0,0.00046182266009852215,False,False,False,False,False
NDST3,0.0009236453201970443,0.0,0.00046182266009852215,False,False,False,False,False
MIB2,0.0009236453201970443,0.0,0.00046182266009852215,False,False,False,False,False
IL27,0.0009236453201970443,0.0,0.00046182266009852215,False,False,False,False,False
MBD5,0.0009236453201970443,0.0,0.00046182266009852215,False,False,False,False,False
LSM4,0.0009236453201970443,0.0,0.00046182266009852215,False,False,False,False,False
LRP10,0.0009236453201970443,0.0,0.00046182266009852215,False,False,False,False,False
DUSP5,0.0009236453201970443,0.0,0.00046182266009852215,False,False,False,False,False
GREB1,0.0009236453201970443,0.0,0.00046182266009852215,False,False,False,False,False
SGMS2,0.0009236453201970443,0.0,0.00046182266009852215,False,False,False,False,False
GAS1,0.0009236453201970443,0.0,0.00046182266009852215,False,False,False,False,False
DYNLRB2,0.0009236453201970443,0.0,0.00046182266009852215,False,False,False,False,False
CDHR2,0.0009236453201970443,0.0,0.00046182266009852215,False,False,False,False,False
FAM214B,0.0009236453201970443,0.0,0.00046182266009852215,False,False,False,False,False
STX19,0.0009236453201970443,0.0,0.00046182266009852215,False,False,False,False,False
CDHR5,0.0009236453201970443,0.0,0.00046182266009852215,False,False,False,False,False
TEAD2,0.0009236453201970443,0.0,0.00046182266009852215,False,False,False,False,False
SOAT2,0.0009236453201970443,0.0,0.00046182266009852215,False,False,False,False,False
TMEM189,0.0009236453201970443,0.0,0.00046182266009852215,False,False,False,False,False
TMEM189-UBE2V1,0.0009236453201970443,0.0,0.00046182266009852215,False,False,False,False,False
CDON,0.0009236453201970443,0.0,0.00046182266009852215,False,False,False,False,False
GJD3,0.0009236453201970443,0.0,0.00046182266009852215,False,False,False,False,False
CRYGS,0.0009236453201970443,0.0,0.00046182266009852215,False,False,False,False,False
HS6ST3,0.0009236453201970443,0.0,0.00046182266009852215,False,False,False,False,False
SOX1,0.0009236453201970443,0.0,0.00046182266009852215,False,False,False,False,False
RAB4B,0.0009236453201970443,0.0,0.00046182266009852215,False,False,False,False,False
TTC37,0.0009236453201970443,0.0,0.00046182266009852215,False,False,False,False,False
CRYBA1,0.0009236453201970443,0.0,0.00046182266009852215,False,False,False,False,False
ANKS4B,0.0009236453201970443,0.0,0.00046182266009852215,False,False,False,False,False
SPTBN5,0.0009236453201970443,0.0,0.00046182266009852215,False,False,False,False,False
POLD4,0.0009236453201970443,0.0,0.00046182266009852215,False,False,False,False,False
MFGE8,0.0006157635467980296,0.00030441589167868563,0.00046008971923835757,False,False,False,False,False
GDPD1,0.0006157635467980296,0.0002873928933581431,0.0004515782200780863,False,False,False,False,False
TPD52L1,0.0006157635467980296,0.00028307609132175593,0.0004494198190598928,False,False,False,False,False
MLN,0.0006157635467980296,0.000276329093601293,0.0004460463201996613,False,False,False,False,False
FICD,0.0006157635467980296,0.00026511663234358914,0.0004404400895708094,False,False,False,False,False
PRSS8,0.0006157635467980296,0.00023490133296022163,0.0004253324398791256,False,False,False,False,False
DAGLA,0.0006157635467980296,0.0002279708043238211,0.0004218671755609253,False,False,False,False,False
YBX2,0.0006157635467980296,0.00022244168169736973,0.00041910261424769966,False,False,False,False,False
ZFYVE28,0.0006157635467980296,0.00022152467230160657,0.0004186441095498181,False,False,False,False,False
APOBEC4,0.0006157635467980296,0.00016909521024189894,0.00039242937851996425,False,False,False,False,False
GDF9,0.0006157635467980296,0.0001499956290594391,0.0003828795879287343,False,False,False,False,False
COLQ,0.0006157635467980296,0.0001466484383112876,0.0003812059925546586,False,False,False,False,False
CDC42BPA,0.0006157635467980296,0.00013118158445082055,0.00037347256562442503,False,False,False,False,False
HRC,0.0006157635467980296,0.0001228679341470646,0.0003693157404725471,False,False,False,False,False
HBE1,0.0006157635467980296,0.00012166306742530127,0.0003687133071116654,False,False,False,False,False
SDCCAG8,0.0006157635467980296,0.00011754479695717966,0.0003666541718776046,False,False,False,False,False
PPP1R17,0.0006157635467980296,0.00010991145783994103,0.0003628375023189853,False,False,False,False,False
MIOX,0.0006157635467980296,0.00010511331913512177,0.00036043843296657566,False,False,False,False,False
TIAF1,0.0006157635467980296,9.93056891923627e-05,0.00035753461799519615,False,False,False,False,False
CNTD2,0.0006157635467980296,9.54523895685319e-05,0.00035560796818328075,False,False,False,False,False
TEX101,0.0006157635467980296,9.249062962560932e-05,0.00035412708821181945,False,False,False,False,False
HADHA,0.0006157635467980296,8.140070331989874e-05,0.00034858212505896417,False,False,False,False,False
EVC,0.0006157635467980296,7.390048935446797e-05,0.00034483201807624877,False,False,False,False,False
NPEPL1,0.0006157635467980296,7.088528273680335e-05,0.0003433244147674165,False,False,False,False,False
MFSD6,0.0006157635467980296,7.012675773497795e-05,0.00034294515226650376,False,False,False,False,False
ATE1,0.0006157635467980296,6.962475013572172e-05,0.00034269414846687567,False,False,False,False,False
NEUROG1,0.0006157635467980296,6.749782909111641e-05,0.000341630687944573,False,False,False,False,False
INTU,0.0006157635467980296,6.586302609538142e-05,0.00034081328644670547,False,False,False,False,False
PLK3,0.0006157635467980296,6.32662108296892e-05,0.0003395148788138594,False,False,False,False,False
MCMBP,0.0006157635467980296,6.162635166375695e-05,0.0003386949492308933,False,False,False,False,False
CHRM3,0.0006157635467980296,6.085999563642912e-05,0.00033831177121722934,False,False,False,False,False
CRB2,0.0006157635467980296,6.0534838312301426e-05,0.0003381491925551655,False,False,False,False,False
KPNA6,0.0006157635467980296,5.729650686515825e-05,0.0003365300268315939,False,False,False,False,False
LCOR,0.0006157635467980296,5.500079026595982e-05,0.0003353821685319947,False,False,False,False,False
DST,0.0006157635467980296,5.2560956441928015e-05,0.0003341622516199788,False,False,False,False,False
GPR37,0.0006157635467980296,5.235917669689146e-05,0.0003340613617474605,False,False,False,False,False
NEGR1,0.0006157635467980296,5.195372713634075e-05,0.00033385863696718513,False,False,False,False,False
CHST9,0.0006157635467980296,5.097703121980837e-05,0.00033337028900891894,False,False,False,False,False
FAM83H,0.0006157635467980296,4.941595729688499e-05,0.0003325897520474573,False,False,False,False,False
KCNJ9,0.0006157635467980296,4.546526385965543e-05,0.0003306144053288425,False,False,False,False,False
ZMYND8,0.0006157635467980296,4.331269798782842e-05,0.000329538122392929,False,False,False,False,False
ARHGEF4,0.0006157635467980296,4.1079862000629544e-05,0.0003284217043993296,False,False,False,False,False
GUCA2B,0.0006157635467980296,4.055043477790739e-05,0.00032815699078796845,False,False,False,False,False
RAPGEF2,0.0006157635467980296,4.042002117961815e-05,0.00032809178398882387,False,False,False,False,False
ASGR1,0.0006157635467980296,3.573254644570728e-05,0.0003257480466218684,False,False,False,False,False
PITPNM2,0.0006157635467980296,3.5418750459681606e-05,0.0003255911486288556,False,False,False,False,False
RASSF8,0.0006157635467980296,3.496325909298974e-05,0.00032536340294550965,False,False,False,False,False
HTR7,0.0006157635467980296,3.453437548863817e-05,0.00032514896114333385,False,False,False,False,False
CAP1,0.0006157635467980296,3.050348573573288e-05,0.0003231335162668812,False,False,False,False,False
AP5Z1,0.0006157635467980296,2.9370784394909623e-05,0.0003225671655964696,False,False,False,False,False
MAFB,0.0006157635467980296,2.7443870560387397e-05,0.0003216037086792085,False,False,False,False,False
HMGCLL1,0.0006157635467980296,2.661847093722518e-05,0.00032119100886762736,False,False,False,False,False
TCEA3,0.0006157635467980296,2.659081002134911e-05,0.00032117717840968933,False,False,False,False,False
HTR1D,0.0006157635467980296,2.6138777334960875e-05,0.00032095116206649524,False,False,False,False,False
APOBEC3F,0.0006157635467980296,2.6071752442513355e-05,0.00032091764962027147,False,False,False,False,False
CRABP1,0.0006157635467980296,2.590206993285156e-05,0.00032083280836544057,False,False,False,False,False
TMEM86B,0.0006157635467980296,2.5108555929038228e-05,0.0003204360513635339,False,False,False,False,False
LILRA1,0.0006157635467980296,2.2938053353033783e-05,0.0003193508000755317,False,False,False,False,False
LILRB4,0.0006157635467980296,2.2938053353033783e-05,0.0003193508000755317,False,False,False,False,False
KCNMB4,0.0006157635467980296,2.246739171177003e-05,0.00031911546925489977,False,False,False,False,False
LZTFL1,0.0006157635467980296,2.1284256616560217e-05,0.0003185239017072949,False,False,False,False,False
ATXN1,0.0006157635467980296,2.038149961098854e-05,0.00031807252320450904,False,False,False,False,False
MLLT6,0.0006157635467980296,2.010592894986518e-05,0.00031793473787394735,False,False,False,False,False
ZNF148,0.0006157635467980296,1.7803159167789164e-05,0.00031678335298290935,False,False,False,False,False
ART3,0.0006157635467980296,1.6439065188879397e-05,0.0003161013059934545,False,False,False,False,False
ABCC3,0.0006157635467980296,1.6351885255975577e-05,0.00031605771602700257,False,False,False,False,False
HOXA11,0.0006157635467980296,1.633179089423757e-05,0.00031604766884613355,False,False,False,False,False
PARP10,0.0006157635467980296,1.6108895483619276e-05,0.0003159362211408244,False,False,False,False,False
SYNGR3,0.0006157635467980296,1.592938781839741e-05,0.0003158464673082135,False,False,False,False,False
PITX1,0.0006157635467980296,1.5374756322803328e-05,0.0003155691515604164,False,False,False,False,False
PRPF40B,0.0006157635467980296,1.5056171332703246e-05,0.0003154098590653664,False,False,False,False,False
GUCA1B,0.0006157635467980296,1.4914221163915062e-05,0.0003153388839809723,False,False,False,False,False
PPP1R13B,0.0006157635467980296,1.437986603288734e-05,0.00031507170641545846,False,False,False,False,False
PIGN,0.0006157635467980296,1.4373309937529136e-05,0.00031506842836777934,False,False,False,False,False
TNIK,0.0006157635467980296,1.428182053824555e-05,0.00031502268366813754,False,False,False,False,False
ALG12,0.0006157635467980296,1.3858822869574414e-05,0.000314811184833802,False,False,False,False,False
WDPCP,0.0006157635467980296,1.3580611283166304e-05,0.00031467207904059796,False,False,False,False,False
CHST6,0.0006157635467980296,1.3415050682901292e-05,0.0003145892987404654,False,False,False,False,False
CA8,0.0006157635467980296,1.3380100054740093e-05,0.00031457182342638484,False,False,False,False,False
SLC27A6,0.0006157635467980296,1.200857168339199e-05,0.0003138860592407108,False,False,False,False,False
TBC1D8B,0.0006157635467980296,1.114049743267725e-05,0.0003134520221153534,False,False,False,False,False
IGLON5,0.0006157635467980296,1.072334607289766e-05,0.0003132434464354636,False,False,False,False,False
CCS,0.0006157635467980296,9.382483585668252e-06,0.0003125730151918489,False,False,False,False,False
CRB3,0.0006157635467980296,9.299681633207935e-06,0.00031253161421561875,False,False,False,False,False
PHLPP2,0.0006157635467980296,9.047360418206229e-06,0.0003124054536081179,False,False,False,False,False
ZCCHC6,0.0006157635467980296,8.95961211499721e-06,0.0003123615794565134,False,False,False,False,False
IL17RD,0.0006157635467980296,8.68510639571512e-06,0.0003122243265968723,False,False,False,False,False
MPND,0.0006157635467980296,8.444463867288413e-06,0.00031210400533265896,False,False,False,False,False
ERCC6L2,0.0006157635467980296,7.845687000122987e-06,0.00031180461689907625,False,False,False,False,False
KIF27,0.0006157635467980296,7.79271865402493e-06,0.00031177813272602724,False,False,False,False,False
CABP1,0.0006157635467980296,7.4286248039610866e-06,0.0003115960858009953,False,False,False,False,False
ASIP,0.0006157635467980296,7.1495305593907595e-06,0.00031145653867871014,False,False,False,False,False
TSPYL2,0.0006157635467980296,6.880322028681012e-06,0.00031132193441335527,False,False,False,False,False
EXD2,0.0006157635467980296,6.20259955692988e-06,0.00031098307317747973,False,False,False,False,False
RGPD2,0.0006157635467980296,6.122476226595603e-06,0.0003109430115123126,False,False,False,False,False
NOBOX,0.0006157635467980296,5.672081465959607e-06,0.0003107178141319946,False,False,False,False,False
DOK6,0.0006157635467980296,5.260006790330142e-06,0.00031051177679417984,False,False,False,False,False
MAP4K2,0.0006157635467980296,5.051630687193033e-06,0.0003104075887426113,False,False,False,False,False
RASGRP1,0.0006157635467980296,4.841645366582559e-06,0.00031030259608230606,False,False,False,False,False
SESN3,0.0006157635467980296,4.781180563420196e-06,0.00031027236368072486,False,False,False,False,False
SIX6,0.0006157635467980296,4.4603354976497605e-06,0.0003101119411478397,False,False,False,False,False
ETV5,0.0006157635467980296,4.275641748533002e-06,0.0003100195942732813,False,False,False,False,False
TNR,0.0006157635467980296,4.174409605485477e-06,0.00030996897820175754,False,False,False,False,False
CTDSP2,0.0006157635467980296,3.503056076564076e-06,0.0003096333014372968,False,False,False,False,False
LAPTM5,0.0006157635467980296,3.449780648781817e-06,0.0003096066637234057,False,False,False,False,False
LSP1,0.0006157635467980296,3.1791999298055174e-06,0.00030947137336391755,False,False,False,False,False
FBXO11,0.0006157635467980296,3.008709087383773e-06,0.00030938612794270665,False,False,False,False,False
ASPN,0.0006157635467980296,2.8690614851226946e-06,0.00030931630414157615,False,False,False,False,False
SYNPR,0.0006157635467980296,2.8506989541119933e-06,0.0003093071228760708,False,False,False,False,False
CNN2,0.0006157635467980296,2.7854571208161062e-06,0.0003092745019594228,False,False,False,False,False
MXI1,0.0006157635467980296,2.677570042394882e-06,0.0003092205584202122,False,False,False,False,False
RHOT1,0.0006157635467980296,2.6142374193962897e-06,0.0003091888921087129,False,False,False,False,False
C17orf64,0.0006157635467980296,2.5967548407106644e-06,0.0003091801508193701,False,False,False,False,False
CHD6,0.0006157635467980296,2.5967548407106644e-06,0.0003091801508193701,False,False,False,False,False
MCMDC2,0.0006157635467980296,2.501512570366437e-06,0.000309132529684198,False,False,False,False,False
LTBP1,0.0006157635467980296,1.8298774551402882e-06,0.00030879671212658493,False,False,False,False,False
ASAP3,0.0006157635467980296,1.6941049253518263e-06,0.0003087288258616907,False,False,False,False,False
ARRDC3,0.0006157635467980296,1.3124182005164505e-06,0.000308537982499273,False,False,False,False,False
TRIB1,0.0006157635467980296,1.2604389545666465e-06,0.0003085119928762981,False,False,False,False,False
ZC3H12A,0.0006157635467980296,1.0894664218935784e-06,0.00030842650660996155,False,False,False,False,False
RHOH,0.0006157635467980296,8.784023531085414e-07,0.00030832097457556907,False,False,False,False,False
RHOBTB1,0.0006157635467980296,8.555388509651197e-07,0.00030830954282449737,False,False,False,False,False
SIX1,0.0006157635467980296,7.763321206491916e-07,0.0003082699394593394,False,False,False,False,False
ST8SIA4,0.0006157635467980296,6.921266799164137e-07,0.000308227836738973,False,False,False,False,False
NUMA1,0.0006157635467980296,4.6810409451589097e-07,0.0003081158254462727,False,False,False,False,False
SLC38A2,0.0006157635467980296,3.7928151943210935e-07,0.00030807141415873084,False,False,False,False,False
SLC1A1,0.0006157635467980296,3.7928151943210935e-07,0.00030807141415873084,False,False,False,False,False
RBM3,0.0006157635467980296,1.8964075971605468e-07,0.0003079765937788728,False,False,False,False,False
ABCA12,0.0006157635467980296,1.8964075971605468e-07,0.0003079765937788728,False,False,False,False,False
SLC46A2,0.0006157635467980296,1.8964075971605468e-07,0.0003079765937788728,False,False,False,False,False
HTN3,0.0006157635467980296,1.8964075971605468e-07,0.0003079765937788728,False,False,False,False,False
TAC4,0.0006157635467980296,1.8964075971605468e-07,0.0003079765937788728,False,False,False,False,False
CCDC42,0.0006157635467980296,1.8964075971605468e-07,0.0003079765937788728,False,False,False,False,False
SPSB1,0.0006157635467980296,1.370322626984707e-07,0.000307950289530364,False,False,False,False,False
NPC1,0.0006157635467980296,6.202447764080438e-08,0.0003079127856378352,False,False,False,False,False
KCTD17,0.0006157635467980296,0.0,0.0003078817733990148,False,False,False,False,False
DEFB106B,0.0006157635467980296,0.0,0.0003078817733990148,False,False,False,False,False
TADA2A,0.0006157635467980296,0.0,0.0003078817733990148,False,False,False,False,False
KSR2,0.0006157635467980296,0.0,0.0003078817733990148,False,False,False,False,False
TMBIM6,0.0006157635467980296,0.0,0.0003078817733990148,False,False,False,False,False
PDLIM4,0.0006157635467980296,0.0,0.0003078817733990148,False,False,False,False,False
MKNK2,0.0006157635467980296,0.0,0.0003078817733990148,False,False,False,False,False
PEX26,0.0006157635467980296,0.0,0.0003078817733990148,False,False,False,False,False
TBC1D17,0.0006157635467980296,0.0,0.0003078817733990148,False,False,False,False,False
NCDN,0.0006157635467980296,0.0,0.0003078817733990148,False,False,False,False,False
ORAI3,0.0006157635467980296,0.0,0.0003078817733990148,False,False,False,False,False
NR2C2,0.0006157635467980296,0.0,0.0003078817733990148,False,False,False,False,False
ULBP2,0.0006157635467980296,0.0,0.0003078817733990148,False,False,False,False,False
OPN1LW,0.0006157635467980296,0.0,0.0003078817733990148,False,False,False,False,False
TULP3,0.0006157635467980296,0.0,0.0003078817733990148,False,False,False,False,False
CRYGC,0.0006157635467980296,0.0,0.0003078817733990148,False,False,False,False,False
RCVRN,0.0006157635467980296,0.0,0.0003078817733990148,False,False,False,False,False
EGFL7,0.0006157635467980296,0.0,0.0003078817733990148,False,False,False,False,False
AMHR2,0.0006157635467980296,0.0,0.0003078817733990148,False,False,False,False,False
ZYG11B,0.0006157635467980296,0.0,0.0003078817733990148,False,False,False,False,False
SOX4,0.0006157635467980296,0.0,0.0003078817733990148,False,False,False,False,False
ZFP1,0.0006157635467980296,0.0,0.0003078817733990148,False,False,False,False,False
SNTB1,0.0006157635467980296,0.0,0.0003078817733990148,False,False,False,False,False
FKBP14,0.0006157635467980296,0.0,0.0003078817733990148,False,False,False,False,False
SLC30A2,0.0006157635467980296,0.0,0.0003078817733990148,False,False,False,False,False
PYURF,0.0006157635467980296,0.0,0.0003078817733990148,False,False,False,False,False
PPP1R3C,0.0006157635467980296,0.0,0.0003078817733990148,False,False,False,False,False
ABHD4,0.0006157635467980296,0.0,0.0003078817733990148,False,False,False,False,False
TBXAS1,0.0006157635467980296,0.0,0.0003078817733990148,False,False,False,False,False
UCP2,0.0006157635467980296,0.0,0.0003078817733990148,False,False,False,False,False
NPHS2,0.0006157635467980296,0.0,0.0003078817733990148,False,False,False,False,False
KLHL24,0.0006157635467980296,0.0,0.0003078817733990148,False,False,False,False,False
GRIP2,0.0006157635467980296,0.0,0.0003078817733990148,False,False,False,False,False
DEFB4B,0.0006157635467980296,0.0,0.0003078817733990148,False,False,False,False,False
INSM2,0.0006157635467980296,0.0,0.0003078817733990148,False,False,False,False,False
LIMS1,0.0006157635467980296,0.0,0.0003078817733990148,False,False,False,False,False
SIAH2,0.0006157635467980296,0.0,0.0003078817733990148,False,False,False,False,False
SLC2A3,0.0006157635467980296,0.0,0.0003078817733990148,False,False,False,False,False
RGL2,0.0006157635467980296,0.0,0.0003078817733990148,False,False,False,False,False
TUBGCP6,0.0006157635467980296,0.0,0.0003078817733990148,False,False,False,False,False
RND3,0.0006157635467980296,0.0,0.0003078817733990148,False,False,False,False,False
DUSP22,0.0006157635467980296,0.0,0.0003078817733990148,False,False,False,False,False
CTNNBIP1,0.0006157635467980296,0.0,0.0003078817733990148,False,False,False,False,False
PELI2,0.0006157635467980296,0.0,0.0003078817733990148,False,False,False,False,False
SPRR2G,0.0006157635467980296,0.0,0.0003078817733990148,False,False,False,False,False
PTPRE,0.0006157635467980296,0.0,0.0003078817733990148,False,False,False,False,False
LYPLAL1,0.0006157635467980296,0.0,0.0003078817733990148,False,False,False,False,False
CMTM4,0.0006157635467980296,0.0,0.0003078817733990148,False,False,False,False,False
PTPRM,0.0006157635467980296,0.0,0.0003078817733990148,False,False,False,False,False
GFPT1,0.0006157635467980296,0.0,0.0003078817733990148,False,False,False,False,False
KIAA1109,0.0006157635467980296,0.0,0.0003078817733990148,False,False,False,False,False
CSN3,0.0006157635467980296,0.0,0.0003078817733990148,False,False,False,False,False
RRP36,0.0006157635467980296,0.0,0.0003078817733990148,False,False,False,False,False
CMTM1,0.0006157635467980296,0.0,0.0003078817733990148,False,False,False,False,False
ZCWPW2,0.0006157635467980296,0.0,0.0003078817733990148,False,False,False,False,False
CLCN6,0.0006157635467980296,0.0,0.0003078817733990148,False,False,False,False,False
TDRD5,0.0006157635467980296,0.0,0.0003078817733990148,False,False,False,False,False
RIMS4,0.0006157635467980296,0.0,0.0003078817733990148,False,False,False,False,False
CMTM3,0.0006157635467980296,0.0,0.0003078817733990148,False,False,False,False,False
NDUFV3,0.0006157635467980296,0.0,0.0003078817733990148,False,False,False,False,False
MGP,0.0006157635467980296,0.0,0.0003078817733990148,False,False,False,False,False
ZER1,0.0006157635467980296,0.0,0.0003078817733990148,False,False,False,False,False
VASH1,0.0006157635467980296,0.0,0.0003078817733990148,False,False,False,False,False
ABCD2,0.0006157635467980296,0.0,0.0003078817733990148,False,False,False,False,False
VPREB3,0.0006157635467980296,0.0,0.0003078817733990148,False,False,False,False,False
NFIX,0.0006157635467980296,0.0,0.0003078817733990148,False,False,False,False,False
NKG7,0.0006157635467980296,0.0,0.0003078817733990148,False,False,False,False,False
MRPS23,0.0006157635467980296,0.0,0.0003078817733990148,False,False,False,False,False
CELA3B,0.0006157635467980296,0.0,0.0003078817733990148,False,False,False,False,False
ARHGEF3,0.0006157635467980296,0.0,0.0003078817733990148,False,False,False,False,False
DOK4,0.0006157635467980296,0.0,0.0003078817733990148,False,False,False,False,False
LARS2,0.0006157635467980296,0.0,0.0003078817733990148,False,False,False,False,False
IGFBP2,0.0006157635467980296,0.0,0.0003078817733990148,False,False,False,False,False
CASQ1,0.0006157635467980296,0.0,0.0003078817733990148,False,False,False,False,False
SEMA4B,0.0006157635467980296,0.0,0.0003078817733990148,False,False,False,False,False
ATG2B,0.0006157635467980296,0.0,0.0003078817733990148,False,False,False,False,False
KDM4C,0.0006157635467980296,0.0,0.0003078817733990148,False,False,False,False,False
CYTIP,0.0006157635467980296,0.0,0.0003078817733990148,False,False,False,False,False
KCNH8,0.0006157635467980296,0.0,0.0003078817733990148,False,False,False,False,False
CUL9,0.0006157635467980296,0.0,0.0003078817733990148,False,False,False,False,False
GPRIN2,0.0006157635467980296,0.0,0.0003078817733990148,False,False,False,False,False
DNMBP,0.0006157635467980296,0.0,0.0003078817733990148,False,False,False,False,False
ARID3B,0.0006157635467980296,0.0,0.0003078817733990148,False,False,False,False,False
HBP1,0.0006157635467980296,0.0,0.0003078817733990148,False,False,False,False,False
PRICKLE2,0.0006157635467980296,0.0,0.0003078817733990148,False,False,False,False,False
ZNF219,0.0006157635467980296,0.0,0.0003078817733990148,False,False,False,False,False
HAVCR1,0.0006157635467980296,0.0,0.0003078817733990148,False,False,False,False,False
SLC16A4,0.0006157635467980296,0.0,0.0003078817733990148,False,False,False,False,False
SLC39A12,0.0006157635467980296,0.0,0.0003078817733990148,False,False,False,False,False
DCAF5,0.0006157635467980296,0.0,0.0003078817733990148,False,False,False,False,False
AGR3,0.0006157635467980296,0.0,0.0003078817733990148,False,False,False,False,False
KCNK7,0.0006157635467980296,0.0,0.0003078817733990148,False,False,False,False,False
CTSF,0.0006157635467980296,0.0,0.0003078817733990148,False,False,False,False,False
DDX39A,0.0006157635467980296,0.0,0.0003078817733990148,False,False,False,False,False
DNAL4,0.0006157635467980296,0.0,0.0003078817733990148,False,False,False,False,False
MRPL38,0.0006157635467980296,0.0,0.0003078817733990148,False,False,False,False,False
BCL3,0.0006157635467980296,0.0,0.0003078817733990148,False,False,False,False,False
CTRB2,0.0006157635467980296,0.0,0.0003078817733990148,False,False,False,False,False
CLDN14,0.0006157635467980296,0.0,0.0003078817733990148,False,False,False,False,False
DEFB106A,0.0006157635467980296,0.0,0.0003078817733990148,False,False,False,False,False
CKB,0.0006157635467980296,0.0,0.0003078817733990148,False,False,False,False,False
FAM83B,0.0006157635467980296,0.0,0.0003078817733990148,False,False,False,False,False
LMOD1,0.0006157635467980296,0.0,0.0003078817733990148,False,False,False,False,False
MC2R,0.0006157635467980296,0.0,0.0003078817733990148,False,False,False,False,False
ST3GAL5,0.0006157635467980296,0.0,0.0003078817733990148,False,False,False,False,False
PXMP4,0.0006157635467980296,0.0,0.0003078817733990148,False,False,False,False,False
BRAT1,0.0006157635467980296,0.0,0.0003078817733990148,False,False,False,False,False
PREX2,0.0003078817733990148,0.0,0.0001539408866995074,False,False,False,False,False
ZFAND4,0.0003078817733990148,0.0,0.0001539408866995074,False,False,False,False,False
PROX1,0.0003078817733990148,0.0,0.0001539408866995074,False,False,False,False,False
SH3PXD2B,0.0003078817733990148,0.0,0.0001539408866995074,False,False,False,False,False
FRMD1,0.0003078817733990148,0.0,0.0001539408866995074,False,False,False,False,False
GPR156,0.0003078817733990148,0.0,0.0001539408866995074,False,False,False,False,False
TUSC5,0.0003078817733990148,0.0,0.0001539408866995074,False,False,False,False,False
PTPRN2,0.0003078817733990148,0.0,0.0001539408866995074,False,False,False,False,False
SLC7A13,0.0003078817733990148,0.0,0.0001539408866995074,False,False,False,False,False
KLHL15,0.0003078817733990148,0.0,0.0001539408866995074,False,False,False,False,False
UBXN2A,0.0003078817733990148,0.0,0.0001539408866995074,False,False,False,False,False
XKR6,0.0003078817733990148,0.0,0.0001539408866995074,False,False,False,False,False
PSPN,0.0003078817733990148,0.0,0.0001539408866995074,False,False,False,False,False
SLC2A10,0.0003078817733990148,0.0,0.0001539408866995074,False,False,False,False,False
DCSTAMP,0.0003078817733990148,0.0,0.0001539408866995074,False,False,False,False,False
RBM46,0.0003078817733990148,0.0,0.0001539408866995074,False,False,False,False,False
PLAC8L1,0.0003078817733990148,0.0,0.0001539408866995074,False,False,False,False,False
IAPP,0.0003078817733990148,0.0,0.0001539408866995074,False,False,False,False,False
JAKMIP1,0.0003078817733990148,0.0,0.0001539408866995074,False,False,False,False,False
VPS13B,0.0003078817733990148,0.0,0.0001539408866995074,False,False,False,False,False
GBX2,0.0003078817733990148,0.0,0.0001539408866995074,False,False,False,False,False
PEBP4,0.0003078817733990148,0.0,0.0001539408866995074,False,False,False,False,False
PNLDC1,0.0003078817733990148,0.0,0.0001539408866995074,False,False,False,False,False
ZNF467,0.0003078817733990148,0.0,0.0001539408866995074,False,False,False,False,False
LY6H,0.0003078817733990148,0.0,0.0001539408866995074,False,False,False,False,False
SCARA5,0.0003078817733990148,0.0,0.0001539408866995074,False,False,False,False,False
MLEC,0.0003078817733990148,0.0,0.0001539408866995074,False,False,False,False,False
NKAIN2,0.0003078817733990148,0.0,0.0001539408866995074,False,False,False,False,False
SYPL1,0.0003078817733990148,0.0,0.0001539408866995074,False,False,False,False,False
FTL,0.0003078817733990148,0.0,0.0001539408866995074,False,False,False,False,False
ZNF772,0.0003078817733990148,0.0,0.0001539408866995074,False,False,False,False,False
ESX1,0.0003078817733990148,0.0,0.0001539408866995074,False,False,False,False,False
LGALS9B,0.0003078817733990148,0.0,0.0001539408866995074,False,False,False,False,False
CMKLR1,0.0003078817733990148,0.0,0.0001539408866995074,False,False,False,False,False
PABPC1L,0.0003078817733990148,0.0,0.0001539408866995074,False,False,False,False,False
TOR1AIP2,0.0003078817733990148,0.0,0.0001539408866995074,False,False,False,False,False
PRH2,0.0003078817733990148,0.0,0.0001539408866995074,False,False,False,False,False
HDGF,0.0003078817733990148,0.0,0.0001539408866995074,False,False,False,False,False
WBP2NL,0.0003078817733990148,0.0,0.0001539408866995074,False,False,False,False,False
CDRT4,0.0003078817733990148,0.0,0.0001539408866995074,False,False,False,False,False
FREM1,0.0003078817733990148,0.0,0.0001539408866995074,False,False,False,False,False
TTYH2,0.0003078817733990148,0.0,0.0001539408866995074,False,False,False,False,False
ARX,0.0003078817733990148,0.0,0.0001539408866995074,False,False,False,False,False
SHOX2,0.0003078817733990148,0.0,0.0001539408866995074,False,False,False,False,False
DAZAP2,0.0003078817733990148,0.0,0.0001539408866995074,False,False,False,False,False
RNASE4,0.0003078817733990148,0.0,0.0001539408866995074,False,False,False,False,False
SYT14,0.0003078817733990148,0.0,0.0001539408866995074,False,False,False,False,False
FRK,0.0003078817733990148,0.0,0.0001539408866995074,False,False,False,False,False
FRY,0.0003078817733990148,0.0,0.0001539408866995074,False,False,False,False,False
HCN2,0.0003078817733990148,0.0,0.0001539408866995074,False,False,False,False,False
FOLR2,0.0003078817733990148,0.0,0.0001539408866995074,False,False,False,False,False
TRPM8,0.0003078817733990148,0.0,0.0001539408866995074,False,False,False,False,False
ZNF138,0.0003078817733990148,0.0,0.0001539408866995074,False,False,False,False,False
OTUB2,0.0003078817733990148,0.0,0.0001539408866995074,False,False,False,False,False
SRRM3,0.0003078817733990148,0.0,0.0001539408866995074,False,False,False,False,False
TRIB2,0.0003078817733990148,0.0,0.0001539408866995074,False,False,False,False,False
MARCKSL1,0.0003078817733990148,0.0,0.0001539408866995074,False,False,False,False,False
IER5,0.0003078817733990148,0.0,0.0001539408866995074,False,False,False,False,False
TCP11L2,0.0003078817733990148,0.0,0.0001539408866995074,False,False,False,False,False
ZSCAN23,0.0003078817733990148,0.0,0.0001539408866995074,False,False,False,False,False
KPNA5,0.0003078817733990148,0.0,0.0001539408866995074,False,False,False,False,False
RRAD,0.0003078817733990148,0.0,0.0001539408866995074,False,False,False,False,False
RRBP1,0.0003078817733990148,0.0,0.0001539408866995074,False,False,False,False,False
GAS2L2,0.0003078817733990148,0.0,0.0001539408866995074,False,False,False,False,False
RTN2,0.0003078817733990148,0.0,0.0001539408866995074,False,False,False,False,False
SPATA20,0.0003078817733990148,0.0,0.0001539408866995074,False,False,False,False,False
SNX32,0.0003078817733990148,0.0,0.0001539408866995074,False,False,False,False,False
PCED1A,0.0003078817733990148,0.0,0.0001539408866995074,False,False,False,False,False
FHL1,0.0003078817733990148,0.0,0.0001539408866995074,False,False,False,False,False
FGF11,0.0003078817733990148,0.0,0.0001539408866995074,False,False,False,False,False
FBN2,0.0003078817733990148,0.0,0.0001539408866995074,False,False,False,False,False
CCDC110,0.0003078817733990148,0.0,0.0001539408866995074,False,False,False,False,False
CORO7,0.0003078817733990148,0.0,0.0001539408866995074,False,False,False,False,False
PGBD5,0.0003078817733990148,0.0,0.0001539408866995074,False,False,False,False,False
ZBTB7C,0.0003078817733990148,0.0,0.0001539408866995074,False,False,False,False,False
FUT11,0.0003078817733990148,0.0,0.0001539408866995074,False,False,False,False,False
ID4,0.0003078817733990148,0.0,0.0001539408866995074,False,False,False,False,False
VSNL1,0.0003078817733990148,0.0,0.0001539408866995074,False,False,False,False,False
HAPLN1,0.0003078817733990148,0.0,0.0001539408866995074,False,False,False,False,False
RARRES2,0.0003078817733990148,0.0,0.0001539408866995074,False,False,False,False,False
ABLIM1,0.0003078817733990148,0.0,0.0001539408866995074,False,False,False,False,False
ZNF827,0.0003078817733990148,0.0,0.0001539408866995074,False,False,False,False,False
IFI16,0.0003078817733990148,0.0,0.0001539408866995074,False,False,False,False,False
TVP23C,0.0003078817733990148,0.0,0.0001539408866995074,False,False,False,False,False
UNC13D,0.0003078817733990148,0.0,0.0001539408866995074,False,False,False,False,False
FRRS1,0.0003078817733990148,0.0,0.0001539408866995074,False,False,False,False,False
ADGB,0.0003078817733990148,0.0,0.0001539408866995074,False,False,False,False,False
DPY19L2,0.0003078817733990148,0.0,0.0001539408866995074,False,False,False,False,False
UCMA,0.0003078817733990148,0.0,0.0001539408866995074,False,False,False,False,False
KHDRBS2,0.0003078817733990148,0.0,0.0001539408866995074,False,False,False,False,False
ADAM32,0.0003078817733990148,0.0,0.0001539408866995074,False,False,False,False,False
GAGE1,0.0003078817733990148,0.0,0.0001539408866995074,False,False,False,False,False
SLC44A5,0.0003078817733990148,0.0,0.0001539408866995074,False,False,False,False,False
ZNF276,0.0003078817733990148,0.0,0.0001539408866995074,False,False,False,False,False
VTCN1,0.0003078817733990148,0.0,0.0001539408866995074,False,False,False,False,False
STOX1,0.0003078817733990148,0.0,0.0001539408866995074,False,False,False,False,False
OTUD1,0.0003078817733990148,0.0,0.0001539408866995074,False,False,False,False,False
TIGD3,0.0003078817733990148,0.0,0.0001539408866995074,False,False,False,False,False
MARCH8,0.0003078817733990148,0.0,0.0001539408866995074,False,False,False,False,False
MCPH1,0.0003078817733990148,0.0,0.0001539408866995074,False,False,False,False,False
RASGEF1A,0.0003078817733990148,0.0,0.0001539408866995074,False,False,False,False,False
FAM227B,0.0003078817733990148,0.0,0.0001539408866995074,False,False,False,False,False
GLRA2,0.0003078817733990148,0.0,0.0001539408866995074,False,False,False,False,False
RNF38,0.0003078817733990148,0.0,0.0001539408866995074,False,False,False,False,False
PPM1L,0.0003078817733990148,0.0,0.0001539408866995074,False,False,False,False,False
MSS51,0.0003078817733990148,0.0,0.0001539408866995074,False,False,False,False,False
NPAS1,0.0003078817733990148,0.0,0.0001539408866995074,False,False,False,False,False
SCIN,0.0003078817733990148,0.0,0.0001539408866995074,False,False,False,False,False
SLC22A16,0.0003078817733990148,0.0,0.0001539408866995074,False,False,False,False,False
TMEM45B,0.0003078817733990148,0.0,0.0001539408866995074,False,False,False,False,False
CCDC38,0.0003078817733990148,0.0,0.0001539408866995074,False,False,False,False,False
RGS7BP,0.0003078817733990148,0.0,0.0001539408866995074,False,False,False,False,False
HIC1,0.0003078817733990148,0.0,0.0001539408866995074,False,False,False,False,False
KLHDC1,0.0003078817733990148,0.0,0.0001539408866995074,False,False,False,False,False
MAGED4,0.0003078817733990148,0.0,0.0001539408866995074,False,False,False,False,False
TOX2,0.0003078817733990148,0.0,0.0001539408866995074,False,False,False,False,False
IGSF21,0.0003078817733990148,0.0,0.0001539408866995074,False,False,False,False,False
NEUROD2,0.0003078817733990148,0.0,0.0001539408866995074,False,False,False,False,False
SYTL1,0.0003078817733990148,0.0,0.0001539408866995074,False,False,False,False,False
ZPBP2,0.0003078817733990148,0.0,0.0001539408866995074,False,False,False,False,False
ZFP3,0.0003078817733990148,0.0,0.0001539408866995074,False,False,False,False,False
HSH2D,0.0003078817733990148,0.0,0.0001539408866995074,False,False,False,False,False
SLC5A10,0.0003078817733990148,0.0,0.0001539408866995074,False,False,False,False,False
FIZ1,0.0003078817733990148,0.0,0.0001539408866995074,False,False,False,False,False
CDK17,0.0003078817733990148,0.0,0.0001539408866995074,False,False,False,False,False
MOB3A,0.0003078817733990148,0.0,0.0001539408866995074,False,False,False,False,False
MISP,0.0003078817733990148,0.0,0.0001539408866995074,False,False,False,False,False
CYP4F22,0.0003078817733990148,0.0,0.0001539408866995074,False,False,False,False,False
PRAMEF17,0.0003078817733990148,0.0,0.0001539408866995074,False,False,False,False,False
LIN28B,0.0003078817733990148,0.0,0.0001539408866995074,False,False,False,False,False
SLX4IP,0.0003078817733990148,0.0,0.0001539408866995074,False,False,False,False,False
NDP,0.0003078817733990148,0.0,0.0001539408866995074,False,False,False,False,False
CDK18,0.0003078817733990148,0.0,0.0001539408866995074,False,False,False,False,False
C17orf98,0.0003078817733990148,0.0,0.0001539408866995074,False,False,False,False,False
ANTXR2,0.0003078817733990148,0.0,0.0001539408866995074,False,False,False,False,False
LGALS9C,0.0003078817733990148,0.0,0.0001539408866995074,False,False,False,False,False
CHRFAM7A,0.0003078817733990148,0.0,0.0001539408866995074,False,False,False,False,False
BTBD9,0.0003078817733990148,0.0,0.0001539408866995074,False,False,False,False,False
NUCB1,0.0003078817733990148,0.0,0.0001539408866995074,False,False,False,False,False
LENG9,0.0003078817733990148,0.0,0.0001539408866995074,False,False,False,False,False
TP53INP1,0.0003078817733990148,0.0,0.0001539408866995074,False,False,False,False,False
MARCH11,0.0003078817733990148,0.0,0.0001539408866995074,False,False,False,False,False
KRT71,0.0003078817733990148,0.0,0.0001539408866995074,False,False,False,False,False
PTH2,0.0003078817733990148,0.0,0.0001539408866995074,False,False,False,False,False
NPY1R,0.0003078817733990148,0.0,0.0001539408866995074,False,False,False,False,False
SCNN1D,0.0003078817733990148,0.0,0.0001539408866995074,False,False,False,False,False
ZNF461,0.0003078817733990148,0.0,0.0001539408866995074,False,False,False,False,False
TRIM9,0.0003078817733990148,0.0,0.0001539408866995074,False,False,False,False,False
SLC2A13,0.0003078817733990148,0.0,0.0001539408866995074,False,False,False,False,False
LMBRD2,0.0003078817733990148,0.0,0.0001539408866995074,False,False,False,False,False
RCSD1,0.0003078817733990148,0.0,0.0001539408866995074,False,False,False,False,False
ESAM,0.0003078817733990148,0.0,0.0001539408866995074,False,False,False,False,False
HCRTR1,0.0003078817733990148,0.0,0.0001539408866995074,False,False,False,False,False
OR3A2,0.0003078817733990148,0.0,0.0001539408866995074,False,False,False,False,False
VASN,0.0003078817733990148,0.0,0.0001539408866995074,False,False,False,False,False
TGIF2LX,0.0003078817733990148,0.0,0.0001539408866995074,False,False,False,False,False
KCTD12,0.0003078817733990148,0.0,0.0001539408866995074,False,False,False,False,False
PCMTD1,0.0003078817733990148,0.0,0.0001539408866995074,False,False,False,False,False
UHRF2,0.0003078817733990148,0.0,0.0001539408866995074,False,False,False,False,False
CTHRC1,0.0003078817733990148,0.0,0.0001539408866995074,False,False,False,False,False
CYYR1,0.0003078817733990148,0.0,0.0001539408866995074,False,False,False,False,False
ACSM1,0.0003078817733990148,0.0,0.0001539408866995074,False,False,False,False,False
AQP10,0.0003078817733990148,0.0,0.0001539408866995074,False,False,False,False,False
WDR17,0.0003078817733990148,0.0,0.0001539408866995074,False,False,False,False,False
FGD3,0.0003078817733990148,0.0,0.0001539408866995074,False,False,False,False,False
WFIKKN1,0.0003078817733990148,0.0,0.0001539408866995074,False,False,False,False,False
SCIMP,0.0003078817733990148,0.0,0.0001539408866995074,False,False,False,False,False
HPDL,0.0003078817733990148,0.0,0.0001539408866995074,False,False,False,False,False
CPNE4,0.0003078817733990148,0.0,0.0001539408866995074,False,False,False,False,False
ANKRD29,0.0003078817733990148,0.0,0.0001539408866995074,False,False,False,False,False
FAM160A2,0.0003078817733990148,0.0,0.0001539408866995074,False,False,False,False,False
GP9,0.0003078817733990148,0.0,0.0001539408866995074,False,False,False,False,False
SCGB2A2,0.0003078817733990148,0.0,0.0001539408866995074,False,False,False,False,False
TMPRSS13,0.0003078817733990148,0.0,0.0001539408866995074,False,False,False,False,False
PRAMEF10,0.0003078817733990148,0.0,0.0001539408866995074,False,False,False,False,False
PRR35,0.0003078817733990148,0.0,0.0001539408866995074,False,False,False,False,False
HMCN1,0.0003078817733990148,0.0,0.0001539408866995074,False,False,False,False,False
GSG1L,0.0003078817733990148,0.0,0.0001539408866995074,False,False,False,False,False
C17orf50,0.0003078817733990148,0.0,0.0001539408866995074,False,False,False,False,False
TMC8,0.0003078817733990148,0.0,0.0001539408866995074,False,False,False,False,False
MEOX2,0.0003078817733990148,0.0,0.0001539408866995074,False,False,False,False,False
MS4A8,0.0003078817733990148,0.0,0.0001539408866995074,False,False,False,False,False
CCDC180,0.0003078817733990148,0.0,0.0001539408866995074,False,False,False,False,False
TMEM190,0.0003078817733990148,0.0,0.0001539408866995074,False,False,False,False,False
AMDHD1,0.0003078817733990148,0.0,0.0001539408866995074,False,False,False,False,False
MDFI,0.0003078817733990148,0.0,0.0001539408866995074,False,False,False,False,False
SPPL3,0.0003078817733990148,0.0,0.0001539408866995074,False,False,False,False,False
HORMAD2,0.0003078817733990148,0.0,0.0001539408866995074,False,False,False,False,False
ENTHD1,0.0003078817733990148,0.0,0.0001539408866995074,False,False,False,False,False
SLC25A31,0.0003078817733990148,0.0,0.0001539408866995074,False,False,False,False,False
CADPS2,0.0003078817733990148,0.0,0.0001539408866995074,False,False,False,False,False
FCRL4,0.0003078817733990148,0.0,0.0001539408866995074,False,False,False,False,False
ARPC5L,0.0003078817733990148,0.0,0.0001539408866995074,False,False,False,False,False
SMYD1,0.0003078817733990148,0.0,0.0001539408866995074,False,False,False,False,False
GJB5,0.0003078817733990148,0.0,0.0001539408866995074,False,False,False,False,False
PPP1R1A,0.0003078817733990148,0.0,0.0001539408866995074,False,False,False,False,False
GPIHBP1,0.0003078817733990148,0.0,0.0001539408866995074,False,False,False,False,False
UNC93B1,0.0003078817733990148,0.0,0.0001539408866995074,False,False,False,False,False
LRRC70,0.0003078817733990148,0.0,0.0001539408866995074,False,False,False,False,False
ARMC2,0.0003078817733990148,0.0,0.0001539408866995074,False,False,False,False,False
PYROXD2,0.0003078817733990148,0.0,0.0001539408866995074,False,False,False,False,False
MYO3B,0.0003078817733990148,0.0,0.0001539408866995074,False,False,False,False,False
SLC9A7,0.0003078817733990148,0.0,0.0001539408866995074,False,False,False,False,False
NCAM2,0.0003078817733990148,0.0,0.0001539408866995074,False,False,False,False,False
IL31RA,0.0003078817733990148,0.0,0.0001539408866995074,False,False,False,False,False
JMY,0.0003078817733990148,0.0,0.0001539408866995074,False,False,False,False,False
HLA-DMA,0.0003078817733990148,0.0,0.0001539408866995074,False,False,False,False,False
SPINK7,0.0003078817733990148,0.0,0.0001539408866995074,False,False,False,False,False
TRIM50,0.0003078817733990148,0.0,0.0001539408866995074,False,False,False,False,False
PFKFB4,0.0003078817733990148,0.0,0.0001539408866995074,False,False,False,False,False
HMGB3,0.0003078817733990148,0.0,0.0001539408866995074,False,False,False,False,False
CNFN,0.0003078817733990148,0.0,0.0001539408866995074,False,False,False,False,False
ENHO,0.0003078817733990148,0.0,0.0001539408866995074,False,False,False,False,False
LZTS2,0.0003078817733990148,0.0,0.0001539408866995074,False,False,False,False,False
DOCK11,0.0003078817733990148,0.0,0.0001539408866995074,False,False,False,False,False
FLYWCH1,0.0003078817733990148,0.0,0.0001539408866995074,False,False,False,False,False
MACC1,0.0003078817733990148,0.0,0.0001539408866995074,False,False,False,False,False
NHS,0.0003078817733990148,0.0,0.0001539408866995074,False,False,False,False,False
ACTRT2,0.0003078817733990148,0.0,0.0001539408866995074,False,False,False,False,False
TRIM69,0.0003078817733990148,0.0,0.0001539408866995074,False,False,False,False,False
KRT72,0.0003078817733990148,0.0,0.0001539408866995074,False,False,False,False,False
LILRA5,0.0003078817733990148,0.0,0.0001539408866995074,False,False,False,False,False
POLN,0.0003078817733990148,0.0,0.0001539408866995074,False,False,False,False,False
SLCO4C1,0.0003078817733990148,0.0,0.0001539408866995074,False,False,False,False,False
MMP17,0.0003078817733990148,0.0,0.0001539408866995074,False,False,False,False,False
INSL4,0.0003078817733990148,0.0,0.0001539408866995074,False,False,False,False,False
FAM71F2,0.0003078817733990148,0.0,0.0001539408866995074,False,False,False,False,False
ZFP57,0.0003078817733990148,0.0,0.0001539408866995074,False,False,False,False,False
ERH,0.0003078817733990148,0.0,0.0001539408866995074,False,False,False,False,False
FSCB,0.0003078817733990148,0.0,0.0001539408866995074,False,False,False,False,False
MPPED2,0.0003078817733990148,0.0,0.0001539408866995074,False,False,False,False,False
IL25,0.0003078817733990148,0.0,0.0001539408866995074,False,False,False,False,False
VNN2,0.0003078817733990148,0.0,0.0001539408866995074,False,False,False,False,False
PGLYRP1,0.0003078817733990148,0.0,0.0001539408866995074,False,False,False,False,False
CLIC2,0.0003078817733990148,0.0,0.0001539408866995074,False,False,False,False,False
UBN1,0.0003078817733990148,0.0,0.0001539408866995074,False,False,False,False,False
GPR37L1,0.0003078817733990148,0.0,0.0001539408866995074,False,False,False,False,False
BAZ2B,0.0003078817733990148,0.0,0.0001539408866995074,False,False,False,False,False
LMCD1,0.0003078817733990148,0.0,0.0001539408866995074,False,False,False,False,False
TLX3,0.0003078817733990148,0.0,0.0001539408866995074,False,False,False,False,False
PODXL2,0.0003078817733990148,0.0,0.0001539408866995074,False,False,False,False,False
DYRK1B,0.0003078817733990148,0.0,0.0001539408866995074,False,False,False,False,False
ZNF652,0.0003078817733990148,0.0,0.0001539408866995074,False,False,False,False,False
SLC9A6,0.0003078817733990148,0.0,0.0001539408866995074,False,False,False,False,False
TNFAIP8,0.0003078817733990148,0.0,0.0001539408866995074,False,False,False,False,False
ENDOU,0.0003078817733990148,0.0,0.0001539408866995074,False,False,False,False,False
ZBTB7B,0.0003078817733990148,0.0,0.0001539408866995074,False,False,False,False,False
APBB2,0.0003078817733990148,0.0,0.0001539408866995074,False,False,False,False,False
ATL1,0.0003078817733990148,0.0,0.0001539408866995074,False,False,False,False,False
WISP1,0.0003078817733990148,0.0,0.0001539408866995074,False,False,False,False,False
BACE2,0.0003078817733990148,0.0,0.0001539408866995074,False,False,False,False,False
CRHR2,0.0003078817733990148,0.0,0.0001539408866995074,False,False,False,False,False
EMC8,0.0003078817733990148,0.0,0.0001539408866995074,False,False,False,False,False
RGCC,0.0003078817733990148,0.0,0.0001539408866995074,False,False,False,False,False
CHRNA7,0.0003078817733990148,0.0,0.0001539408866995074,False,False,False,False,False
ZC3H7B,0.0003078817733990148,0.0,0.0001539408866995074,False,False,False,False,False
GID8,0.0003078817733990148,0.0,0.0001539408866995074,False,False,False,False,False
TESPA1,0.0003078817733990148,0.0,0.0001539408866995074,False,False,False,False,False
YTHDF1,0.0003078817733990148,0.0,0.0001539408866995074,False,False,False,False,False
LZTS3,0.0003078817733990148,0.0,0.0001539408866995074,False,False,False,False,False
NBEA,0.0003078817733990148,0.0,0.0001539408866995074,False,False,False,False,False
SYT7,0.0003078817733990148,0.0,0.0001539408866995074,False,False,False,False,False
ASCL2,0.0003078817733990148,0.0,0.0001539408866995074,False,False,False,False,False
SH3PXD2A,0.0003078817733990148,0.0,0.0001539408866995074,False,False,False,False,False
GPR82,0.0003078817733990148,0.0,0.0001539408866995074,False,False,False,False,False
GPR162,0.0003078817733990148,0.0,0.0001539408866995074,False,False,False,False,False
SOX13,0.0003078817733990148,0.0,0.0001539408866995074,False,False,False,False,False
RAB3D,0.0003078817733990148,0.0,0.0001539408866995074,False,False,False,False,False
CDH20,0.0003078817733990148,0.0,0.0001539408866995074,False,False,False,False,False
SCAMP1,0.0003078817733990148,0.0,0.0001539408866995074,False,False,False,False,False
GDF15,0.0003078817733990148,0.0,0.0001539408866995074,False,False,False,False,False
RPH3AL,0.0003078817733990148,0.0,0.0001539408866995074,False,False,False,False,False
SPECC1L,0.0003078817733990148,0.0,0.0001539408866995074,False,False,False,False,False
CERCAM,0.0003078817733990148,0.0,0.0001539408866995074,False,False,False,False,False
HEATR5A,0.0003078817733990148,0.0,0.0001539408866995074,False,False,False,False,False
SLC13A4,0.0003078817733990148,0.0,0.0001539408866995074,False,False,False,False,False
CYP2F1,0.0003078817733990148,0.0,0.0001539408866995074,False,False,False,False,False
HEATR5B,0.0003078817733990148,0.0,0.0001539408866995074,False,False,False,False,False
SPATA6,0.0003078817733990148,0.0,0.0001539408866995074,False,False,False,False,False
CST6,0.0003078817733990148,0.0,0.0001539408866995074,False,False,False,False,False
SLC6A13,0.0003078817733990148,0.0,0.0001539408866995074,False,False,False,False,False
SPRTN,0.0003078817733990148,0.0,0.0001539408866995074,False,False,False,False,False
CYB561,0.0003078817733990148,0.0,0.0001539408866995074,False,False,False,False,False
RBMXL1,0.0003078817733990148,0.0,0.0001539408866995074,False,False,False,False,False
SNX30,0.0003078817733990148,0.0,0.0001539408866995074,False,False,False,False,False
SNX33,0.0003078817733990148,0.0,0.0001539408866995074,False,False,False,False,False
BPIFA1,0.0003078817733990148,0.0,0.0001539408866995074,False,False,False,False,False
KLHL28,0.0003078817733990148,0.0,0.0001539408866995074,False,False,False,False,False
EXD3,0.0003078817733990148,0.0,0.0001539408866995074,False,False,False,False,False
CT55,0.0003078817733990148,0.0,0.0001539408866995074,False,False,False,False,False
PRCC,0.0003078817733990148,0.0,0.0001539408866995074,False,False,False,False,False
MARCH1,0.0003078817733990148,0.0,0.0001539408866995074,False,False,False,False,False
MOCOS,0.0003078817733990148,0.0,0.0001539408866995074,False,False,False,False,False
CCDC186,0.0003078817733990148,0.0,0.0001539408866995074,False,False,False,False,False
ZNF135,0.0003078817733990148,0.0,0.0001539408866995074,False,False,False,False,False
CST1,0.0003078817733990148,0.0,0.0001539408866995074,False,False,False,False,False
CCSER2,0.0003078817733990148,0.0,0.0001539408866995074,False,False,False,False,False
CYTL1,0.0003078817733990148,0.0,0.0001539408866995074,False,False,False,False,False
SOX18,0.0003078817733990148,0.0,0.0001539408866995074,False,False,False,False,False
KANK2,0.0003078817733990148,0.0,0.0001539408866995074,False,False,False,False,False
CD164,0.0003078817733990148,0.0,0.0001539408866995074,False,False,False,False,False
ADAM21,0.0003078817733990148,0.0,0.0001539408866995074,False,False,False,False,False
DACT1,0.0003078817733990148,0.0,0.0001539408866995074,False,False,False,False,False
HOOK1,0.0003078817733990148,0.0,0.0001539408866995074,False,False,False,False,False
NTMT1,0.0003078817733990148,0.0,0.0001539408866995074,False,False,False,False,False
ANXA11,0.0003078817733990148,0.0,0.0001539408866995074,False,False,False,False,False
AMY1C,0.0003078817733990148,0.0,0.0001539408866995074,False,False,False,False,False
KLF13,0.0003078817733990148,0.0,0.0001539408866995074,False,False,False,False,False
ASB1,0.0003078817733990148,0.0,0.0001539408866995074,False,False,False,False,False
SLC28A1,0.0003078817733990148,0.0,0.0001539408866995074,False,False,False,False,False
TMEM8B,0.0003078817733990148,0.0,0.0001539408866995074,False,False,False,False,False
ZXDA,0.0003078817733990148,0.0,0.0001539408866995074,False,False,False,False,False
ZFYVE1,0.0003078817733990148,0.0,0.0001539408866995074,False,False,False,False,False
TPCN1,0.0003078817733990148,0.0,0.0001539408866995074,False,False,False,False,False
SORBS2,0.0003078817733990148,0.0,0.0001539408866995074,False,False,False,False,False
ACR,0.0003078817733990148,0.0,0.0001539408866995074,False,False,False,False,False
PJA2,0.0003078817733990148,0.0,0.0001539408866995074,False,False,False,False,False
URB1,0.0003078817733990148,0.0,0.0001539408866995074,False,False,False,False,False
ZNF711,0.0003078817733990148,0.0,0.0001539408866995074,False,False,False,False,False
MXD4,0.0003078817733990148,0.0,0.0001539408866995074,False,False,False,False,False
MYT1L,0.0003078817733990148,0.0,0.0001539408866995074,False,False,False,False,False
SCGB1D1,0.0003078817733990148,0.0,0.0001539408866995074,False,False,False,False,False
ZNF609,0.0003078817733990148,0.0,0.0001539408866995074,False,False,False,False,False
IGF2BP2,0.0003078817733990148,0.0,0.0001539408866995074,False,False,False,False,False
RASL10A,0.0003078817733990148,0.0,0.0001539408866995074,False,False,False,False,False
TRIM16,0.0003078817733990148,0.0,0.0001539408866995074,False,False,False,False,False
DDN,0.0003078817733990148,0.0,0.0001539408866995074,False,False,False,False,False
ATP10B,0.0003078817733990148,0.0,0.0001539408866995074,False,False,False,False,False
COLEC10,0.0003078817733990148,0.0,0.0001539408866995074,False,False,False,False,False
VAT1,0.0003078817733990148,0.0,0.0001539408866995074,False,False,False,False,False
DIP2A,0.0003078817733990148,0.0,0.0001539408866995074,False,False,False,False,False
KANK1,0.0003078817733990148,0.0,0.0001539408866995074,False,False,False,False,False
OLFM4,0.0003078817733990148,0.0,0.0001539408866995074,False,False,False,False,False
RPRD2,0.0003078817733990148,0.0,0.0001539408866995074,False,False,False,False,False
CAMLG,0.0003078817733990148,0.0,0.0001539408866995074,False,False,False,False,False
KIF13B,0.0003078817733990148,0.0,0.0001539408866995074,False,False,False,False,False
BCL7A,0.0003078817733990148,0.0,0.0001539408866995074,False,False,False,False,False
TRIM2,0.0003078817733990148,0.0,0.0001539408866995074,False,False,False,False,False
PAXBP1,0.0003078817733990148,0.0,0.0001539408866995074,False,False,False,False,False
FAM122A,0.0003078817733990148,0.0,0.0001539408866995074,False,False,False,False,False
TPRG1L,0.0003078817733990148,0.0,0.0001539408866995074,False,False,False,False,False
MAST1,0.0003078817733990148,0.0,0.0001539408866995074,False,False,False,False,False
LILRB5,0.0003078817733990148,0.0,0.0001539408866995074,False,False,False,False,False
C10orf10,0.0003078817733990148,0.0,0.0001539408866995074,False,False,False,False,False
SMPDL3A,0.0003078817733990148,0.0,0.0001539408866995074,False,False,False,False,False
PTPRT,0.0003078817733990148,0.0,0.0001539408866995074,False,False,False,False,False
CD160,0.0003078817733990148,0.0,0.0001539408866995074,False,False,False,False,False
SLC7A9,0.0003078817733990148,0.0,0.0001539408866995074,False,False,False,False,False
SLC26A2,0.0003078817733990148,0.0,0.0001539408866995074,False,False,False,False,False
CA5B,0.0003078817733990148,0.0,0.0001539408866995074,False,False,False,False,False
MGAT4A,0.0003078817733990148,0.0,0.0001539408866995074,False,False,False,False,False
TMC6,0.0003078817733990148,0.0,0.0001539408866995074,False,False,False,False,False
LMTK2,0.0003078817733990148,0.0,0.0001539408866995074,False,False,False,False,False
CYSLTR1,0.0003078817733990148,0.0,0.0001539408866995074,False,False,False,False,False
VAMP5,0.0003078817733990148,0.0,0.0001539408866995074,False,False,False,False,False
ZBTB1,0.0003078817733990148,0.0,0.0001539408866995074,False,False,False,False,False
DENND3,0.0003078817733990148,0.0,0.0001539408866995074,False,False,False,False,False
KLF9,0.0003078817733990148,0.0,0.0001539408866995074,False,False,False,False,False
NFAT5,0.0003078817733990148,0.0,0.0001539408866995074,False,False,False,False,False
SASH1,0.0003078817733990148,0.0,0.0001539408866995074,False,False,False,False,False
DOCK9,0.0003078817733990148,0.0,0.0001539408866995074,False,False,False,False,False
ZC3H11A,0.0003078817733990148,0.0,0.0001539408866995074,False,False,False,False,False
CHRDL2,0.0003078817733990148,0.0,0.0001539408866995074,False,False,False,False,False
PTPRU,0.0003078817733990148,0.0,0.0001539408866995074,False,False,False,False,False
HECTD1,0.0003078817733990148,0.0,0.0001539408866995074,False,False,False,False,False
IL18BP,0.0003078817733990148,0.0,0.0001539408866995074,False,False,False,False,False
ISY1,0.0003078817733990148,0.0,0.0001539408866995074,False,False,False,False,False
SENP7,0.0003078817733990148,0.0,0.0001539408866995074,False,False,False,False,False
RALGAPB,0.0003078817733990148,0.0,0.0001539408866995074,False,False,False,False,False
CDC42SE2,0.0003078817733990148,0.0,0.0001539408866995074,False,False,False,False,False
DUS3L,0.0003078817733990148,0.0,0.0001539408866995074,False,False,False,False,False
PLEKHG4,0.0003078817733990148,0.0,0.0001539408866995074,False,False,False,False,False
LRRC41,0.0003078817733990148,0.0,0.0001539408866995074,False,False,False,False,False
PSPH,0.0003078817733990148,0.0,0.0001539408866995074,False,False,False,False,False
CLIC4,0.0003078817733990148,0.0,0.0001539408866995074,False,False,False,False,False
CMAS,0.0003078817733990148,0.0,0.0001539408866995074,False,False,False,False,False
SNED1,0.0003078817733990148,0.0,0.0001539408866995074,False,False,False,False,False
CLIP3,0.0003078817733990148,0.0,0.0001539408866995074,False,False,False,False,False
CCDC69,0.0003078817733990148,0.0,0.0001539408866995074,False,False,False,False,False
COPRS,0.0003078817733990148,0.0,0.0001539408866995074,False,False,False,False,False
ATP1B2,0.0003078817733990148,0.0,0.0001539408866995074,False,False,False,False,False
CD37,0.0003078817733990148,0.0,0.0001539408866995074,False,False,False,False,False
UST,0.0003078817733990148,0.0,0.0001539408866995074,False,False,False,False,False
TSPAN5,0.0003078817733990148,0.0,0.0001539408866995074,False,False,False,False,False
GID4,0.0003078817733990148,0.0,0.0001539408866995074,False,False,False,False,False
KCNH4,0.0003078817733990148,0.0,0.0001539408866995074,False,False,False,False,False
CORO2B,0.0003078817733990148,0.0,0.0001539408866995074,False,False,False,False,False
RAB2B,0.0003078817733990148,0.0,0.0001539408866995074,False,False,False,False,False
FAM172A,0.0003078817733990148,0.0,0.0001539408866995074,False,False,False,False,False
QPRT,0.0003078817733990148,0.0,0.0001539408866995074,False,False,False,False,False
BTN3A3,0.0003078817733990148,0.0,0.0001539408866995074,False,False,False,False,False
BPNT1,0.0003078817733990148,0.0,0.0001539408866995074,False,False,False,False,False
ZNF281,0.0003078817733990148,0.0,0.0001539408866995074,False,False,False,False,False
DSCR3,0.0003078817733990148,0.0,0.0001539408866995074,False,False,False,False,False
TSPAN15,0.0003078817733990148,0.0,0.0001539408866995074,False,False,False,False,False
LRRC17,0.0003078817733990148,0.0,0.0001539408866995074,False,False,False,False,False
MSLN,0.0003078817733990148,0.0,0.0001539408866995074,False,False,False,False,False
MBNL2,0.0003078817733990148,0.0,0.0001539408866995074,False,False,False,False,False
CTC1,0.0003078817733990148,0.0,0.0001539408866995074,False,False,False,False,False
QSER1,0.0003078817733990148,0.0,0.0001539408866995074,False,False,False,False,False
HIPK3,0.0003078817733990148,0.0,0.0001539408866995074,False,False,False,False,False
TRIM29,0.0003078817733990148,0.0,0.0001539408866995074,False,False,False,False,False
IPO9,0.0003078817733990148,0.0,0.0001539408866995074,False,False,False,False,False
CXorf58,0.0003078817733990148,0.0,0.0001539408866995074,False,False,False,False,False
DMXL1,0.0003078817733990148,0.0,0.0001539408866995074,False,False,False,False,False
ETV1,0.0003078817733990148,0.0,0.0001539408866995074,False,False,False,False,False
EFHD2,0.0003078817733990148,0.0,0.0001539408866995074,False,False,False,False,False
CRTAM,0.0003078817733990148,0.0,0.0001539408866995074,False,False,False,False,False
ANKRD9,0.0003078817733990148,0.0,0.0001539408866995074,False,False,False,False,False
ATP13A3,0.0003078817733990148,0.0,0.0001539408866995074,False,False,False,False,False
PLEKHA4,0.0003078817733990148,0.0,0.0001539408866995074,False,False,False,False,False
SLPI,0.0003078817733990148,0.0,0.0001539408866995074,False,False,False,False,False
LMOD3,0.0003078817733990148,0.0,0.0001539408866995074,False,False,False,False,False
VKORC1L1,0.0003078817733990148,0.0,0.0001539408866995074,False,False,False,False,False
PITPNM3,0.0003078817733990148,0.0,0.0001539408866995074,False,False,False,False,False
DFFB,0.0003078817733990148,0.0,0.0001539408866995074,False,False,False,False,False
GRPEL2,0.0003078817733990148,0.0,0.0001539408866995074,False,False,False,False,False
SLC25A1,0.0003078817733990148,0.0,0.0001539408866995074,False,False,False,False,False
SLC17A1,0.0003078817733990148,0.0,0.0001539408866995074,False,False,False,False,False
TAOK1,0.0003078817733990148,0.0,0.0001539408866995074,False,False,False,False,False
ANGEL2,0.0003078817733990148,0.0,0.0001539408866995074,False,False,False,False,False
PLEKHA1,0.0003078817733990148,0.0,0.0001539408866995074,False,False,False,False,False
GRHL3,0.0003078817733990148,0.0,0.0001539408866995074,False,False,False,False,False
LMO3,0.0003078817733990148,0.0,0.0001539408866995074,False,False,False,False,False
GABRQ,0.0003078817733990148,0.0,0.0001539408866995074,False,False,False,False,False
PLEKHB1,0.0003078817733990148,0.0,0.0001539408866995074,False,False,False,False,False
GSDMB,0.0003078817733990148,0.0,0.0001539408866995074,False,False,False,False,False
TECTB,0.0003078817733990148,0.0,0.0001539408866995074,False,False,False,False,False
SLC5A4,0.0003078817733990148,0.0,0.0001539408866995074,False,False,False,False,False
CSGALNACT1,0.0003078817733990148,0.0,0.0001539408866995074,False,False,False,False,False
LMBRD1,0.0003078817733990148,0.0,0.0001539408866995074,False,False,False,False,False
FGD6,0.0003078817733990148,0.0,0.0001539408866995074,False,False,False,False,False
SLC5A3,0.0003078817733990148,0.0,0.0001539408866995074,False,False,False,False,False
CHMP3,0.0003078817733990148,0.0,0.0001539408866995074,False,False,False,False,False
TMEM8A,0.0003078817733990148,0.0,0.0001539408866995074,False,False,False,False,False
NTN4,0.0003078817733990148,0.0,0.0001539408866995074,False,False,False,False,False
TACR3,0.0003078817733990148,0.0,0.0001539408866995074,False,False,False,False,False
TACR2,0.0003078817733990148,0.0,0.0001539408866995074,False,False,False,False,False
PLEKHA3,0.0003078817733990148,0.0,0.0001539408866995074,False,False,False,False,False
ZFP36L2,0.0003078817733990148,0.0,0.0001539408866995074,False,False,False,False,False
ANKRD50,0.0003078817733990148,0.0,0.0001539408866995074,False,False,False,False,False
ZMIZ1,0.0003078817733990148,0.0,0.0001539408866995074,False,False,False,False,False
EMX2,0.0003078817733990148,0.0,0.0001539408866995074,False,False,False,False,False
RALGAPA2,0.0003078817733990148,0.0,0.0001539408866995074,False,False,False,False,False
VN1R1,0.0003078817733990148,0.0,0.0001539408866995074,False,False,False,False,False
ATP10A,0.0003078817733990148,0.0,0.0001539408866995074,False,False,False,False,False
TULP4,0.0003078817733990148,0.0,0.0001539408866995074,False,False,False,False,False
ATP8B2,0.0003078817733990148,0.0,0.0001539408866995074,False,False,False,False,False
SP4,0.0003078817733990148,0.0,0.0001539408866995074,False,False,False,False,False
SOX5,0.0003078817733990148,0.0,0.0001539408866995074,False,False,False,False,False
PPM1H,0.0003078817733990148,0.0,0.0001539408866995074,False,False,False,False,False
MAP4,0.0003078817733990148,0.0,0.0001539408866995074,False,False,False,False,False
KIAA1328,0.0003078817733990148,0.0,0.0001539408866995074,False,False,False,False,False
KLHL14,0.0003078817733990148,0.0,0.0001539408866995074,False,False,False,False,False
LHX9,0.0003078817733990148,0.0,0.0001539408866995074,False,False,False,False,False
EMP1,0.0003078817733990148,0.0,0.0001539408866995074,False,False,False,False,False
FAM120C,0.0003078817733990148,0.0,0.0001539408866995074,False,False,False,False,False
SERPINB1,0.0003078817733990148,0.0,0.0001539408866995074,False,False,False,False,False
HARBI1,0.0003078817733990148,0.0,0.0001539408866995074,False,False,False,False,False
ARHGAP21,0.0003078817733990148,0.0,0.0001539408866995074,False,False,False,False,False
SPIRE1,0.0003078817733990148,0.0,0.0001539408866995074,False,False,False,False,False
NDUFA4L2,0.0003078817733990148,0.0,0.0001539408866995074,False,False,False,False,False
C8orf4,0.0003078817733990148,0.0,0.0001539408866995074,False,False,False,False,False
SHROOM3,0.0003078817733990148,0.0,0.0001539408866995074,False,False,False,False,False
SVIL,0.0003078817733990148,0.0,0.0001539408866995074,False,False,False,False,False
LRRN1,0.0003078817733990148,0.0,0.0001539408866995074,False,False,False,False,False
CCDC146,0.0003078817733990148,0.0,0.0001539408866995074,False,False,False,False,False
CDC14B,0.0003078817733990148,0.0,0.0001539408866995074,False,False,False,False,False
FMN2,0.0003078817733990148,0.0,0.0001539408866995074,False,False,False,False,False
ANGPT4,0.0003078817733990148,0.0,0.0001539408866995074,False,False,False,False,False
REXO1,0.0003078817733990148,0.0,0.0001539408866995074,False,False,False,False,False
NLRP2,0.0003078817733990148,0.0,0.0001539408866995074,False,False,False,False,False
EMID1,0.0003078817733990148,0.0,0.0001539408866995074,False,False,False,False,False
BACH2,0.0003078817733990148,0.0,0.0001539408866995074,False,False,False,False,False
SLC1A4,0.0003078817733990148,0.0,0.0001539408866995074,False,False,False,False,False
SLC22A15,0.0003078817733990148,0.0,0.0001539408866995074,False,False,False,False,False
C1orf106,0.0003078817733990148,0.0,0.0001539408866995074,False,False,False,False,False
TMEM63B,0.0003078817733990148,0.0,0.0001539408866995074,False,False,False,False,False
DIO1,0.0003078817733990148,0.0,0.0001539408866995074,False,False,False,False,False
BARHL1,0.0003078817733990148,0.0,0.0001539408866995074,False,False,False,False,False
SUSD1,0.0003078817733990148,0.0,0.0001539408866995074,False,False,False,False,False
MAZ,0.0003078817733990148,0.0,0.0001539408866995074,False,False,False,False,False
PMEPA1,0.0003078817733990148,0.0,0.0001539408866995074,False,False,False,False,False
DHX32,0.0003078817733990148,0.0,0.0001539408866995074,False,False,False,False,False
TBC1D22B,0.0003078817733990148,0.0,0.0001539408866995074,False,False,False,False,False
PPP1R9A,0.0003078817733990148,0.0,0.0001539408866995074,False,False,False,False,False
DNAH3,0.0003078817733990148,0.0,0.0001539408866995074,False,False,False,False,False
ANO3,0.0003078817733990148,0.0,0.0001539408866995074,False,False,False,False,False
DSC2,0.0003078817733990148,0.0,0.0001539408866995074,False,False,False,False,False
EXTL3,0.0003078817733990148,0.0,0.0001539408866995074,False,False,False,False,False
PRRG4,0.0003078817733990148,0.0,0.0001539408866995074,False,False,False,False,False
ZNF850,0.0,0.0,0.0,False,False,False,False,False
RASGEF1C,0.0,0.0,0.0,False,False,False,False,False
ZNF662,0.0,0.0,0.0,False,False,False,False,False
PCDHA6,0.0,0.0,0.0,False,False,False,False,False
ZNF678,0.0,0.0,0.0,False,False,False,False,False
FAM89A,0.0,0.0,0.0,False,False,False,False,False
KLHL17,0.0,0.0,0.0,False,False,False,False,False
CAND1,0.0,0.0,0.0,False,False,False,False,False
PCNX4,0.0,0.0,0.0,False,False,False,False,False
PRSS53,0.0,0.0,0.0,False,False,False,False,False
FAM160B2,0.0,0.0,0.0,False,False,False,False,False
SRPK2,0.0,0.0,0.0,False,False,False,False,False
CFAP65,0.0,0.0,0.0,False,False,False,False,False
FAM151A,0.0,0.0,0.0,False,False,False,False,False
CCDC83,0.0,0.0,0.0,False,False,False,False,False
PGBD4,0.0,0.0,0.0,False,False,False,False,False
NAPSB,0.0,0.0,0.0,False,False,False,False,False
CDRT15L2,0.0,0.0,0.0,False,False,False,False,False
LURAP1L,0.0,0.0,0.0,False,False,False,False,False
ILDR1,0.0,0.0,0.0,False,False,False,False,False
DUS2,0.0,0.0,0.0,False,False,False,False,False
SREK1IP1,0.0,0.0,0.0,False,False,False,False,False
RUNDC1,0.0,0.0,0.0,False,False,False,False,False
TMEM70,0.0,0.0,0.0,False,False,False,False,False
NLRP14,0.0,0.0,0.0,False,False,False,False,False
TTC6,0.0,0.0,0.0,False,False,False,False,False
RAB37,0.0,0.0,0.0,False,False,False,False,False
ZNF793,0.0,0.0,0.0,False,False,False,False,False
ARHGAP22,0.0,0.0,0.0,False,False,False,False,False
NLRP10,0.0,0.0,0.0,False,False,False,False,False
ZNF525,0.0,0.0,0.0,False,False,False,False,False
TMEM109,0.0,0.0,0.0,False,False,False,False,False
ZFP69,0.0,0.0,0.0,False,False,False,False,False
ZNF195,0.0,0.0,0.0,False,False,False,False,False
TEX33,0.0,0.0,0.0,False,False,False,False,False
FAM131C,0.0,0.0,0.0,False,False,False,False,False
NAXD,0.0,0.0,0.0,False,False,False,False,False
PURB,0.0,0.0,0.0,False,False,False,False,False
TMEM2,0.0,0.0,0.0,False,False,False,False,False
CBWD1,0.0,0.0,0.0,False,False,False,False,False
ZFP64,0.0,0.0,0.0,False,False,False,False,False
TROVE2,0.0,0.0,0.0,False,False,False,False,False
ZNF101,0.0,0.0,0.0,False,False,False,False,False
SERINC2,0.0,0.0,0.0,False,False,False,False,False
TBC1D28,0.0,0.0,0.0,False,False,False,False,False
CREBZF,0.0,0.0,0.0,False,False,False,False,False
WDR86,0.0,0.0,0.0,False,False,False,False,False
ZNF280C,0.0,0.0,0.0,False,False,False,False,False
CD200,0.0,0.0,0.0,False,False,False,False,False
NBPF8,0.0,0.0,0.0,False,False,False,False,False
C6orf58,0.0,0.0,0.0,False,False,False,False,False
SELENOS,0.0,0.0,0.0,False,False,False,False,False
KAAG1,0.0,0.0,0.0,False,False,False,False,False
CASTOR2,0.0,0.0,0.0,False,False,False,False,False
TMEM184C,0.0,0.0,0.0,False,False,False,False,False
PROP1,0.0,0.0,0.0,False,False,False,False,False
FOXN3,0.0,0.0,0.0,False,False,False,False,False
KCNT2,0.0,0.0,0.0,False,False,False,False,False
GJB7,0.0,0.0,0.0,False,False,False,False,False
H1FX-AS1,0.0,0.0,0.0,False,False,False,False,False
FOXC1,0.0,0.0,0.0,False,False,False,False,False
ARSI,0.0,0.0,0.0,False,False,False,False,False
TREML3P,0.0,0.0,0.0,False,False,False,False,False
MCRIP2,0.0,0.0,0.0,False,False,False,False,False
FAM229B,0.0,0.0,0.0,False,False,False,False,False
GPR89A,0.0,0.0,0.0,False,False,False,False,False
FAM46A,0.0,0.0,0.0,False,False,False,False,False
C5orf46,0.0,0.0,0.0,False,False,False,False,False
BEX5,0.0,0.0,0.0,False,False,False,False,False
GOLGA6A,0.0,0.0,0.0,False,False,False,False,False
CBS,0.0,0.0,0.0,False,False,False,False,False
ZKSCAN2,0.0,0.0,0.0,False,False,False,False,False
SMTNL2,0.0,0.0,0.0,False,False,False,False,False
YIPF4,0.0,0.0,0.0,False,False,False,False,False
ART4,0.0,0.0,0.0,False,False,False,False,False
CBWD5,0.0,0.0,0.0,False,False,False,False,False
GFOD2,0.0,0.0,0.0,False,False,False,False,False
GLIPR1L2,0.0,0.0,0.0,False,False,False,False,False
OR51B5,0.0,0.0,0.0,False,False,False,False,False
ZNF843,0.0,0.0,0.0,False,False,False,False,False
PRSS21,0.0,0.0,0.0,False,False,False,False,False
HID1,0.0,0.0,0.0,False,False,False,False,False
GDF5OS,0.0,0.0,0.0,False,False,False,False,False
FEM1B,0.0,0.0,0.0,False,False,False,False,False
SEC14L3,0.0,0.0,0.0,False,False,False,False,False
TMC5,0.0,0.0,0.0,False,False,False,False,False
ASB16,0.0,0.0,0.0,False,False,False,False,False
GPR89B,0.0,0.0,0.0,False,False,False,False,False
WFDC11,0.0,0.0,0.0,False,False,False,False,False
VMO1,0.0,0.0,0.0,False,False,False,False,False
ZNF556,0.0,0.0,0.0,False,False,False,False,False
LINC00324,0.0,0.0,0.0,False,False,False,False,False
ZMYM1,0.0,0.0,0.0,False,False,False,False,False
MEIS3P2,0.0,0.0,0.0,False,False,False,False,False
C17orf78,0.0,0.0,0.0,False,False,False,False,False
NXPE3,0.0,0.0,0.0,False,False,False,False,False
C16orf54,0.0,0.0,0.0,False,False,False,False,False
OR8G7P,0.0,0.0,0.0,False,False,False,False,False
NUTM1,0.0,0.0,0.0,False,False,False,False,False
IPP,0.0,0.0,0.0,False,False,False,False,False
OTOGL,0.0,0.0,0.0,False,False,False,False,False
LRCH1,0.0,0.0,0.0,False,False,False,False,False
KIF1B,0.0,0.0,0.0,False,False,False,False,False
HECTD4,0.0,0.0,0.0,False,False,False,False,False
OR8D2,0.0,0.0,0.0,False,False,False,False,False
C12orf40,0.0,0.0,0.0,False,False,False,False,False
FAM168B,0.0,0.0,0.0,False,False,False,False,False
SFXN1,0.0,0.0,0.0,False,False,False,False,False
SLC35F1,0.0,0.0,0.0,False,False,False,False,False
ZNF121,0.0,0.0,0.0,False,False,False,False,False
TMPRSS12,0.0,0.0,0.0,False,False,False,False,False
JAKMIP3,0.0,0.0,0.0,False,False,False,False,False
TNFAIP8L2,0.0,0.0,0.0,False,False,False,False,False
SLC46A3,0.0,0.0,0.0,False,False,False,False,False
ZNF415,0.0,0.0,0.0,False,False,False,False,False
PROX2,0.0,0.0,0.0,False,False,False,False,False
C14orf178,0.0,0.0,0.0,False,False,False,False,False
RASL10B,0.0,0.0,0.0,False,False,False,False,False
ARGFX,0.0,0.0,0.0,False,False,False,False,False
ZNF117,0.0,0.0,0.0,False,False,False,False,False
KIR3DX1,0.0,0.0,0.0,False,False,False,False,False
ZNF660,0.0,0.0,0.0,False,False,False,False,False
TRIM4,0.0,0.0,0.0,False,False,False,False,False
GSG1,0.0,0.0,0.0,False,False,False,False,False
KIAA0825,0.0,0.0,0.0,False,False,False,False,False
GAREM2,0.0,0.0,0.0,False,False,False,False,False
LINC00174,0.0,0.0,0.0,False,False,False,False,False
LSMEM1,0.0,0.0,0.0,False,False,False,False,False
RNF214,0.0,0.0,0.0,False,False,False,False,False
ZNF252P,0.0,0.0,0.0,False,False,False,False,False
KIAA1755,0.0,0.0,0.0,False,False,False,False,False
VMP1,0.0,0.0,0.0,False,False,False,False,False
C8orf31,0.0,0.0,0.0,False,False,False,False,False
KLHL35,0.0,0.0,0.0,False,False,False,False,False
HEATR9,0.0,0.0,0.0,False,False,False,False,False
ZFP41,0.0,0.0,0.0,False,False,False,False,False
ZNF844,0.0,0.0,0.0,False,False,False,False,False
PRR7,0.0,0.0,0.0,False,False,False,False,False
IGSF10,0.0,0.0,0.0,False,False,False,False,False
RGPD4,0.0,0.0,0.0,False,False,False,False,False
DNAJC5G,0.0,0.0,0.0,False,False,False,False,False
LINC00319,0.0,0.0,0.0,False,False,False,False,False
TMED4,0.0,0.0,0.0,False,False,False,False,False
MIR7-3HG,0.0,0.0,0.0,False,False,False,False,False
SLC25A41,0.0,0.0,0.0,False,False,False,False,False
PNPO,0.0,0.0,0.0,False,False,False,False,False
LRTM1,0.0,0.0,0.0,False,False,False,False,False
TIMM29,0.0,0.0,0.0,False,False,False,False,False
C20orf197,0.0,0.0,0.0,False,False,False,False,False
ZNF30,0.0,0.0,0.0,False,False,False,False,False
FBXL16,0.0,0.0,0.0,False,False,False,False,False
SEC14L4,0.0,0.0,0.0,False,False,False,False,False
TMEM37,0.0,0.0,0.0,False,False,False,False,False
PPDPF,0.0,0.0,0.0,False,False,False,False,False
SH2D6,0.0,0.0,0.0,False,False,False,False,False
KLHL34,0.0,0.0,0.0,False,False,False,False,False
ZYG11A,0.0,0.0,0.0,False,False,False,False,False
CCDC141,0.0,0.0,0.0,False,False,False,False,False
RIIAD1,0.0,0.0,0.0,False,False,False,False,False
DNAJC27,0.0,0.0,0.0,False,False,False,False,False
ZNF677,0.0,0.0,0.0,False,False,False,False,False
GRIK1-AS1,0.0,0.0,0.0,False,False,False,False,False
TWF1P1,0.0,0.0,0.0,False,False,False,False,False
ZNF268,0.0,0.0,0.0,False,False,False,False,False
RASAL1,0.0,0.0,0.0,False,False,False,False,False
TRPC5OS,0.0,0.0,0.0,False,False,False,False,False
ZNF605,0.0,0.0,0.0,False,False,False,False,False
ACOT6,0.0,0.0,0.0,False,False,False,False,False
FAM110C,0.0,0.0,0.0,False,False,False,False,False
AKAIN1,0.0,0.0,0.0,False,False,False,False,False
FAM196A,0.0,0.0,0.0,False,False,False,False,False
ETV7,0.0,0.0,0.0,False,False,False,False,False
ZC3H11B,0.0,0.0,0.0,False,False,False,False,False
ASPG,0.0,0.0,0.0,False,False,False,False,False
ZNF862,0.0,0.0,0.0,False,False,False,False,False
WASF4P,0.0,0.0,0.0,False,False,False,False,False
C15orf56,0.0,0.0,0.0,False,False,False,False,False
NR6A1,0.0,0.0,0.0,False,False,False,False,False
NEK8,0.0,0.0,0.0,False,False,False,False,False
ZNF208,0.0,0.0,0.0,False,False,False,False,False
LINGO3,0.0,0.0,0.0,False,False,False,False,False
ADORA2A-AS1,0.0,0.0,0.0,False,False,False,False,False
HRCT1,0.0,0.0,0.0,False,False,False,False,False
TMEM239,0.0,0.0,0.0,False,False,False,False,False
C1orf134,0.0,0.0,0.0,False,False,False,False,False
LINC00862,0.0,0.0,0.0,False,False,False,False,False
IGIP,0.0,0.0,0.0,False,False,False,False,False
BPY2C,0.0,0.0,0.0,False,False,False,False,False
GOLGA8B,0.0,0.0,0.0,False,False,False,False,False
P3H4,0.0,0.0,0.0,False,False,False,False,False
TM9SF1,0.0,0.0,0.0,False,False,False,False,False
GOLGA6L9,0.0,0.0,0.0,False,False,False,False,False
FAT2,0.0,0.0,0.0,False,False,False,False,False
TTLL13P,0.0,0.0,0.0,False,False,False,False,False
ODF3B,0.0,0.0,0.0,False,False,False,False,False
GALK2,0.0,0.0,0.0,False,False,False,False,False
HINFP,0.0,0.0,0.0,False,False,False,False,False
FPGT-TNNI3K,0.0,0.0,0.0,False,False,False,False,False
TLK1,0.0,0.0,0.0,False,False,False,False,False
BORCS7,0.0,0.0,0.0,False,False,False,False,False
KIAA0100,0.0,0.0,0.0,False,False,False,False,False
OR2J1,0.0,0.0,0.0,False,False,False,False,False
OR2J3,0.0,0.0,0.0,False,False,False,False,False
FAM47C,0.0,0.0,0.0,False,False,False,False,False
HHLA2,0.0,0.0,0.0,False,False,False,False,False
LRRC3C,0.0,0.0,0.0,False,False,False,False,False
BPY2B,0.0,0.0,0.0,False,False,False,False,False
ORMDL2,0.0,0.0,0.0,False,False,False,False,False
CEP57,0.0,0.0,0.0,False,False,False,False,False
C6orf132,0.0,0.0,0.0,False,False,False,False,False
SRGAP2C,0.0,0.0,0.0,False,False,False,False,False
RGPD3,0.0,0.0,0.0,False,False,False,False,False
ZNF468,0.0,0.0,0.0,False,False,False,False,False
NUTM2B,0.0,0.0,0.0,False,False,False,False,False
PLIN4,0.0,0.0,0.0,False,False,False,False,False
DPP8,0.0,0.0,0.0,False,False,False,False,False
GAGE2D,0.0,0.0,0.0,False,False,False,False,False
GAGE12B,0.0,0.0,0.0,False,False,False,False,False
GAGE12E,0.0,0.0,0.0,False,False,False,False,False
GAGE12H,0.0,0.0,0.0,False,False,False,False,False
ABCC12,0.0,0.0,0.0,False,False,False,False,False
ZNF585B,0.0,0.0,0.0,False,False,False,False,False
PRAMEF14,0.0,0.0,0.0,False,False,False,False,False
NPTX1,0.0,0.0,0.0,False,False,False,False,False
SRRM2-AS1,0.0,0.0,0.0,False,False,False,False,False
SNORD114-10,0.0,0.0,0.0,False,False,False,False,False
LAYN,0.0,0.0,0.0,False,False,False,False,False
MIR769,0.0,0.0,0.0,False,False,False,False,False
MTAP,0.0,0.0,0.0,False,False,False,False,False
TVP23A,0.0,0.0,0.0,False,False,False,False,False
MINDY1,0.0,0.0,0.0,False,False,False,False,False
C19orf47,0.0,0.0,0.0,False,False,False,False,False
SNORD116-21,0.0,0.0,0.0,False,False,False,False,False
TMEM170B,0.0,0.0,0.0,False,False,False,False,False
SLC25A46,0.0,0.0,0.0,False,False,False,False,False
ZNF813,0.0,0.0,0.0,False,False,False,False,False
LIX1L,0.0,0.0,0.0,False,False,False,False,False
CCDC30,0.0,0.0,0.0,False,False,False,False,False
RSBN1L,0.0,0.0,0.0,False,False,False,False,False
GOLGA6C,0.0,0.0,0.0,False,False,False,False,False
RASA4B,0.0,0.0,0.0,False,False,False,False,False
C17orf99,0.0,0.0,0.0,False,False,False,False,False
GAGE12D,0.0,0.0,0.0,False,False,False,False,False
CD300LD,0.0,0.0,0.0,False,False,False,False,False
SRPRA,0.0,0.0,0.0,False,False,False,False,False
LINC01545,0.0,0.0,0.0,False,False,False,False,False
TSTD1,0.0,0.0,0.0,False,False,False,False,False
RGPD8,0.0,0.0,0.0,False,False,False,False,False
DENND6A,0.0,0.0,0.0,False,False,False,False,False
MROH1,0.0,0.0,0.0,False,False,False,False,False
NUTM2A,0.0,0.0,0.0,False,False,False,False,False
NUTM2D,0.0,0.0,0.0,False,False,False,False,False
MTFR1,0.0,0.0,0.0,False,False,False,False,False
RREB1,0.0,0.0,0.0,False,False,False,False,False
ATP13A4,0.0,0.0,0.0,False,False,False,False,False
OPN1MW2,0.0,0.0,0.0,False,False,False,False,False
HDHD5-AS1,0.0,0.0,0.0,False,False,False,False,False
CNTNAP3B,0.0,0.0,0.0,False,False,False,False,False
FAM236A,0.0,0.0,0.0,False,False,False,False,False
CCDC88C,0.0,0.0,0.0,False,False,False,False,False
CCDC196,0.0,0.0,0.0,False,False,False,False,False
TMEM41B,0.0,0.0,0.0,False,False,False,False,False
KRTAP10-12,0.0,0.0,0.0,False,False,False,False,False
SLC6A10P,0.0,0.0,0.0,False,False,False,False,False
ZNF215,0.0,0.0,0.0,False,False,False,False,False
CEP85L,0.0,0.0,0.0,False,False,False,False,False
ZNF322P1,0.0,0.0,0.0,False,False,False,False,False
GPR153,0.0,0.0,0.0,False,False,False,False,False
C10orf99,0.0,0.0,0.0,False,False,False,False,False
RASSF9,0.0,0.0,0.0,False,False,False,False,False
CC2D2B,0.0,0.0,0.0,False,False,False,False,False
TEX36,0.0,0.0,0.0,False,False,False,False,False
FAM99A,0.0,0.0,0.0,False,False,False,False,False
IGDCC3,0.0,0.0,0.0,False,False,False,False,False
NHLRC3,0.0,0.0,0.0,False,False,False,False,False
GRK3,0.0,0.0,0.0,False,False,False,False,False
ZNF584,0.0,0.0,0.0,False,False,False,False,False
GLTPD2,0.0,0.0,0.0,False,False,False,False,False
AGAP9,0.0,0.0,0.0,False,False,False,False,False
C17orf100,0.0,0.0,0.0,False,False,False,False,False
LRRC75A,0.0,0.0,0.0,False,False,False,False,False
FAM155B,0.0,0.0,0.0,False,False,False,False,False
AKIRIN1,0.0,0.0,0.0,False,False,False,False,False
YPEL2,0.0,0.0,0.0,False,False,False,False,False
KIAA1671,0.0,0.0,0.0,False,False,False,False,False
KRTAP10-2,0.0,0.0,0.0,False,False,False,False,False
ZNF790,0.0,0.0,0.0,False,False,False,False,False
KRTAP10-6,0.0,0.0,0.0,False,False,False,False,False
MAP3K21,0.0,0.0,0.0,False,False,False,False,False
EFCAB5,0.0,0.0,0.0,False,False,False,False,False
ZNF829,0.0,0.0,0.0,False,False,False,False,False
ZNF568,0.0,0.0,0.0,False,False,False,False,False
SMIM13,0.0,0.0,0.0,False,False,False,False,False
CLN8,0.0,0.0,0.0,False,False,False,False,False
ZNF708,0.0,0.0,0.0,False,False,False,False,False
TEX38,0.0,0.0,0.0,False,False,False,False,False
PQLC2,0.0,0.0,0.0,False,False,False,False,False
RBM43,0.0,0.0,0.0,False,False,False,False,False
TRIM73,0.0,0.0,0.0,False,False,False,False,False
VSIG10,0.0,0.0,0.0,False,False,False,False,False
ZNF70,0.0,0.0,0.0,False,False,False,False,False
RNF138,0.0,0.0,0.0,False,False,False,False,False
AMZ2,0.0,0.0,0.0,False,False,False,False,False
API5,0.0,0.0,0.0,False,False,False,False,False
TRIM74,0.0,0.0,0.0,False,False,False,False,False
RBMY1D,0.0,0.0,0.0,False,False,False,False,False
FOXJ2,0.0,0.0,0.0,False,False,False,False,False
FLYWCH2,0.0,0.0,0.0,False,False,False,False,False
KRTAP10-4,0.0,0.0,0.0,False,False,False,False,False
BTBD17,0.0,0.0,0.0,False,False,False,False,False
FLG2,0.0,0.0,0.0,False,False,False,False,False
ABHD15,0.0,0.0,0.0,False,False,False,False,False
LCNL1,0.0,0.0,0.0,False,False,False,False,False
ZNF846,0.0,0.0,0.0,False,False,False,False,False
BAHD1,0.0,0.0,0.0,False,False,False,False,False
CUEDC1,0.0,0.0,0.0,False,False,False,False,False
HIC2,0.0,0.0,0.0,False,False,False,False,False
CTXN1,0.0,0.0,0.0,False,False,False,False,False
C6orf201,0.0,0.0,0.0,False,False,False,False,False
KIAA1456,0.0,0.0,0.0,False,False,False,False,False
MIR124-2,0.0,0.0,0.0,False,False,False,False,False
RNU6-82P,0.0,0.0,0.0,False,False,False,False,False
PRORY,0.0,0.0,0.0,False,False,False,False,False
MIR143,0.0,0.0,0.0,False,False,False,False,False
C9orf64,0.0,0.0,0.0,False,False,False,False,False
MIR192,0.0,0.0,0.0,False,False,False,False,False
ZNF487,0.0,0.0,0.0,False,False,False,False,False
MIR194-2,0.0,0.0,0.0,False,False,False,False,False
MIR30C2,0.0,0.0,0.0,False,False,False,False,False
MIR34C,0.0,0.0,0.0,False,False,False,False,False
FNDC9,0.0,0.0,0.0,False,False,False,False,False
RTN4RL1,0.0,0.0,0.0,False,False,False,False,False
CLVS2,0.0,0.0,0.0,False,False,False,False,False
DENND6B,0.0,0.0,0.0,False,False,False,False,False
XKRX,0.0,0.0,0.0,False,False,False,False,False
SRSF10,0.0,0.0,0.0,False,False,False,False,False
FMO6P,0.0,0.0,0.0,False,False,False,False,False
CRISP1,0.0,0.0,0.0,False,False,False,False,False
C2orf81,0.0,0.0,0.0,False,False,False,False,False
ARHGEF37,0.0,0.0,0.0,False,False,False,False,False
FAM32A,0.0,0.0,0.0,False,False,False,False,False
IYD,0.0,0.0,0.0,False,False,False,False,False
NSL1,0.0,0.0,0.0,False,False,False,False,False
PAGE2B,0.0,0.0,0.0,False,False,False,False,False
ZCCHC13,0.0,0.0,0.0,False,False,False,False,False
OR8B3,0.0,0.0,0.0,False,False,False,False,False
GTDC1,0.0,0.0,0.0,False,False,False,False,False
ANKRD20A11P,0.0,0.0,0.0,False,False,False,False,False
FAM102A,0.0,0.0,0.0,False,False,False,False,False
SMCHD1,0.0,0.0,0.0,False,False,False,False,False
DNAJC16,0.0,0.0,0.0,False,False,False,False,False
AKAP17A,0.0,0.0,0.0,False,False,False,False,False
SIGLEC16,0.0,0.0,0.0,False,False,False,False,False
PRAMEF13,0.0,0.0,0.0,False,False,False,False,False
SPART,0.0,0.0,0.0,False,False,False,False,False
LINC00487,0.0,0.0,0.0,False,False,False,False,False
RGPD1,0.0,0.0,0.0,False,False,False,False,False
GMEB1,0.0,0.0,0.0,False,False,False,False,False
HACD4,0.0,0.0,0.0,False,False,False,False,False
FAHD1,0.0,0.0,0.0,False,False,False,False,False
PCSK4,0.0,0.0,0.0,False,False,False,False,False
CALHM5,0.0,0.0,0.0,False,False,False,False,False
ARHGAP45,0.0,0.0,0.0,False,False,False,False,False
ZNF451,0.0,0.0,0.0,False,False,False,False,False
PLEKHG3,0.0,0.0,0.0,False,False,False,False,False
TENM4,0.0,0.0,0.0,False,False,False,False,False
C2CD3,0.0,0.0,0.0,False,False,False,False,False
C20orf194,0.0,0.0,0.0,False,False,False,False,False
WHRN,0.0,0.0,0.0,False,False,False,False,False
FAM149A,0.0,0.0,0.0,False,False,False,False,False
TECPR1,0.0,0.0,0.0,False,False,False,False,False
ABTB2,0.0,0.0,0.0,False,False,False,False,False
RAB26,0.0,0.0,0.0,False,False,False,False,False
POM121L1P,0.0,0.0,0.0,False,False,False,False,False
TTLL1,0.0,0.0,0.0,False,False,False,False,False
FSCN2,0.0,0.0,0.0,False,False,False,False,False
HYPM,0.0,0.0,0.0,False,False,False,False,False
APOL2,0.0,0.0,0.0,False,False,False,False,False
TMEFF2,0.0,0.0,0.0,False,False,False,False,False
CA14,0.0,0.0,0.0,False,False,False,False,False
KCNE5,0.0,0.0,0.0,False,False,False,False,False
SH3BP1,0.0,0.0,0.0,False,False,False,False,False
PADI4,0.0,0.0,0.0,False,False,False,False,False
CDK20,0.0,0.0,0.0,False,False,False,False,False
TANC2,0.0,0.0,0.0,False,False,False,False,False
ZBTB20,0.0,0.0,0.0,False,False,False,False,False
GIMAP2,0.0,0.0,0.0,False,False,False,False,False
OR8B2,0.0,0.0,0.0,False,False,False,False,False
HCAR1,0.0,0.0,0.0,False,False,False,False,False
SIGLEC8,0.0,0.0,0.0,False,False,False,False,False
CPAMD8,0.0,0.0,0.0,False,False,False,False,False
ZBTB32,0.0,0.0,0.0,False,False,False,False,False
RNU1-1,0.0,0.0,0.0,False,False,False,False,False
RNU6-50P,0.0,0.0,0.0,False,False,False,False,False
GAGE2E,0.0,0.0,0.0,False,False,False,False,False
OR1J2,0.0,0.0,0.0,False,False,False,False,False
OR2W1,0.0,0.0,0.0,False,False,False,False,False
SRPK3,0.0,0.0,0.0,False,False,False,False,False
RGS22,0.0,0.0,0.0,False,False,False,False,False
OR10D1P,0.0,0.0,0.0,False,False,False,False,False
OR11A1,0.0,0.0,0.0,False,False,False,False,False
SLC17A5,0.0,0.0,0.0,False,False,False,False,False
OR5E1P,0.0,0.0,0.0,False,False,False,False,False
OR7A17,0.0,0.0,0.0,False,False,False,False,False
EHF,0.0,0.0,0.0,False,False,False,False,False
OR2L2,0.0,0.0,0.0,False,False,False,False,False
PITPNC1,0.0,0.0,0.0,False,False,False,False,False
OR1C1,0.0,0.0,0.0,False,False,False,False,False
MMD,0.0,0.0,0.0,False,False,False,False,False
BICRAL,0.0,0.0,0.0,False,False,False,False,False
ABCA8,0.0,0.0,0.0,False,False,False,False,False
NPTXR,0.0,0.0,0.0,False,False,False,False,False
CAPN11,0.0,0.0,0.0,False,False,False,False,False
BTN2A1,0.0,0.0,0.0,False,False,False,False,False
CNMD,0.0,0.0,0.0,False,False,False,False,False
ABHD2,0.0,0.0,0.0,False,False,False,False,False
ZPBP,0.0,0.0,0.0,False,False,False,False,False
LILRA3,0.0,0.0,0.0,False,False,False,False,False
KLK11,0.0,0.0,0.0,False,False,False,False,False
PNRC1,0.0,0.0,0.0,False,False,False,False,False
MAGED2,0.0,0.0,0.0,False,False,False,False,False
UTS2,0.0,0.0,0.0,False,False,False,False,False
TRAFD1,0.0,0.0,0.0,False,False,False,False,False
ACTL7A,0.0,0.0,0.0,False,False,False,False,False
FGL2,0.0,0.0,0.0,False,False,False,False,False
GJB6,0.0,0.0,0.0,False,False,False,False,False
ZNF460,0.0,0.0,0.0,False,False,False,False,False
SLC17A3,0.0,0.0,0.0,False,False,False,False,False
SLC12A7,0.0,0.0,0.0,False,False,False,False,False
TRIM3,0.0,0.0,0.0,False,False,False,False,False
TACC2,0.0,0.0,0.0,False,False,False,False,False
P3H3,0.0,0.0,0.0,False,False,False,False,False
C1orf61,0.0,0.0,0.0,False,False,False,False,False
TBC1D8,0.0,0.0,0.0,False,False,False,False,False
FILIP1L,0.0,0.0,0.0,False,False,False,False,False
KLF8,0.0,0.0,0.0,False,False,False,False,False
ZNF292,0.0,0.0,0.0,False,False,False,False,False
ABCA5,0.0,0.0,0.0,False,False,False,False,False
ABCB9,0.0,0.0,0.0,False,False,False,False,False
TNS2,0.0,0.0,0.0,False,False,False,False,False
FAM189A1,0.0,0.0,0.0,False,False,False,False,False
WASHC4,0.0,0.0,0.0,False,False,False,False,False
DNAJC13,0.0,0.0,0.0,False,False,False,False,False
SEL1L3,0.0,0.0,0.0,False,False,False,False,False
CMTR1,0.0,0.0,0.0,False,False,False,False,False
PDZD2,0.0,0.0,0.0,False,False,False,False,False
GOLGA8A,0.0,0.0,0.0,False,False,False,False,False
POU6F2,0.0,0.0,0.0,False,False,False,False,False
SORCS3,0.0,0.0,0.0,False,False,False,False,False
DIP2C,0.0,0.0,0.0,False,False,False,False,False
MMRN1,0.0,0.0,0.0,False,False,False,False,False
PPM1E,0.0,0.0,0.0,False,False,False,False,False
RNF44,0.0,0.0,0.0,False,False,False,False,False
NLGN4Y,0.0,0.0,0.0,False,False,False,False,False
RASA3,0.0,0.0,0.0,False,False,False,False,False
CLCA4,0.0,0.0,0.0,False,False,False,False,False
SCRG1,0.0,0.0,0.0,False,False,False,False,False
OXGR1,0.0,0.0,0.0,False,False,False,False,False
BHLHE22,0.0,0.0,0.0,False,False,False,False,False
SLCO4A1,0.0,0.0,0.0,False,False,False,False,False
IGHV1-69,0.0,0.0,0.0,False,False,False,False,False
SLC35A5,0.0,0.0,0.0,False,False,False,False,False
TUG1,0.0,0.0,0.0,False,False,False,False,False
RASIP1,0.0,0.0,0.0,False,False,False,False,False
FAM46C,0.0,0.0,0.0,False,False,False,False,False
WBP1L,0.0,0.0,0.0,False,False,False,False,False
NUP62CL,0.0,0.0,0.0,False,False,False,False,False
SWT1,0.0,0.0,0.0,False,False,False,False,False
ZNF280D,0.0,0.0,0.0,False,False,False,False,False
GIPC2,0.0,0.0,0.0,False,False,False,False,False
DCHS2,0.0,0.0,0.0,False,False,False,False,False
KLHDC4,0.0,0.0,0.0,False,False,False,False,False
FBLIM1,0.0,0.0,0.0,False,False,False,False,False
BTN2A3P,0.0,0.0,0.0,False,False,False,False,False
MANSC1,0.0,0.0,0.0,False,False,False,False,False
MINDY2,0.0,0.0,0.0,False,False,False,False,False
HES2,0.0,0.0,0.0,False,False,False,False,False
MXRA8,0.0,0.0,0.0,False,False,False,False,False
SCAND2P,0.0,0.0,0.0,False,False,False,False,False
RNF186,0.0,0.0,0.0,False,False,False,False,False
RBM47,0.0,0.0,0.0,False,False,False,False,False
ANKIB1,0.0,0.0,0.0,False,False,False,False,False
CRYBG2,0.0,0.0,0.0,False,False,False,False,False
SPATA6L,0.0,0.0,0.0,False,False,False,False,False
SLC52A1,0.0,0.0,0.0,False,False,False,False,False
LRRC36,0.0,0.0,0.0,False,False,False,False,False
ZNF334,0.0,0.0,0.0,False,False,False,False,False
RUFY2,0.0,0.0,0.0,False,False,False,False,False
BTBD2,0.0,0.0,0.0,False,False,False,False,False
G2E3,0.0,0.0,0.0,False,False,False,False,False
ZNF821,0.0,0.0,0.0,False,False,False,False,False
ASIC4,0.0,0.0,0.0,False,False,False,False,False
PPP4R1L,0.0,0.0,0.0,False,False,False,False,False
FBXL8,0.0,0.0,0.0,False,False,False,False,False
RNF121,0.0,0.0,0.0,False,False,False,False,False
TMEM140,0.0,0.0,0.0,False,False,False,False,False
SOBP,0.0,0.0,0.0,False,False,False,False,False
ZNF654,0.0,0.0,0.0,False,False,False,False,False
ELP2,0.0,0.0,0.0,False,False,False,False,False
KIRREL1,0.0,0.0,0.0,False,False,False,False,False
KIAA1551,0.0,0.0,0.0,False,False,False,False,False
KLHL11,0.0,0.0,0.0,False,False,False,False,False
C19orf73,0.0,0.0,0.0,False,False,False,False,False
RALGPS2,0.0,0.0,0.0,False,False,False,False,False
SLC38A4,0.0,0.0,0.0,False,False,False,False,False
CXorf57,0.0,0.0,0.0,False,False,False,False,False
FAM3B,0.0,0.0,0.0,False,False,False,False,False
PCBP3,0.0,0.0,0.0,False,False,False,False,False
SLC37A1,0.0,0.0,0.0,False,False,False,False,False
IGLV1-44,0.0,0.0,0.0,False,False,False,False,False
TBX22,0.0,0.0,0.0,False,False,False,False,False
VILL,0.0,0.0,0.0,False,False,False,False,False
SLC45A1,0.0,0.0,0.0,False,False,False,False,False
ANKRD11,0.0,0.0,0.0,False,False,False,False,False
C11orf54,0.0,0.0,0.0,False,False,False,False,False
SLC6A16,0.0,0.0,0.0,False,False,False,False,False
REM1,0.0,0.0,0.0,False,False,False,False,False
IGLC7,0.0,0.0,0.0,False,False,False,False,False
IGLV1-36,0.0,0.0,0.0,False,False,False,False,False
IGLV1-47,0.0,0.0,0.0,False,False,False,False,False
PLEKHA8P1,0.0,0.0,0.0,False,False,False,False,False
IGLV3-10,0.0,0.0,0.0,False,False,False,False,False
TRAV9-2,0.0,0.0,0.0,False,False,False,False,False
TRAV12-2,0.0,0.0,0.0,False,False,False,False,False
TRAV22,0.0,0.0,0.0,False,False,False,False,False
TRAV23DV6,0.0,0.0,0.0,False,False,False,False,False
TRAV39,0.0,0.0,0.0,False,False,False,False,False
TRBV7-3,0.0,0.0,0.0,False,False,False,False,False
TRDC,0.0,0.0,0.0,False,False,False,False,False
CDH19,0.0,0.0,0.0,False,False,False,False,False
ASCC1,0.0,0.0,0.0,False,False,False,False,False
KLHL5,0.0,0.0,0.0,False,False,False,False,False
GPR87,0.0,0.0,0.0,False,False,False,False,False
NSG2,0.0,0.0,0.0,False,False,False,False,False
FXYD4,0.0,0.0,0.0,False,False,False,False,False
LRP1B,0.0,0.0,0.0,False,False,False,False,False
SYT17,0.0,0.0,0.0,False,False,False,False,False
ERAP1,0.0,0.0,0.0,False,False,False,False,False
EMCN,0.0,0.0,0.0,False,False,False,False,False
ASB2,0.0,0.0,0.0,False,False,False,False,False
TPPP3,0.0,0.0,0.0,False,False,False,False,False
FKBP7,0.0,0.0,0.0,False,False,False,False,False
YPEL5,0.0,0.0,0.0,False,False,False,False,False
NT5DC3,0.0,0.0,0.0,False,False,False,False,False
PLLP,0.0,0.0,0.0,False,False,False,False,False
KLRF1,0.0,0.0,0.0,False,False,False,False,False
ZNF771,0.0,0.0,0.0,False,False,False,False,False
KRCC1,0.0,0.0,0.0,False,False,False,False,False
FAM198B,0.0,0.0,0.0,False,False,False,False,False
CEND1,0.0,0.0,0.0,False,False,False,False,False
KLF3,0.0,0.0,0.0,False,False,False,False,False
DRICH1,0.0,0.0,0.0,False,False,False,False,False
TCEAL9,0.0,0.0,0.0,False,False,False,False,False
ASB3,0.0,0.0,0.0,False,False,False,False,False
PRG3,0.0,0.0,0.0,False,False,False,False,False
SLC17A2,0.0,0.0,0.0,False,False,False,False,False
ZDHHC20,0.0,0.0,0.0,False,False,False,False,False
CCR4,0.0,0.0,0.0,False,False,False,False,False
GPR17,0.0,0.0,0.0,False,False,False,False,False
GNS,0.0,0.0,0.0,False,False,False,False,False
GLG1,0.0,0.0,0.0,False,False,False,False,False
GEM,0.0,0.0,0.0,False,False,False,False,False
GDF10,0.0,0.0,0.0,False,False,False,False,False
OPN1MW,0.0,0.0,0.0,False,False,False,False,False
LRRC32,0.0,0.0,0.0,False,False,False,False,False
GAGE2C,0.0,0.0,0.0,False,False,False,False,False
GABRP,0.0,0.0,0.0,False,False,False,False,False
FOXD2,0.0,0.0,0.0,False,False,False,False,False
FOXI1,0.0,0.0,0.0,False,False,False,False,False
VEGFD,0.0,0.0,0.0,False,False,False,False,False
ADGRE1,0.0,0.0,0.0,False,False,False,False,False
MEGF9,0.0,0.0,0.0,False,False,False,False,False
ECE1,0.0,0.0,0.0,False,False,False,False,False
DNASE1L3,0.0,0.0,0.0,False,False,False,False,False
DAP,0.0,0.0,0.0,False,False,False,False,False
CYP21A1P,0.0,0.0,0.0,False,False,False,False,False
CTSW,0.0,0.0,0.0,False,False,False,False,False
CST2,0.0,0.0,0.0,False,False,False,False,False
CRYBA2,0.0,0.0,0.0,False,False,False,False,False
GPR22,0.0,0.0,0.0,False,False,False,False,False
GPR34,0.0,0.0,0.0,False,False,False,False,False
CFHR2,0.0,0.0,0.0,False,False,False,False,False
ITIH1,0.0,0.0,0.0,False,False,False,False,False
MAGEB1,0.0,0.0,0.0,False,False,False,False,False
LYL1,0.0,0.0,0.0,False,False,False,False,False
LTK,0.0,0.0,0.0,False,False,False,False,False
LTBP2,0.0,0.0,0.0,False,False,False,False,False
LSAMP,0.0,0.0,0.0,False,False,False,False,False
LAIR2,0.0,0.0,0.0,False,False,False,False,False
KRT32,0.0,0.0,0.0,False,False,False,False,False
KRT4,0.0,0.0,0.0,False,False,False,False,False
KLRC3,0.0,0.0,0.0,False,False,False,False,False
IGLC3,0.0,0.0,0.0,False,False,False,False,False
FOXA3,0.0,0.0,0.0,False,False,False,False,False
IGLC2,0.0,0.0,0.0,False,False,False,False,False
IGLC1,0.0,0.0,0.0,False,False,False,False,False
IDUA,0.0,0.0,0.0,False,False,False,False,False
HRH2,0.0,0.0,0.0,False,False,False,False,False
AGFG2,0.0,0.0,0.0,False,False,False,False,False
HOXD3,0.0,0.0,0.0,False,False,False,False,False
HOXC6,0.0,0.0,0.0,False,False,False,False,False
HOXB3,0.0,0.0,0.0,False,False,False,False,False
HOXA2,0.0,0.0,0.0,False,False,False,False,False
CRIP2,0.0,0.0,0.0,False,False,False,False,False
CHI3L2,0.0,0.0,0.0,False,False,False,False,False
CD96,0.0,0.0,0.0,False,False,False,False,False
CEACAM3,0.0,0.0,0.0,False,False,False,False,False
RFFL,0.0,0.0,0.0,False,False,False,False,False
RFT1,0.0,0.0,0.0,False,False,False,False,False
MYPN,0.0,0.0,0.0,False,False,False,False,False
ZBTB37,0.0,0.0,0.0,False,False,False,False,False
ZNF394,0.0,0.0,0.0,False,False,False,False,False
APOL6,0.0,0.0,0.0,False,False,False,False,False
ABHD18,0.0,0.0,0.0,False,False,False,False,False
DCAKD,0.0,0.0,0.0,False,False,False,False,False
ZMAT4,0.0,0.0,0.0,False,False,False,False,False
PLEKHG2,0.0,0.0,0.0,False,False,False,False,False
FAM160B1,0.0,0.0,0.0,False,False,False,False,False
MEG3,0.0,0.0,0.0,False,False,False,False,False
C11orf24,0.0,0.0,0.0,False,False,False,False,False
PRELID1,0.0,0.0,0.0,False,False,False,False,False
Foxl2,0.0,0.0,0.0,False,False,False,False,False
PACS2,0.0,0.0,0.0,False,False,False,False,False
ARL6IP1,0.0,0.0,0.0,False,False,False,False,False
CCNI,0.0,0.0,0.0,False,False,False,False,False
IP6K1,0.0,0.0,0.0,False,False,False,False,False
TMEM59,0.0,0.0,0.0,False,False,False,False,False
TAGLN2,0.0,0.0,0.0,False,False,False,False,False
FAM213B,0.0,0.0,0.0,False,False,False,False,False
ZFP28,0.0,0.0,0.0,False,False,False,False,False
NFAM1,0.0,0.0,0.0,False,False,False,False,False
ADGRB3,0.0,0.0,0.0,False,False,False,False,False
CDX4,0.0,0.0,0.0,False,False,False,False,False
CDR1,0.0,0.0,0.0,False,False,False,False,False
CD24P4,0.0,0.0,0.0,False,False,False,False,False
CD5L,0.0,0.0,0.0,False,False,False,False,False
CA12,0.0,0.0,0.0,False,False,False,False,False
CA5A,0.0,0.0,0.0,False,False,False,False,False
CA3,0.0,0.0,0.0,False,False,False,False,False
LDLRAD4,0.0,0.0,0.0,False,False,False,False,False
BNC1,0.0,0.0,0.0,False,False,False,False,False
ASTN1,0.0,0.0,0.0,False,False,False,False,False
IBA57,0.0,0.0,0.0,False,False,False,False,False
ARSF,0.0,0.0,0.0,False,False,False,False,False
ARSA,0.0,0.0,0.0,False,False,False,False,False
AMELY,0.0,0.0,0.0,False,False,False,False,False
ADAM8,0.0,0.0,0.0,False,False,False,False,False
SERPINA3,0.0,0.0,0.0,False,False,False,False,False
RNF103-CHMP3,0.0,0.0,0.0,False,False,False,False,False
TXNRD3NB,0.0,0.0,0.0,False,False,False,False,False
ZNF704,0.0,0.0,0.0,False,False,False,False,False
SMIM14,0.0,0.0,0.0,False,False,False,False,False
MAN1A1,0.0,0.0,0.0,False,False,False,False,False
MANBA,0.0,0.0,0.0,False,False,False,False,False
AFDN,0.0,0.0,0.0,False,False,False,False,False
MN1,0.0,0.0,0.0,False,False,False,False,False
CPNE6,0.0,0.0,0.0,False,False,False,False,False
TAAR2,0.0,0.0,0.0,False,False,False,False,False
TSPOAP1,0.0,0.0,0.0,False,False,False,False,False
GPR50,0.0,0.0,0.0,False,False,False,False,False
CCPG1,0.0,0.0,0.0,False,False,False,False,False
SLC16A6,0.0,0.0,0.0,False,False,False,False,False
BPY2,0.0,0.0,0.0,False,False,False,False,False
PKD2L1,0.0,0.0,0.0,False,False,False,False,False
CLIC3,0.0,0.0,0.0,False,False,False,False,False
SKAP2,0.0,0.0,0.0,False,False,False,False,False
WISP3,0.0,0.0,0.0,False,False,False,False,False
TNFRSF10D,0.0,0.0,0.0,False,False,False,False,False
FPGT,0.0,0.0,0.0,False,False,False,False,False
SIGLEC5,0.0,0.0,0.0,False,False,False,False,False
NOL4,0.0,0.0,0.0,False,False,False,False,False
KRT38,0.0,0.0,0.0,False,False,False,False,False
UNC5C,0.0,0.0,0.0,False,False,False,False,False
PLPP3,0.0,0.0,0.0,False,False,False,False,False
KLF7,0.0,0.0,0.0,False,False,False,False,False
BARX2,0.0,0.0,0.0,False,False,False,False,False
NIPSNAP1,0.0,0.0,0.0,False,False,False,False,False
CD101,0.0,0.0,0.0,False,False,False,False,False
TMPRSS11D,0.0,0.0,0.0,False,False,False,False,False
THEMIS2,0.0,0.0,0.0,False,False,False,False,False
JAKMIP2,0.0,0.0,0.0,False,False,False,False,False
ATP9A,0.0,0.0,0.0,False,False,False,False,False
SH2D3A,0.0,0.0,0.0,False,False,False,False,False
NAALAD2,0.0,0.0,0.0,False,False,False,False,False
DOPEY2,0.0,0.0,0.0,False,False,False,False,False
TMCC2,0.0,0.0,0.0,False,False,False,False,False
SLC35E2,0.0,0.0,0.0,False,False,False,False,False
PLPPR4,0.0,0.0,0.0,False,False,False,False,False
TRANK1,0.0,0.0,0.0,False,False,False,False,False
ZNF518A,0.0,0.0,0.0,False,False,False,False,False
PHYHIP,0.0,0.0,0.0,False,False,False,False,False
SLC4A8,0.0,0.0,0.0,False,False,False,False,False
RNF144A,0.0,0.0,0.0,False,False,False,False,False
TMEM94,0.0,0.0,0.0,False,False,False,False,False
TBKBP1,0.0,0.0,0.0,False,False,False,False,False
PCDHGA8,0.0,0.0,0.0,False,False,False,False,False
MARF1,0.0,0.0,0.0,False,False,False,False,False
AATK,0.0,0.0,0.0,False,False,False,False,False
VPS9D1,0.0,0.0,0.0,False,False,False,False,False
OR1R1P,0.0,0.0,0.0,False,False,False,False,False
MYOT,0.0,0.0,0.0,False,False,False,False,False
LTBP4,0.0,0.0,0.0,False,False,False,False,False
KDM5D,0.0,0.0,0.0,False,False,False,False,False
ZKSCAN8,0.0,0.0,0.0,False,False,False,False,False
PNLIPRP2,0.0,0.0,0.0,False,False,False,False,False
RNU4-8P,0.0,0.0,0.0,False,False,False,False,False
RFX3,0.0,0.0,0.0,False,False,False,False,False
RFX2,0.0,0.0,0.0,False,False,False,False,False
RBMY1HP,0.0,0.0,0.0,False,False,False,False,False
NECTIN2,0.0,0.0,0.0,False,False,False,False,False
PTPRH,0.0,0.0,0.0,False,False,False,False,False
PRRG2,0.0,0.0,0.0,False,False,False,False,False
POU6F1,0.0,0.0,0.0,False,False,False,False,False
PON3,0.0,0.0,0.0,False,False,False,False,False
PLAGL2,0.0,0.0,0.0,False,False,False,False,False
S100A5,0.0,0.0,0.0,False,False,False,False,False
SERPINB10,0.0,0.0,0.0,False,False,False,False,False
SERPINB9,0.0,0.0,0.0,False,False,False,False,False
PEG3,0.0,0.0,0.0,False,False,False,False,False
PDE6H,0.0,0.0,0.0,False,False,False,False,False
PCDHGC3,0.0,0.0,0.0,False,False,False,False,False
PRKN,0.0,0.0,0.0,False,False,False,False,False
OVGP1,0.0,0.0,0.0,False,False,False,False,False
OR3A1,0.0,0.0,0.0,False,False,False,False,False
NTN3,0.0,0.0,0.0,False,False,False,False,False
RP1,0.0,0.0,0.0,False,False,False,False,False
SATB1,0.0,0.0,0.0,False,False,False,False,False
ZNF175,0.0,0.0,0.0,False,False,False,False,False
TRAV6,0.0,0.0,0.0,False,False,False,False,False
ZNF157,0.0,0.0,0.0,False,False,False,False,False
ZNF221,0.0,0.0,0.0,False,False,False,False,False
ZNF76,0.0,0.0,0.0,False,False,False,False,False
ZNF37A,0.0,0.0,0.0,False,False,False,False,False
ZNF35,0.0,0.0,0.0,False,False,False,False,False
CLIP2,0.0,0.0,0.0,False,False,False,False,False
TTC3,0.0,0.0,0.0,False,False,False,False,False
TNFAIP2,0.0,0.0,0.0,False,False,False,False,False
CLEC3B,0.0,0.0,0.0,False,False,False,False,False
TBX15,0.0,0.0,0.0,False,False,False,False,False
CLEC11A,0.0,0.0,0.0,False,False,False,False,False
SULT1C2,0.0,0.0,0.0,False,False,False,False,False
SNCG,0.0,0.0,0.0,False,False,False,False,False
SNCB,0.0,0.0,0.0,False,False,False,False,False
SLC22A2,0.0,0.0,0.0,False,False,False,False,False
SLC12A3,0.0,0.0,0.0,False,False,False,False,False
SLC6A9,0.0,0.0,0.0,False,False,False,False,False
SLC6A6,0.0,0.0,0.0,False,False,False,False,False
CCL14,0.0,0.0,0.0,False,False,False,False,False
SRL,0.0,0.0,0.0,False,False,False,False,False
ZNF83,0.0,0.0,0.0,False,False,False,False,False
TRERF1,0.0,0.0,0.0,False,False,False,False,False
GPRC5C,0.0,0.0,0.0,False,False,False,False,False
C20orf85,0.0,0.0,0.0,False,False,False,False,False
SRSF12,0.0,0.0,0.0,False,False,False,False,False
RIPPLY2,0.0,0.0,0.0,False,False,False,False,False
ZNF474,0.0,0.0,0.0,False,False,False,False,False
EGFLAM,0.0,0.0,0.0,False,False,False,False,False
CPEB2,0.0,0.0,0.0,False,False,False,False,False
SPATA18,0.0,0.0,0.0,False,False,False,False,False
TMEM155,0.0,0.0,0.0,False,False,False,False,False
LSMEM2,0.0,0.0,0.0,False,False,False,False,False
SNTN,0.0,0.0,0.0,False,False,False,False,False
C3orf49,0.0,0.0,0.0,False,False,False,False,False
RTP1,0.0,0.0,0.0,False,False,False,False,False
ZDHHC19,0.0,0.0,0.0,False,False,False,False,False
ZPLD1,0.0,0.0,0.0,False,False,False,False,False
CPO,0.0,0.0,0.0,False,False,False,False,False
TMEM178A,0.0,0.0,0.0,False,False,False,False,False
TMEM198,0.0,0.0,0.0,False,False,False,False,False
SPATA3,0.0,0.0,0.0,False,False,False,False,False
PLEKHH2,0.0,0.0,0.0,False,False,False,False,False
RFTN2,0.0,0.0,0.0,False,False,False,False,False
XIRP2,0.0,0.0,0.0,False,False,False,False,False
CST9L,0.0,0.0,0.0,False,False,False,False,False
C6orf141,0.0,0.0,0.0,False,False,False,False,False
OR6B1,0.0,0.0,0.0,False,False,False,False,False
C7orf31,0.0,0.0,0.0,False,False,False,False,False
NEURL2,0.0,0.0,0.0,False,False,False,False,False
HECTD2,0.0,0.0,0.0,False,False,False,False,False
DYDC1,0.0,0.0,0.0,False,False,False,False,False
SAMD8,0.0,0.0,0.0,False,False,False,False,False
RAB40A,0.0,0.0,0.0,False,False,False,False,False
R3HDML,0.0,0.0,0.0,False,False,False,False,False
RIPOR3,0.0,0.0,0.0,False,False,False,False,False
C20orf173,0.0,0.0,0.0,False,False,False,False,False
SCP2D1,0.0,0.0,0.0,False,False,False,False,False
LINC00266-1,0.0,0.0,0.0,False,False,False,False,False
MROH8,0.0,0.0,0.0,False,False,False,False,False
ZNF572,0.0,0.0,0.0,False,False,False,False,False
CBLN4,0.0,0.0,0.0,False,False,False,False,False
WFDC3,0.0,0.0,0.0,False,False,False,False,False
C20orf96,0.0,0.0,0.0,False,False,False,False,False
GATA5,0.0,0.0,0.0,False,False,False,False,False
ASB11,0.0,0.0,0.0,False,False,False,False,False
GAB3,0.0,0.0,0.0,False,False,False,False,False
ADGRG4,0.0,0.0,0.0,False,False,False,False,False
RNF183,0.0,0.0,0.0,False,False,False,False,False
DCAF4L2,0.0,0.0,0.0,False,False,False,False,False
C20orf141,0.0,0.0,0.0,False,False,False,False,False
VSTM2L,0.0,0.0,0.0,False,False,False,False,False
NXF3,0.0,0.0,0.0,False,False,False,False,False
PIFO,0.0,0.0,0.0,False,False,False,False,False
BORCS5,0.0,0.0,0.0,False,False,False,False,False
MRGPRX3,0.0,0.0,0.0,False,False,False,False,False
LRG1,0.0,0.0,0.0,False,False,False,False,False
BATF2,0.0,0.0,0.0,False,False,False,False,False
RAB3C,0.0,0.0,0.0,False,False,False,False,False
C12orf56,0.0,0.0,0.0,False,False,False,False,False
ZNF689,0.0,0.0,0.0,False,False,False,False,False
GBP4,0.0,0.0,0.0,False,False,False,False,False
SLC26A7,0.0,0.0,0.0,False,False,False,False,False
C1QTNF1,0.0,0.0,0.0,False,False,False,False,False
RNF157,0.0,0.0,0.0,False,False,False,False,False
SLITRK1,0.0,0.0,0.0,False,False,False,False,False
KLHL32,0.0,0.0,0.0,False,False,False,False,False
XKR4,0.0,0.0,0.0,False,False,False,False,False
MAL2,0.0,0.0,0.0,False,False,False,False,False
LINC00334,0.0,0.0,0.0,False,False,False,False,False
LINC00313,0.0,0.0,0.0,False,False,False,False,False
KLHDC7B,0.0,0.0,0.0,False,False,False,False,False
TBC1D27,0.0,0.0,0.0,False,False,False,False,False
FOXQ1,0.0,0.0,0.0,False,False,False,False,False
RP1L1,0.0,0.0,0.0,False,False,False,False,False
C10orf71,0.0,0.0,0.0,False,False,False,False,False
CFAP70,0.0,0.0,0.0,False,False,False,False,False
ANKRD22,0.0,0.0,0.0,False,False,False,False,False
EFCAB13,0.0,0.0,0.0,False,False,False,False,False
UHMK1,0.0,0.0,0.0,False,False,False,False,False
DCST2,0.0,0.0,0.0,False,False,False,False,False
RNF19B,0.0,0.0,0.0,False,False,False,False,False
PODN,0.0,0.0,0.0,False,False,False,False,False
DMBX1,0.0,0.0,0.0,False,False,False,False,False
CCSAP,0.0,0.0,0.0,False,False,False,False,False
KDF1,0.0,0.0,0.0,False,False,False,False,False
NLRP13,0.0,0.0,0.0,False,False,False,False,False
RN7SK,0.0,0.0,0.0,False,False,False,False,False
SPNS2,0.0,0.0,0.0,False,False,False,False,False
PDZD8,0.0,0.0,0.0,False,False,False,False,False
SPACA3,0.0,0.0,0.0,False,False,False,False,False
ZG16B,0.0,0.0,0.0,False,False,False,False,False
C16orf46,0.0,0.0,0.0,False,False,False,False,False
CLBA1,0.0,0.0,0.0,False,False,False,False,False
C14orf28,0.0,0.0,0.0,False,False,False,False,False
SPIC,0.0,0.0,0.0,False,False,False,False,False
ZNF641,0.0,0.0,0.0,False,False,False,False,False
CALHM3,0.0,0.0,0.0,False,False,False,False,False
LYZL2,0.0,0.0,0.0,False,False,False,False,False
FGFBP3,0.0,0.0,0.0,False,False,False,False,False
XRRA1,0.0,0.0,0.0,False,False,False,False,False
C12orf60,0.0,0.0,0.0,False,False,False,False,False
FAM216B,0.0,0.0,0.0,False,False,False,False,False
C7orf33,0.0,0.0,0.0,False,False,False,False,False
TAPT1,0.0,0.0,0.0,False,False,False,False,False
TMEM154,0.0,0.0,0.0,False,False,False,False,False
HACD2,0.0,0.0,0.0,False,False,False,False,False
SPEM2,0.0,0.0,0.0,False,False,False,False,False
FYB2,0.0,0.0,0.0,False,False,False,False,False
LINC01599,0.0,0.0,0.0,False,False,False,False,False
CCER1,0.0,0.0,0.0,False,False,False,False,False
SYNPO2,0.0,0.0,0.0,False,False,False,False,False
PSORS1C1,0.0,0.0,0.0,False,False,False,False,False
S100Z,0.0,0.0,0.0,False,False,False,False,False
OLFML2A,0.0,0.0,0.0,False,False,False,False,False
ZNF800,0.0,0.0,0.0,False,False,False,False,False
OLIG3,0.0,0.0,0.0,False,False,False,False,False
XIRP1,0.0,0.0,0.0,False,False,False,False,False
PARP15,0.0,0.0,0.0,False,False,False,False,False
TOGARAM2,0.0,0.0,0.0,False,False,False,False,False
LONRF2,0.0,0.0,0.0,False,False,False,False,False
APCDD1L,0.0,0.0,0.0,False,False,False,False,False
FNDC7,0.0,0.0,0.0,False,False,False,False,False
PLPPR5,0.0,0.0,0.0,False,False,False,False,False
HTRA4,0.0,0.0,0.0,False,False,False,False,False
SUSD3,0.0,0.0,0.0,False,False,False,False,False
NRK,0.0,0.0,0.0,False,False,False,False,False
TMEM217,0.0,0.0,0.0,False,False,False,False,False
SLC25A30,0.0,0.0,0.0,False,False,False,False,False
SPDYA,0.0,0.0,0.0,False,False,False,False,False
TMEM130,0.0,0.0,0.0,False,False,False,False,False
UNC5CL,0.0,0.0,0.0,False,False,False,False,False
KIAA1324L,0.0,0.0,0.0,False,False,False,False,False
PXDC1,0.0,0.0,0.0,False,False,False,False,False
SYCP2L,0.0,0.0,0.0,False,False,False,False,False
ARMC12,0.0,0.0,0.0,False,False,False,False,False
FGD2,0.0,0.0,0.0,False,False,False,False,False
C6orf223,0.0,0.0,0.0,False,False,False,False,False
SMTNL1,0.0,0.0,0.0,False,False,False,False,False
ADGRF5,0.0,0.0,0.0,False,False,False,False,False
LINC00305,0.0,0.0,0.0,False,False,False,False,False
ARL5B,0.0,0.0,0.0,False,False,False,False,False
REEP3,0.0,0.0,0.0,False,False,False,False,False
OOSP2,0.0,0.0,0.0,False,False,False,False,False
SLC37A2,0.0,0.0,0.0,False,False,False,False,False
TBATA,0.0,0.0,0.0,False,False,False,False,False
ZCCHC24,0.0,0.0,0.0,False,False,False,False,False
ZNF804B,0.0,0.0,0.0,False,False,False,False,False
ZNF579,0.0,0.0,0.0,False,False,False,False,False
SPPL2C,0.0,0.0,0.0,False,False,False,False,False
SLFN5,0.0,0.0,0.0,False,False,False,False,False
ZNF558,0.0,0.0,0.0,False,False,False,False,False
CREBRF,0.0,0.0,0.0,False,False,False,False,False
C4orf45,0.0,0.0,0.0,False,False,False,False,False
C3orf30,0.0,0.0,0.0,False,False,False,False,False
PUS10,0.0,0.0,0.0,False,False,False,False,False
TEKT4,0.0,0.0,0.0,False,False,False,False,False
GTSF1L,0.0,0.0,0.0,False,False,False,False,False
ADIG,0.0,0.0,0.0,False,False,False,False,False
SHISA4,0.0,0.0,0.0,False,False,False,False,False
DIRAS1,0.0,0.0,0.0,False,False,False,False,False
ZNF563,0.0,0.0,0.0,False,False,False,False,False
TTC23L,0.0,0.0,0.0,False,False,False,False,False
LYPD4,0.0,0.0,0.0,False,False,False,False,False
C19orf18,0.0,0.0,0.0,False,False,False,False,False
STARD6,0.0,0.0,0.0,False,False,False,False,False
C16orf71,0.0,0.0,0.0,False,False,False,False,False
ZNF597,0.0,0.0,0.0,False,False,False,False,False
C15orf32,0.0,0.0,0.0,False,False,False,False,False
ABHD12B,0.0,0.0,0.0,False,False,False,False,False
C14orf37,0.0,0.0,0.0,False,False,False,False,False
PPP1R36,0.0,0.0,0.0,False,False,False,False,False
IRX2,0.0,0.0,0.0,False,False,False,False,False
CCDC112,0.0,0.0,0.0,False,False,False,False,False
MFSD6L,0.0,0.0,0.0,False,False,False,False,False
TSTD2,0.0,0.0,0.0,False,False,False,False,False
ODF3L1,0.0,0.0,0.0,False,False,False,False,False
MDGA2,0.0,0.0,0.0,False,False,False,False,False
CLEC14A,0.0,0.0,0.0,False,False,False,False,False
TMTC2,0.0,0.0,0.0,False,False,False,False,False
C11orf65,0.0,0.0,0.0,False,False,False,False,False
CFAP58,0.0,0.0,0.0,False,False,False,False,False
RBMY1F,0.0,0.0,0.0,False,False,False,False,False
ZDHHC15,0.0,0.0,0.0,False,False,False,False,False
ARHGAP36,0.0,0.0,0.0,False,False,False,False,False
C9orf84,0.0,0.0,0.0,False,False,False,False,False
SLC2A12,0.0,0.0,0.0,False,False,False,False,False
TTC39B,0.0,0.0,0.0,False,False,False,False,False
HSD17B7P2,0.0,0.0,0.0,False,False,False,False,False
NXNL2,0.0,0.0,0.0,False,False,False,False,False
FAM84B,0.0,0.0,0.0,False,False,False,False,False
PRAG1,0.0,0.0,0.0,False,False,False,False,False
CRYGN,0.0,0.0,0.0,False,False,False,False,False
RUNDC3B,0.0,0.0,0.0,False,False,False,False,False
BVES-AS1,0.0,0.0,0.0,False,False,False,False,False
LINC01600,0.0,0.0,0.0,False,False,False,False,False
ARHGAP12,0.0,0.0,0.0,False,False,False,False,False
TBCK,0.0,0.0,0.0,False,False,False,False,False
NEURL3,0.0,0.0,0.0,False,False,False,False,False
RERGL,0.0,0.0,0.0,False,False,False,False,False
NECAB1,0.0,0.0,0.0,False,False,False,False,False
FN3K,0.0,0.0,0.0,False,False,False,False,False
LRRC4,0.0,0.0,0.0,False,False,False,False,False
EPB41L4A,0.0,0.0,0.0,False,False,False,False,False
SMOC2,0.0,0.0,0.0,False,False,False,False,False
POPDC2,0.0,0.0,0.0,False,False,False,False,False
TP53AIP1,0.0,0.0,0.0,False,False,False,False,False
ZFAND3,0.0,0.0,0.0,False,False,False,False,False
HAPLN2,0.0,0.0,0.0,False,False,False,False,False
HRH4,0.0,0.0,0.0,False,False,False,False,False
TLNRD1,0.0,0.0,0.0,False,False,False,False,False
DMRT3,0.0,0.0,0.0,False,False,False,False,False
DNASE2B,0.0,0.0,0.0,False,False,False,False,False
INIP,0.0,0.0,0.0,False,False,False,False,False
NEUROD4,0.0,0.0,0.0,False,False,False,False,False
IGDCC4,0.0,0.0,0.0,False,False,False,False,False
CPNE5,0.0,0.0,0.0,False,False,False,False,False
VAT1L,0.0,0.0,0.0,False,False,False,False,False
RNF213,0.0,0.0,0.0,False,False,False,False,False
USP29,0.0,0.0,0.0,False,False,False,False,False
UVSSA,0.0,0.0,0.0,False,False,False,False,False
P3H1,0.0,0.0,0.0,False,False,False,False,False
EDDM3B,0.0,0.0,0.0,False,False,False,False,False
TEKT3,0.0,0.0,0.0,False,False,False,False,False
PLEKHF1,0.0,0.0,0.0,False,False,False,False,False
GAL3ST4,0.0,0.0,0.0,False,False,False,False,False
ZDHHC14,0.0,0.0,0.0,False,False,False,False,False
NEIL1,0.0,0.0,0.0,False,False,False,False,False
TMEM53,0.0,0.0,0.0,False,False,False,False,False
HMBOX1,0.0,0.0,0.0,False,False,False,False,False
NKAIN1,0.0,0.0,0.0,False,False,False,False,False
ZBED2,0.0,0.0,0.0,False,False,False,False,False
MMEL1,0.0,0.0,0.0,False,False,False,False,False
PRR15L,0.0,0.0,0.0,False,False,False,False,False
LY6G6E,0.0,0.0,0.0,False,False,False,False,False
ALDH8A1,0.0,0.0,0.0,False,False,False,False,False
SLC25A23,0.0,0.0,0.0,False,False,False,False,False
SLC2A11,0.0,0.0,0.0,False,False,False,False,False
ZNF747,0.0,0.0,0.0,False,False,False,False,False
ZBTB10,0.0,0.0,0.0,False,False,False,False,False
PRAMEF2,0.0,0.0,0.0,False,False,False,False,False
PRAMEF1,0.0,0.0,0.0,False,False,False,False,False
TMEM135,0.0,0.0,0.0,False,False,False,False,False
LRRC19,0.0,0.0,0.0,False,False,False,False,False
FNDC3B,0.0,0.0,0.0,False,False,False,False,False
KIAA1522,0.0,0.0,0.0,False,False,False,False,False
LRCH2,0.0,0.0,0.0,False,False,False,False,False
KLHL1,0.0,0.0,0.0,False,False,False,False,False
KIAA1217,0.0,0.0,0.0,False,False,False,False,False
STARD7,0.0,0.0,0.0,False,False,False,False,False
DPYSL5,0.0,0.0,0.0,False,False,False,False,False
CELF4,0.0,0.0,0.0,False,False,False,False,False
TCEAL7,0.0,0.0,0.0,False,False,False,False,False
LINC00470,0.0,0.0,0.0,False,False,False,False,False
ERO1B,0.0,0.0,0.0,False,False,False,False,False
CABP5,0.0,0.0,0.0,False,False,False,False,False
LRRC8A,0.0,0.0,0.0,False,False,False,False,False
C21orf62,0.0,0.0,0.0,False,False,False,False,False
ANKH,0.0,0.0,0.0,False,False,False,False,False
MEIS3,0.0,0.0,0.0,False,False,False,False,False
TEX13B,0.0,0.0,0.0,False,False,False,False,False
PCDHB10,0.0,0.0,0.0,False,False,False,False,False
PCDHB15,0.0,0.0,0.0,False,False,False,False,False
PCDHGA1,0.0,0.0,0.0,False,False,False,False,False
PCDHGA2,0.0,0.0,0.0,False,False,False,False,False
PCDHGA10,0.0,0.0,0.0,False,False,False,False,False
PCDHGC4,0.0,0.0,0.0,False,False,False,False,False
PCDHGC5,0.0,0.0,0.0,False,False,False,False,False
KLHL4,0.0,0.0,0.0,False,False,False,False,False
OTOR,0.0,0.0,0.0,False,False,False,False,False
GPR108,0.0,0.0,0.0,False,False,False,False,False
FAM234B,0.0,0.0,0.0,False,False,False,False,False
HHATL,0.0,0.0,0.0,False,False,False,False,False
PDZD4,0.0,0.0,0.0,False,False,False,False,False
TMEM181,0.0,0.0,0.0,False,False,False,False,False
FAM135A,0.0,0.0,0.0,False,False,False,False,False
CCDC191,0.0,0.0,0.0,False,False,False,False,False
NCEH1,0.0,0.0,0.0,False,False,False,False,False
CASKIN2,0.0,0.0,0.0,False,False,False,False,False
MTUS1,0.0,0.0,0.0,False,False,False,False,False
PLEKHG1,0.0,0.0,0.0,False,False,False,False,False
SHROOM4,0.0,0.0,0.0,False,False,False,False,False
TMCC3,0.0,0.0,0.0,False,False,False,False,False
OLFML3,0.0,0.0,0.0,False,False,False,False,False
PBXIP1,0.0,0.0,0.0,False,False,False,False,False
FAM219B,0.0,0.0,0.0,False,False,False,False,False
TMEM159,0.0,0.0,0.0,False,False,False,False,False
ADCK1,0.0,0.0,0.0,False,False,False,False,False
CD177,0.0,0.0,0.0,False,False,False,False,False
PARP11,0.0,0.0,0.0,False,False,False,False,False
PLSCR4,0.0,0.0,0.0,False,False,False,False,False
BBX,0.0,0.0,0.0,False,False,False,False,False
PRDM11,0.0,0.0,0.0,False,False,False,False,False
SH3D21,0.0,0.0,0.0,False,False,False,False,False
CLMN,0.0,0.0,0.0,False,False,False,False,False
PKHD1L1,0.0,0.0,0.0,False,False,False,False,False
AGBL2,0.0,0.0,0.0,False,False,False,False,False
ABCC11,0.0,0.0,0.0,False,False,False,False,False
PAQR8,0.0,0.0,0.0,False,False,False,False,False
KRTAP3-3,0.0,0.0,0.0,False,False,False,False,False
KRTAP4-2,0.0,0.0,0.0,False,False,False,False,False
RERG,0.0,0.0,0.0,False,False,False,False,False
TNS4,0.0,0.0,0.0,False,False,False,False,False
FIBCD1,0.0,0.0,0.0,False,False,False,False,False
TMEM87B,0.0,0.0,0.0,False,False,False,False,False
ZNF341,0.0,0.0,0.0,False,False,False,False,False
TMEM25,0.0,0.0,0.0,False,False,False,False,False
ZNF503,0.0,0.0,0.0,False,False,False,False,False
BEX2,0.0,0.0,0.0,False,False,False,False,False
CAPS2,0.0,0.0,0.0,False,False,False,False,False
MS4A14,0.0,0.0,0.0,False,False,False,False,False
C9orf24,0.0,0.0,0.0,False,False,False,False,False
ADGRE3,0.0,0.0,0.0,False,False,False,False,False
FNDC1,0.0,0.0,0.0,False,False,False,False,False
KRTAP4-4,0.0,0.0,0.0,False,False,False,False,False
LYZL1,0.0,0.0,0.0,False,False,False,False,False
MCHR2,0.0,0.0,0.0,False,False,False,False,False
MEGF11,0.0,0.0,0.0,False,False,False,False,False
KIAA1644,0.0,0.0,0.0,False,False,False,False,False
ITPRIP,0.0,0.0,0.0,False,False,False,False,False
LMLN,0.0,0.0,0.0,False,False,False,False,False
ANKRD44,0.0,0.0,0.0,False,False,False,False,False
FAM114A1,0.0,0.0,0.0,False,False,False,False,False
PXYLP1,0.0,0.0,0.0,False,False,False,False,False
SCGB3A1,0.0,0.0,0.0,False,False,False,False,False
TMEM132C,0.0,0.0,0.0,False,False,False,False,False
CAPN13,0.0,0.0,0.0,False,False,False,False,False
SNX29,0.0,0.0,0.0,False,False,False,False,False
C11orf52,0.0,0.0,0.0,False,False,False,False,False
LONRF1,0.0,0.0,0.0,False,False,False,False,False
SYT12,0.0,0.0,0.0,False,False,False,False,False
ANKRD30A,0.0,0.0,0.0,False,False,False,False,False
ATG16L2,0.0,0.0,0.0,False,False,False,False,False
FMNL3,0.0,0.0,0.0,False,False,False,False,False
KIFC2,0.0,0.0,0.0,False,False,False,False,False
ZNF251,0.0,0.0,0.0,False,False,False,False,False
TGIF2LY,0.0,0.0,0.0,False,False,False,False,False
DUOXA1,0.0,0.0,0.0,False,False,False,False,False
THAP3,0.0,0.0,0.0,False,False,False,False,False
CEACAM21,0.0,0.0,0.0,False,False,False,False,False
EMILIN3,0.0,0.0,0.0,False,False,False,False,False
CCDC120,0.0,0.0,0.0,False,False,False,False,False
ZMAT1,0.0,0.0,0.0,False,False,False,False,False
C2orf16,0.0,0.0,0.0,False,False,False,False,False
C4orf17,0.0,0.0,0.0,False,False,False,False,False
C7orf69,0.0,0.0,0.0,False,False,False,False,False
CPEB4,0.0,0.0,0.0,False,False,False,False,False
RAB11FIP1,0.0,0.0,0.0,False,False,False,False,False
ACSF2,0.0,0.0,0.0,False,False,False,False,False
RUBCNL,0.0,0.0,0.0,False,False,False,False,False
MYCT1,0.0,0.0,0.0,False,False,False,False,False
PGGHG,0.0,0.0,0.0,False,False,False,False,False
MROH9,0.0,0.0,0.0,False,False,False,False,False
C3orf36,0.0,0.0,0.0,False,False,False,False,False
ZFP2,0.0,0.0,0.0,False,False,False,False,False
ANKRD53,0.0,0.0,0.0,False,False,False,False,False
LPAL2,0.0,0.0,0.0,False,False,False,False,False
PLEKHH3,0.0,0.0,0.0,False,False,False,False,False
DNAJB14,0.0,0.0,0.0,False,False,False,False,False
ZNF442,0.0,0.0,0.0,False,False,False,False,False
PAQR6,0.0,0.0,0.0,False,False,False,False,False
ERMP1,0.0,0.0,0.0,False,False,False,False,False
CNTNAP3,0.0,0.0,0.0,False,False,False,False,False
KIAA0319L,0.0,0.0,0.0,False,False,False,False,False
ZDHHC11,0.0,0.0,0.0,False,False,False,False,False
FAM124B,0.0,0.0,0.0,False,False,False,False,False
ABTB1,0.0,0.0,0.0,False,False,False,False,False
VWA7,0.0,0.0,0.0,False,False,False,False,False
USP44,0.0,0.0,0.0,False,False,False,False,False
CD99L2,0.0,0.0,0.0,False,False,False,False,False
SLC10A7,0.0,0.0,0.0,False,False,False,False,False
KRTAP9-8,0.0,0.0,0.0,False,False,False,False,False
KRTAP3-2,0.0,0.0,0.0,False,False,False,False,False
TTC29,0.0,0.0,0.0,False,False,False,False,False
SPATA9,0.0,0.0,0.0,False,False,False,False,False
TMEM120A,0.0,0.0,0.0,False,False,False,False,False
YPEL3,0.0,0.0,0.0,False,False,False,False,False
CRISPLD2,0.0,0.0,0.0,False,False,False,False,False
NRIP2,0.0,0.0,0.0,False,False,False,False,False
TEKT1,0.0,0.0,0.0,False,False,False,False,False
MPIG6B,0.0,0.0,0.0,False,False,False,False,False
FAM167A-AS1,0.0,0.0,0.0,False,False,False,False,False
AKR1E2,0.0,0.0,0.0,False,False,False,False,False
RTBDN,0.0,0.0,0.0,False,False,False,False,False
KRTAP4-6,0.0,0.0,0.0,False,False,False,False,False
TMEM163,0.0,0.0,0.0,False,False,False,False,False
TRIM8,0.0,0.0,0.0,False,False,False,False,False
FAM49A,0.0,0.0,0.0,False,False,False,False,False
ZNRD1ASP,0.0,0.0,0.0,False,False,False,False,False
STARD5,0.0,0.0,0.0,False,False,False,False,False
ZNF286B,0.0,0.0,0.0,False,False,False,False,False
