miRNA,normal_mean,tumor_mean,log2FC,pvalue,stat,padj
MIMAT0000062,15.10591836734694,14.770134770889486,-0.03243090555613959,0.000275228154829564,3.6375646188778856,
MIMAT0000063,13.547755102040817,12.575962264150943,-0.10738501937724454,1.8700410762963763e-13,7.357772702418746,
MIMAT0000064,12.438163265306123,10.714035040431266,-0.21527153991337533,4.9441396241594854e-23,9.882780982614015,
MIMAT0000065,7.3538163265306125,7.387679245283018,0.006628086091552188,0.7714304616116259,-0.29050430002742494,
MIMAT0000066,9.554285714285713,9.583954177897574,0.0044729901863700405,0.7892080949090956,-0.26733908644765186,
MIMAT0000067,13.62938775510204,13.395099730458222,-0.025015433873252668,0.1651265233846856,1.3880345542258645,
MIMAT0000068,7.378836734693877,7.73588679245283,0.06817328749970875,1.4532906484902736e-05,-4.335651460538616,
MIMAT0000069,9.150632653061225,8.74064690026954,-0.06613143300056201,5.2753223489107056e-06,4.553529685559185,
MIMAT0000070,8.694183673469386,9.405304582210242,0.1134240905305326,2.7068620780502296e-06,-4.691894880184316,
MIMAT0000071,8.508061224489795,8.931816711590297,0.07012323109445706,0.0003835304285590925,-3.551164633093867,
MIMAT0000072,3.15465306122449,4.032912129380054,0.3543406212092979,4.065621456402704e-06,-4.607999241814327,
MIMAT0000073,4.486081632653061,5.509889487870621,0.2965675096799565,2.5558966110754206e-09,-5.957842497976241,
MIMAT0000074,7.013183673469389,7.631180592991914,0.1218367562634537,9.919489019094327e-06,-4.4189210120550975,
MIMAT0000075,8.31061224489796,9.187382749326146,0.14469916845841402,3.2557716197055024e-08,-5.527094742763163,
MIMAT0000076,16.18795918367347,17.71099730458221,0.12972433588566634,1.0118238089309665e-22,-9.810780994460666,
MIMAT0000077,17.583469387755102,16.957601078167116,-0.05228766396268991,7.027529410007526e-11,6.52006849242587,
MIMAT0000078,10.53865306122449,10.353749326145552,-0.025537194038325772,0.09521225456835515,1.6685214645971713,
MIMAT0000079,5.357367346938775,4.089598382749326,-0.38956505208660497,3.2464400697669586e-22,9.69245057914777,
MIMAT0000080,10.591224489795916,10.31533423180593,-0.03807882677239638,0.0007308452510925851,3.3777385746723225,
MIMAT0000081,12.575306122448978,13.207169811320753,0.07072782174764125,8.199013582379354e-11,-6.496903278846097,
MIMAT0000082,11.962244897959183,10.973320754716982,-0.12448797741175666,5.35977512066458e-20,9.156520232545452,
MIMAT0000083,11.078755102040818,9.949361185983827,-0.15511997439375858,4.590284951520819e-19,8.921737662480185,
MIMAT0000084,9.46865306122449,9.077231805929918,-0.060906813357076484,0.0009493828411231059,3.305112499665466,
MIMAT0000085,7.626816326530612,7.191617250673854,-0.08476471597970914,1.2898198089808725e-09,6.068659871047048,
MIMAT0000086,13.522448979591834,12.643598382749325,-0.09694933955717522,2.1420724566242174e-13,7.339616183667032,
MIMAT0000087,14.404285714285715,13.791479784366578,-0.06272085930672677,1.206847760424252e-05,4.3763471060165955,
MIMAT0000088,13.19265306122449,11.659067385444745,-0.17828233051772324,1.42039697655458e-19,9.050711554302705,
MIMAT0000089,0.5288653846153847,0.9031510869565217,0.7720668034950782,,,
MIMAT0000090,5.956489795918367,6.030425876010781,0.017797500501643082,0.6868011484913848,-0.4031999336587536,
MIMAT0000091,5.519673469387755,4.781876010781671,-0.20700620024935468,2.5420942961471234e-07,5.154573064926271,
MIMAT0000092,13.952448979591837,14.17088948787062,0.022411946300979757,0.09373143378452953,-1.67603450683926,
MIMAT0000093,11.027081632653061,12.447169811320753,0.17476671960257395,2.9658505411507093e-21,-9.463928877617576,
MIMAT0000094,2.669387755102041,2.6594798365122614,-0.00536478763666115,,,
MIMAT0000095,1.0760553191489362,3.042526628895184,1.4995176421874314,,,
MIMAT0000096,5.722061224489796,5.662614555256065,-0.015066602867593648,0.5829518053039795,0.5490781705259735,
MIMAT0000097,10.682795918367347,9.15812398921833,-0.2221652783982888,4.180564391199249e-17,8.407720355750625,
MIMAT0000098,12.963469387755103,12.174037735849057,-0.09064413267240701,6.069656027851239e-05,4.0100862967147775,
MIMAT0000099,15.506734693877553,14.022695417789757,-0.1451312368280564,3.330859659247908e-24,10.14949398220816,
MIMAT0000100,9.454857142857142,9.102280323450135,-0.05482764234245163,0.016292552168669733,2.402295256907822,
MIMAT0000101,13.917142857142858,14.693342318059297,0.07829954425061691,8.956687932620953e-14,-7.455442251565898,
MIMAT0000102,0.43041999999999997,3.0277034749034746,2.8144068974064713,,,
MIMAT0000103,3.5948979591836734,3.2076013477088954,-0.1644559709133322,0.00012535599129536118,3.8354080645862183,
MIMAT0000104,6.837775510204081,7.070932614555256,0.04837345191820752,0.009717056284101208,-2.585738704985485,
MIMAT0000222,15.616326530612247,15.110018867924529,-0.04754966245481729,0.00016635832875870426,3.7652863369933915,
MIMAT0000226,0.8597733333333335,1.7972880794701989,1.0637934010762142,,,
MIMAT0000227,8.548204081632653,8.292997304582212,-0.043727728190710025,0.0022530245506954326,3.0546777582625135,
MIMAT0000228,0.258,0.354,0.456378294659743,,,
MIMAT0000231,10.047510204081632,8.09267385444744,-0.31214968335943816,3.06725827789905e-12,6.974607548072228,
MIMAT0000232,11.297755102040817,8.978754716981133,-0.3314488598281784,2.003790980223247e-18,8.757076820007743,
MIMAT0000242,0.8639818181818182,1.0440408637873755,0.27310532269762583,,,
MIMAT0000243,17.133061224489797,16.379514824797845,-0.06489032211154466,8.632619136098575e-09,5.755616444293357,
MIMAT0000244,9.74095918367347,9.307832884097035,-0.06561853185973066,1.6842862937532523e-05,4.303094944156232,
MIMAT0000245,12.922244897959182,13.641051212938006,0.0780981043970268,1.4865741530600794e-10,-6.406746771941034,
MIMAT0000250,8.511775510204082,6.41888140161725,-0.40713819636333826,5.963644763705947e-25,10.316033085241124,
MIMAT0000252,0.5573268292682927,0.8376650943396224,0.5878499521232796,,,
MIMAT0000253,14.786122448979592,13.295649595687332,-0.15328950018582077,4.675922925667272e-17,8.39457253182697,
MIMAT0000254,10.524244897959184,13.430369272237195,0.351782247312209,7.007106305129779e-19,-8.87478114846713,
MIMAT0000255,7.266530612244898,8.312619946091644,0.19403653565774714,4.568151112208015e-13,-7.2375640265453285,
MIMAT0000256,9.562122448979592,9.830132075471697,0.039879920006881786,0.0061602012834964205,-2.7391299840947934,
MIMAT0000257,7.0345306122448985,7.5268706199460915,0.09759601200444878,3.7738920684444614e-05,-4.1209036697855845,
MIMAT0000258,3.7713061224489794,3.793433962264151,0.00844016197791353,0.8046727256888565,-0.24730430713541565,
MIMAT0000259,9.976755102040816,11.953838274932615,0.26083136316988753,3.5185151585326747e-10,-6.274016358997469,
MIMAT0000260,0.31,0.31472542372881357,0.021825509708085278,,,
MIMAT0000261,8.067428571428572,10.405946091644203,0.36722733417773146,4.620516712973452e-11,-6.582677177776608,
MIMAT0000262,2.3213795918367346,1.556414236111111,-0.5767563699344058,,,
MIMAT0000263,3.352,3.2670837988826817,-0.037018689461165266,,,
MIMAT0000264,10.163530612244898,8.825048517520216,-0.2037255382567631,0.0013986901761463978,3.194921213448167,
MIMAT0000265,4.912877551020408,4.424139189189189,-0.1511715063283483,,,
MIMAT0000266,1.2562125000000002,1.8195227488151657,0.5344795586458622,,,
MIMAT0000267,8.293469387755103,8.100983827493263,-0.03387861988880214,0.17131214656304228,1.3679997749136283,
MIMAT0000268,0.8589405405405406,1.063190186915888,0.3077695233883155,,,
MIMAT0000269,2.2083551020408163,2.0119040650406506,-0.13441066138200708,,,
MIMAT0000270,6.811693877551021,6.652940700808625,-0.034021426010341305,0.37566446542984155,0.8859128977129447,
MIMAT0000271,3.2366734693877555,1.7091094395280235,-0.9212670469623084,,,
MIMAT0000272,7.569061224489795,6.564816711590296,-0.20535964481428914,1.6653427187449614e-05,4.305599291570262,
MIMAT0000273,2.2391102040816326,3.38083187134503,0.5944527366232859,,,
MIMAT0000274,7.112918367346938,8.183452830188678,0.20226807916531042,0.18879360926104138,-1.3141563055119936,
MIMAT0000275,4.5813061224489795,4.1627716981132075,-0.13821452894084407,0.058737071199710195,1.8901562107387844,
MIMAT0000276,1.3194687499999997,1.4964401084010839,0.1815773568110205,,,
MIMAT0000278,5.677408163265306,6.785261455525608,0.25717194353530015,2.073049954038743e-13,-7.343998791641583,
MIMAT0000279,3.725673469387755,4.749808625336928,0.3503681497993085,9.806071848500782e-12,-6.80932061874628,
MIMAT0000280,7.873428571428572,6.876237196765498,-0.19537269840629,2.9346859158659926e-10,6.302190267405301,
MIMAT0000281,3.99765306122449,6.595916442048518,0.7224198502971693,5.891189643540923e-16,-8.091546494729396,
MIMAT0000318,6.68530612244898,5.502587601078167,-0.2808834153552855,6.247285533432019e-06,4.517842734909264,
MIMAT0000414,9.94191836734694,9.474741239892182,-0.06943771435349655,7.410991774634991e-06,4.481529697405836,
MIMAT0000415,7.842775510204081,7.699215633423182,-0.026652828587300004,0.21579997938624407,1.237773709384093,
MIMAT0000416,3.258359183673469,2.764964673913043,-0.23688459919349003,,,
MIMAT0000417,7.4832448979591835,7.694706199460917,0.0402022526109449,0.1451428518968873,-1.4569041081116765,
MIMAT0000418,10.980816326530611,10.442598382749326,-0.07250457432726298,2.6152929773397723e-09,5.954085976855197,
MIMAT0000419,11.80795918367347,10.965935309973046,-0.10673077153104105,2.609564395528061e-14,7.616346572917294,
MIMAT0000420,9.719265306122447,9.173692722371968,-0.0833446780599938,4.4467675425716673e-07,5.048764386683524,
MIMAT0000421,15.204285714285714,13.963307277628031,-0.12283734985221795,2.510772633132239e-13,7.318329230647781,
MIMAT0000422,0.38873333333333326,0.41546444444444447,0.09594419402052878,,,
MIMAT0000423,10.201612244897959,8.838938005390835,-0.2068522252561844,5.485323092781768e-21,9.399441931706317,
MIMAT0000424,7.339040816326531,7.624363881401617,0.055025454305425825,0.004574723176731843,-2.8355473595349303,
MIMAT0000425,6.830938775510204,5.336913746630727,-0.3560781664622059,4.642485639925075e-19,8.92048548877317,
MIMAT0000426,5.812448979591836,6.114681940700809,0.07313131044862065,0.0007510668517965314,-3.370225532430234,
MIMAT0000427,2.468051020408163,2.0796206611570245,-0.24705182502316791,,,
MIMAT0000428,0.5248365853658538,1.9810068627450983,1.9162936820059717,,,
MIMAT0000429,0.2446384615384615,1.2470759124087591,2.3498261437855743,,,
MIMAT0000430,0.6437045454545454,0.7414944099378881,0.20403716003927436,,,
MIMAT0000431,6.085571428571428,5.8578005390835575,-0.05503366720672265,0.0039296304209380595,2.8837560472549986,
MIMAT0000432,2.6750346938775507,2.498022826086957,-0.09877094281158727,,,
MIMAT0000433,6.859612244897959,5.452975741239892,-0.3310832897759117,2.362969499007247e-13,7.326468359743377,
MIMAT0000434,11.45422448979592,10.041725067385444,-0.18987265295818823,6.019119221984442e-15,7.803546542116002,
MIMAT0000435,15.761836734693876,15.147169811320756,-0.05738740553826549,0.0001975834302620527,3.7220863441013825,
MIMAT0000436,5.585918367346938,2.9230614555256063,-0.9343143289985572,2.5395437115604324e-22,9.717494053288066,
MIMAT0000437,11.057448979591838,9.56833962264151,-0.20867808230475804,1.1802131587761608e-17,8.55485076632486,
MIMAT0000438,9.076816326530611,8.093711590296495,-0.16538492289298334,2.418776820484483e-13,7.32333792547584,
MIMAT0000439,1.412381632653061,1.0079851063829788,-0.48665564250958243,,,
MIMAT0000440,9.428755102040817,9.072654986522911,-0.055542504262595216,6.166953249607634e-05,4.006329775593733,
MIMAT0000441,6.796408163265305,8.075183288409704,0.24872250886470804,4.7101089209104244e-05,-4.069564547797979,
MIMAT0000442,0.65903,1.2920285714285715,0.971221928185837,,,
MIMAT0000443,8.86534693877551,7.953617250673855,-0.15656595355772174,2.2519696353882907e-09,5.978503364141985,
MIMAT0000444,8.686877551020409,8.242814016172506,-0.07570075815639354,2.3431783656347445e-06,4.7213209622991625,
MIMAT0000445,12.812653061224488,12.132722371967656,-0.07866593683185918,1.3749493874379595e-10,6.418642422157673,
MIMAT0000446,9.328469387755101,8.239045822102426,-0.17916311744027746,4.5301237037299433e-10,6.234572887226504,
MIMAT0000447,8.443714285714286,7.073520215633424,-0.255449395395662,1.4484610247152972e-11,6.752972801930616,
MIMAT0000448,5.12969387755102,4.083926756756757,-0.32891574092122644,,,
MIMAT0000449,6.559571428571428,5.840544474393531,-0.16749869098014658,0.00018941573763504773,3.7327298206110076,
MIMAT0000450,3.2160000000000006,3.04996757493188,-0.07647350145890464,,,
MIMAT0000451,9.142163265306122,8.01099730458221,-0.1905537258222263,1.3592670858571859e-06,4.830886161662955,
MIMAT0000452,2.8707755102040817,1.911444314868805,-0.5867773471537145,,,
MIMAT0000453,1.3714285714285714,1.6702162079510707,0.28435538655722303,,,
MIMAT0000454,0.8049666666666666,2.0948197452229302,1.379825160252109,,,
MIMAT0000455,6.31704081632653,6.80611590296496,0.10758282556785614,1.089498389460261e-08,-5.716172972522392,
MIMAT0000456,8.254367346938775,8.197185983827493,-0.010028913323656852,0.26563008899042995,1.113182425536124,
MIMAT0000457,1.2890122448979593,2.062460975609756,0.6781008534242973,,,
MIMAT0000458,2.0845755102040817,1.890331707317073,-0.1411142176568121,,,
MIMAT0000459,4.126489795918367,4.026859838274932,-0.03525981515330878,0.2571230508415544,1.1332172048483602,
MIMAT0000460,14.185102040816327,13.886536388140158,-0.030689724834239485,0.10516510565531284,1.620312776877103,
MIMAT0000461,6.303714285714285,4.501857412398922,-0.48568178353267477,7.357426243552446e-22,9.608554940777783,
MIMAT0000462,0.4514026315789474,0.668375,0.5662429424720122,,,
MIMAT0000510,8.35208163265306,8.656498652291106,0.05164779434504263,0.0474578700367193,-1.9821909782043694,
MIMAT0000617,5.5667755102040815,5.502938005390835,-0.016639829470971534,0.10597410089432029,1.6165562557560587,
MIMAT0000646,7.387816326530612,7.40589218328841,0.0035255476156828003,0.7940321888904096,0.261078217912578,
MIMAT0000680,7.349142857142858,7.989582210242588,0.12054406816458352,4.065883811051421e-10,-6.251477232271203,
MIMAT0000681,12.061632653061224,10.603404312668465,-0.18589767390693845,1.8454880883956255e-21,9.51338973904466,
MIMAT0000682,5.660061224489796,4.372950543478261,-0.37221062653230197,,,
MIMAT0000685,0.3093916666666667,0.578240606060606,0.9022355844899935,,,
MIMAT0000686,0.448912,1.2326432258064515,1.4572507219289084,,,
MIMAT0000687,0.7445255813953487,0.9090682539682539,0.2880671981283226,,,
MIMAT0000688,2.037040816326531,2.776702964959568,0.44689796656960645,2.999005850956286e-08,-5.541494740393833,
MIMAT0000689,13.39469387755102,13.172283018867926,-0.024156195155799587,0.07841965137302633,1.759930145209249,
MIMAT0000690,1.7890612244897959,1.7838417910447761,-0.0042150912415728214,,,
MIMAT0000691,3.917020408163266,4.54767115902965,0.2153712921533788,9.977853759407882e-05,-3.8911297945483754,
MIMAT0000692,13.709795918367346,13.084528301886793,-0.06734517949856533,1.804291113323504e-11,6.721042372401739,
MIMAT0000693,13.924081632653063,12.700700808625337,-0.13267407199744508,3.05330188524917e-22,9.698711447682845,
MIMAT0000703,8.091795918367346,8.308380053908357,0.03810727711003681,0.007494866297284627,-2.674016951330026,
MIMAT0000705,3.7892857142857146,4.472611859838275,0.23919164050210573,1.9120504990097905e-05,-4.2749210357484,
MIMAT0000707,2.7578163265306124,2.6732889487870617,-0.044910591913591924,0.06146695700125891,1.8701214314265482,
MIMAT0000710,6.9589795918367345,7.106654986522909,0.03029488460747176,0.11607166011094588,-1.5714780023035273,
MIMAT0000720,3.706612244897959,2.3315038147138964,-0.6688404100732872,,,
MIMAT0000721,3.443,2.975951351351352,-0.21031523837916066,,,
MIMAT0000722,3.1682857142857137,2.4495289189189187,-0.37119811869000974,,,
MIMAT0000723,0.3286444444444444,1.2678725490196077,1.9478102256244751,,,
MIMAT0000724,0.5983297297297296,1.329490557939914,1.1518608768622023,,,
MIMAT0000725,0.6043,0.9994285714285714,0.7258385200517397,,,
MIMAT0000726,0.48430434782608694,1.4127030534351144,1.5444723868780017,,,
MIMAT0000727,5.431408163265306,5.44845283018868,0.004520329179976468,0.992007413127539,0.010017389656118102,
MIMAT0000728,12.352897959183672,10.442172506738546,-0.24242763658952438,9.69329007287758e-08,5.332381731322367,
MIMAT0000729,1.2567166666666667,1.3109943859649122,0.06100208426940412,,,
MIMAT0000730,1.3188428571428572,1.16487491638796,-0.1790976273125887,,,
MIMAT0000731,8.16091836734694,6.601679245283019,-0.3058984669262559,7.454210662932835e-19,8.86789419307855,
MIMAT0000732,10.516775510204083,9.334353099730459,-0.17207048807214065,2.216655048390682e-11,6.690990203433385,
MIMAT0000733,10.344142857142858,8.681469002695417,-0.2528030159000729,1.2013676737453585e-14,7.715894382624968,
MIMAT0000734,0.9531382978723404,1.1099348754448397,0.2197175643522437,,,
MIMAT0000735,0.5301515151515152,0.8822230000000001,0.7347386377160801,,,
MIMAT0000736,6.07969387755102,5.0224380053908355,-0.2756108323416293,8.131076335390688e-11,6.498155452553111,
MIMAT0000737,4.111367346938775,3.5453396226415093,-0.21369444538553117,3.201344384037555e-06,4.6574601032414105,
MIMAT0000738,2.895177551020408,1.7535830508474577,-0.7233460671268286,,,
MIMAT0000750,3.9980816326530615,3.7050916442048516,-0.1097987017138633,0.00019905870411575084,3.72020808354086,
MIMAT0000751,1.6507645833333333,1.4723599447513813,-0.16500398404609928,,,
MIMAT0000752,5.460959183673469,4.9232237196765505,-0.14955107427065029,1.8351652011692238e-07,5.2153034897164865,
MIMAT0000753,6.635448979591838,6.340134770889488,-0.06568057935430538,0.03291833556230248,2.133077909899648,
MIMAT0000754,5.738428571428571,4.3012999999999995,-0.41588296151438797,3.749806557050067e-14,7.569390058904241,
MIMAT0000755,2.6451632653061226,1.9040133333333333,-0.47431318988787297,,,
MIMAT0000756,3.6254489795918365,2.1028341597796145,-0.7858245948618157,,,
MIMAT0000757,10.915510204081633,11.230991913746632,0.041105786026481184,0.005043487505632236,-2.8042430168595613,
MIMAT0000758,1.1081187499999998,1.2983715328467154,0.22859077978620326,,,
MIMAT0000759,7.381816326530612,7.640827493261456,0.04975304795230162,0.0005356588181453165,-3.462260299895819,
MIMAT0000760,4.806775510204082,4.529078167115903,-0.0858519881761719,0.018599584755617488,2.3534604823342464,
MIMAT0000761,4.059714285714286,4.41610242587601,0.12139543688638721,0.002946293298305642,-2.973286467306554,
MIMAT0000762,3.8291224489795925,4.070733153638814,0.08827485652504685,0.12019692330496931,-1.5539475704053205,
MIMAT0000763,7.89969387755102,8.49089218328841,0.10411940515938412,0.0036573625837569225,-2.906295173981264,
MIMAT0000764,4.464530612244898,4.739698113207547,0.08628666954736808,0.03491984991702636,-2.109286609466368,
MIMAT0000765,4.525673469387756,3.0696789757412395,-0.5600447091317862,1.1802131587761608e-17,8.55485076632486,
MIMAT0000770,0.9112021276595745,0.6484492610837438,-0.49077742276061237,,,
MIMAT0000772,4.740877551020408,4.062687331536388,-0.22271979353886673,1.3291417783089345e-07,5.274781740799688,
MIMAT0000773,0.3353181818181818,0.7818442953020134,1.2213506107652985,,,
MIMAT0001080,3.467591836734694,4.5103641509433965,0.37930982448822026,0.14325104491212706,-1.4637910635002576,
MIMAT0001339,0.2364,0.35568636363636363,0.5893756296593962,,,
MIMAT0001340,6.420408163265306,6.727361185983827,0.06737570083735589,6.005600644052311e-05,-4.0125906441288075,
MIMAT0001341,9.166142857142857,6.528644204851753,-0.48953135047921625,3.489362823055278e-27,10.798746049295314,
MIMAT0001343,2.976408163265306,2.849124797843666,-0.06305356464500034,0.07810167405692377,1.7618084057697712,
MIMAT0001412,0.65655,0.7140966037735849,0.12121437212993957,,,
MIMAT0001413,3.108469387755102,3.559953908355795,0.19565419109992854,0.02118754491564473,-2.3046257077606707,
MIMAT0001536,4.304734693877551,3.242202493074793,-0.4089501275079539,,,
MIMAT0001541,0.3248857142857143,0.5225273333333333,0.6855741987599193,,,
MIMAT0001545,4.487183673469388,2.9889474393530997,-0.5861727114802178,1.1047157197673877e-21,9.566607121592787,
MIMAT0001618,1.7452510204081635,1.1760039436619718,-0.5695416567975955,,,
MIMAT0001620,5.983163265306121,4.958448780487805,-0.27101957788025866,,,
MIMAT0001621,3.6859387755102047,1.7605429799426933,-1.066011659606537,,,
MIMAT0001625,1.4484571428571429,1.7591293255131963,0.28034455040733053,,,
MIMAT0001627,1.6412591836734693,1.3745975757575757,-0.25579376360821776,,,
MIMAT0001629,0.9327622222222222,1.0362672473867596,0.15181484951454233,,,
MIMAT0001630,0.1966,0.3912611111111111,0.9928684008901769,,,
MIMAT0001631,10.56226530612245,8.473574123989218,-0.3178767582449358,4.339642546800701e-17,8.403337747776073,
MIMAT0001635,5.522040816326531,7.419250673854449,0.4260719338501904,1.4995433234628624e-13,-7.3871987845335925,
MIMAT0001636,1.658934693877551,3.079925945945946,0.8926385691858267,,,
MIMAT0001638,3.084367346938776,2.9553821621621617,-0.06162990170950278,,,
MIMAT0001639,4.245408163265306,3.842539083557951,-0.14384333039997488,0.00015981281812645187,3.7753037266495095,
MIMAT0002170,0.33373333333333327,0.8132708333333333,1.2850400845533407,,,
MIMAT0002171,3.889142857142857,3.7121081300813,-0.06721349387142816,,,
MIMAT0002172,1.4021795918367348,1.4197925233644861,0.018008979456158425,,,
MIMAT0002173,6.1130408163265315,3.703070054945055,-0.7231683571281806,,,
MIMAT0002174,6.053020408163266,6.125595687331536,0.017194931507324096,0.39694188603105396,-0.847095512795487,
MIMAT0002175,0.5174529411764706,0.7501243386243387,0.5357020874586239,,,
MIMAT0002176,2.5475918367346937,2.396679120879121,-0.08809738739820494,,,
MIMAT0002177,8.198857142857143,6.464469002695418,-0.3428909526052286,4.624625314403288e-16,8.120972576844244,
MIMAT0002178,0.6948111111111112,1.1082543209876543,0.6735962571725975,,,
MIMAT0002804,0.27285000000000004,0.3806078651685393,0.48019733114994634,,,
MIMAT0002805,0.42922352941176467,0.6100364705882354,0.5071663310178699,,,
MIMAT0002806,3.0392530612244895,1.1422294117647058,-1.4118643660577308,,,
MIMAT0002807,1.3295306122448978,1.1685043956043957,-0.18625383424905662,,,
MIMAT0002808,4.998836734693878,3.3871490566037736,-0.561520932218287,1.959973176612855e-21,9.507128870509586,
MIMAT0002809,9.565653061224491,10.021504043126685,0.06716367476713758,0.004538982903334194,-2.83805170694896,
MIMAT0002810,0.4767407407407407,0.7129677852348993,0.5806319725657803,,,
MIMAT0002811,0.2709333333333333,0.5005777777777778,0.8856563452877284,,,
MIMAT0002813,3.049469387755102,3.0065252032520324,-0.020461180931174106,,,
MIMAT0002814,3.3366326530612245,3.00676277173913,-0.15018181527706598,,,
MIMAT0002815,0.3003714285714286,0.46715918367346937,0.6371666397629745,,,
MIMAT0002816,1.8228673469387757,1.3554556603773584,-0.42743165734797733,,,
MIMAT0002817,3.44265306122449,2.877284281842819,-0.25881302889607083,,,
MIMAT0002818,1.336608163265306,1.5023988269794721,0.1686912511868185,,,
MIMAT0002819,7.465714285714285,7.300407008086253,-0.03230339894996348,0.36562672399257146,0.9046955033181661,
MIMAT0002820,5.173224489795919,3.8459622641509434,-0.42771919071694353,3.361441324132983e-19,8.95617243942309,
MIMAT0002821,2.464448979591837,2.6597517520215637,0.11002648420744321,0.17170443194434026,-1.3667476012066135,
MIMAT0002822,0.45907499999999996,1.7403744186046508,1.922595942299499,,,
MIMAT0002823,0.5376466666666667,2.021813131313131,1.9109193887138192,,,
MIMAT0002824,0.2479,1.8265650602409638,2.8813029652904136,,,
MIMAT0002825,0.27463333333333334,1.9429510869565216,2.8226709352643113,,,
MIMAT0002826,0.42384285714285713,1.5597214953271028,1.8796870644804966,,,
MIMAT0002827,0.3690571428571428,1.9670708860759492,2.4141328300645877,,,
MIMAT0002828,0.1508,1.1896794871794871,2.979864614150773,,,
MIMAT0002829,0.2893,1.2455923076923077,2.106193711637212,,,
MIMAT0002830,0.26714000000000004,2.042650806451613,2.934774676662909,,,
MIMAT0002832,0.22493333333333332,1.8146570175438597,3.012127516844442,,,
MIMAT0002833,0.5549545454545454,2.1001110294117646,1.920024087924149,,,
MIMAT0002834,0.8186916666666667,2.0541626213592235,1.32715828408591,,,
MIMAT0002835,1.2467944444444443,2.2367951541850224,0.8432095087338312,,,
MIMAT0002836,0.2547,1.7320923076923078,2.7656449523498976,,,
MIMAT0002837,0.31616666666666665,1.9145225352112674,2.5982274637457383,,,
MIMAT0002838,0.7534454545454546,1.8948898550724638,1.3305390135452642,,,
MIMAT0002839,0.35483750000000003,1.7691259740259742,2.3178063916045937,,,
MIMAT0002840,0.34785,1.8234360824742268,2.390122403462218,,,
MIMAT0002841,0.4411666666666667,1.8859714285714282,2.095912126031003,,,
MIMAT0002842,0.29388333333333333,1.956220731707317,2.734753718585186,,,
MIMAT0002843,0.2384,1.920026605504587,3.009670161368922,,,
MIMAT0002844,0.7587461538461537,2.0471722891566264,1.4319433207310908,,,
MIMAT0002846,0.2384,1.9242,3.0128026187006416,,,
MIMAT0002847,0.7709999999999998,1.9014391608391608,1.3022890134421845,,,
MIMAT0002848,0.5514111111111111,1.9236583333333337,1.8026523369901337,,,
MIMAT0002849,0.2119333333333333,1.5751893333333336,2.8938428260591333,,,
MIMAT0002850,0.2893,1.3027163265306123,2.170884735139908,,,
MIMAT0002851,0.977225,2.480701886792453,1.3439856956159706,,,
MIMAT0002852,1.624723076923077,2.1234006369426757,0.38618275888573417,,,
MIMAT0002853,0.4215666666666667,1.872616393442623,2.151222690423526,,,
MIMAT0002854,0.1994,1.2747305084745764,2.6764549634652,,,
MIMAT0002855,0.17706666666666668,1.545672,3.125869652935414,,,
MIMAT0002856,0.36246,1.7157009523809523,2.242904414690423,,,
MIMAT0002857,1.624723076923077,2.1233942675159234,0.38617843132078444,,,
MIMAT0002858,0.3724571428571428,2.004628125,2.428188294577094,,,
MIMAT0002859,0.48064285714285715,1.9555420689655174,2.0245313735646047,,,
MIMAT0002861,0.5923222222222222,1.969634513274336,1.7334738290195277,,,
MIMAT0002862,0.4105857142857143,1.8549724137931034,2.1756423949565997,,,
MIMAT0002863,0.5583714285714285,1.8755437499999996,1.7480118895429753,,,
MIMAT0002864,0.1927,1.0925478260869566,2.503267958080982,,,
MIMAT0002866,0.40235,1.6914353658536585,2.0717251112479635,,,
MIMAT0002867,0.28315999999999997,1.953522641509434,2.7863885909328117,,,
MIMAT0002868,0.3772285714285714,1.8503956043956042,2.2943228884681726,,,
MIMAT0002869,0.5205454545454545,1.7096198113207546,1.715579479665307,,,
MIMAT0002870,0.8578818181818182,0.9059870967741936,0.07871158759159558,,,
MIMAT0002871,7.249836734693878,8.436115902964959,0.21863041010926443,1.2188816611963541e-16,-8.281250811342133,
MIMAT0002872,1.3413244897959185,2.1031486486486486,0.6488925294908139,,,
MIMAT0002873,0.8071395833333334,1.3196333333333334,0.709247031472243,,,
MIMAT0002874,3.0719999999999996,3.2861140161725064,0.09720432135399815,0.12139641448324238,-1.5489388755772615,
MIMAT0002875,0.8729957446808511,1.0457289308176099,0.260462404351012,,,
MIMAT0002876,6.936183673469388,5.752159029649596,-0.2700385398766221,3.409597437556493e-15,7.874920443415843,
MIMAT0002877,0.9296,0.5857396226415095,-0.6663505791866855,,,
MIMAT0002878,0.5566500000000001,0.5841697247706422,0.06961708911322739,,,
MIMAT0002879,0.28452500000000003,0.40770434782608705,0.518967920474936,,,
MIMAT0002880,1.304212765957447,2.224617166212534,0.7703778380533064,,,
MIMAT0002881,0.8463810810810811,1.3120829787234043,0.6324796769624261,,,
MIMAT0002883,1.0404475,1.7842689655172415,0.7781289375155784,,,
MIMAT0002888,9.375836734693877,10.407288409703504,0.1505748745341453,6.536121154625789e-17,-8.355129060056004,
MIMAT0002890,2.5680408163265303,1.7761629943502826,-0.53190415223903,,,
MIMAT0002891,0.9076142857142857,1.4132359420289857,0.6388511239457058,,,
MIMAT0003150,6.5946326530612245,6.335196765498653,-0.057902869066203344,0.06520853384103596,1.8438257835792382,
MIMAT0003161,2.9023469387755103,2.4245783333333337,-0.25948612049983755,,,
MIMAT0003163,2.798285714285714,2.482570652173913,-0.17270849758869922,,,
MIMAT0003165,0.3292764705882353,0.3809444444444445,0.2102811920195029,,,
MIMAT0003180,3.12534693877551,2.5010216066481994,-0.3214988282754525,,,
MIMAT0003214,0.6900371428571428,0.43277142857142864,-0.6730687643506824,,,
MIMAT0003215,0.8203499999999999,2.0721457875457876,1.336814040676588,,,
MIMAT0003218,3.467673469387756,3.701787601078167,0.09425406473610254,0.2573860002992375,-1.132591117994853,
MIMAT0003220,1.3086895833333332,0.8783880258899677,-0.5751926426661214,,,
MIMAT0003225,0.21300000000000002,0.41942666666666667,0.9775651587962972,,,
MIMAT0003228,0.306825,0.24313,-0.3356881183324776,,,
MIMAT0003233,1.8414208333333333,2.369083972125435,0.3635099617871401,,,
MIMAT0003235,1.0236425531914894,1.1049755287009062,0.11030239228721042,,,
MIMAT0003237,0.24155000000000001,0.33668461538461536,0.47907594675786536,,,
MIMAT0003238,0.2729333333333333,0.5312035087719298,0.9607160745460716,,,
MIMAT0003239,7.64938775510204,6.886725067385446,-0.15152619865145178,1.3675058214160363e-12,7.087303181703557,
MIMAT0003241,4.358020408163266,4.017167115902965,-0.11749447308847127,0.0001880077379615523,3.73460808117153,
MIMAT0003242,0.521704347826087,1.1297325581395348,1.1146769217263,,,
MIMAT0003243,0.3303,0.4086829787234043,0.30720518804219177,,,
MIMAT0003244,0.31844761904761903,0.4264432432432433,0.42129765587613877,,,
MIMAT0003245,0.7619688888888889,0.9818679083094557,0.3657968565283018,,,
MIMAT0003246,0.5035171428571428,0.8317385756676559,0.7240892477428895,,,
MIMAT0003247,3.838367346938776,3.2942611413043483,-0.2205378654420862,,,
MIMAT0003249,5.469530612244898,5.530097035040431,0.015887767058182956,0.31980824612620806,-0.994852010223229,
MIMAT0003250,0.2995636363636364,0.45869076923076924,0.6146593671084883,,,
MIMAT0003252,0.29785,0.3153714285714285,0.08246600439052476,,,
MIMAT0003254,2.1143836734693875,2.2386348066298343,0.08238200725279121,,,
MIMAT0003256,0.8434812500000001,1.46537044198895,0.7968375165811119,,,
MIMAT0003257,1.4916208333333332,1.5704095890410958,0.07426003479378784,,,
MIMAT0003258,4.031877551020409,3.949636118598383,-0.02973208115045134,0.1441085987113614,1.4606606292327207,
MIMAT0003260,2.713726530612245,1.888578662420382,-0.5229744682324168,,,
MIMAT0003265,0.32149999999999995,0.32774237288135594,0.027743469333840087,,,
MIMAT0003266,4.17830612244898,3.7586900269541785,-0.15268825135676556,4.152164852509447e-06,4.603616633839775,
MIMAT0003267,0.2009,0.6254944444444445,1.6385195065580307,,,
MIMAT0003268,0.1531,0.32376666666666665,1.080480178064819,,,
MIMAT0003271,0.23485,0.27032,0.20292866201865167,,,
MIMAT0003273,0.4722914285714285,0.4558276041666667,-0.051189058352753,,,
MIMAT0003274,0.24905000000000002,0.3296818181818182,0.4046389141469615,,,
MIMAT0003275,0.354968,0.35854910714285715,0.01448175200150481,,,
MIMAT0003277,0.4275,0.25025,-0.772554350937267,,,
MIMAT0003279,0.166,0.30357500000000004,0.8708697452908918,,,
MIMAT0003280,0.5362333333333333,0.37701363636363633,-0.5082441970316779,,,
MIMAT0003283,0.24491999999999997,1.1324696078431373,2.209089839777988,,,
MIMAT0003284,2.4869795918367346,2.6865111111111113,0.11133913604075363,,,
MIMAT0003286,0.1879,0.3343,0.831178288197348,,,
MIMAT0003287,2.2806,2.4665617563739377,0.11308797813090443,,,
MIMAT0003290,0.26025000000000004,0.33794166666666675,0.37687607566430303,,,
MIMAT0003291,0.28152,0.2810916666666667,-0.002196735445968878,,,
MIMAT0003293,2.527734693877551,2.055520485175202,-0.29834129921977826,1.995519956660348e-06,4.753877478681547,
MIMAT0003294,1.247318367346939,1.0756947368421053,-0.2135610231257657,,,
MIMAT0003296,1.8017061224489794,1.2331002739726027,-0.5470735889054414,,,
MIMAT0003297,1.9240285714285714,1.355617270194986,-0.5051803013979632,,,
MIMAT0003298,1.8260958333333333,1.707677653631285,-0.09672680660170863,,,
MIMAT0003301,4.460469387755102,2.4945627397260273,-0.8384085825614531,,,
MIMAT0003302,0.4670066666666666,0.44193248730964463,-0.07961715471748354,,,
MIMAT0003306,0.26651578947368426,0.4648028985507246,0.8023980589327506,,,
MIMAT0003309,0.6689236842105263,0.6104625482625483,-0.1319388379563432,,,
MIMAT0003311,0.3376904761904762,0.4507074626865672,0.4164898460758677,,,
MIMAT0003312,1.0968543478260868,1.2495014970059881,0.1879806680722815,,,
MIMAT0003313,0.375908,0.5989118466898955,0.6719640507616194,,,
MIMAT0003321,2.3747142857142856,2.222275543478261,-0.09571623583506317,,,
MIMAT0003322,4.053326530612244,4.18877358490566,0.04742150288614866,0.24395923807302988,-1.1651476343772367,
MIMAT0003323,0.30426363636363635,0.6311395161290322,1.0526370319551592,,,
MIMAT0003326,0.7068514285714287,0.5329293193717277,-0.40746280437589744,,,
MIMAT0003327,0.4184,0.328425,-0.3493189010731339,,,
MIMAT0003328,2.593918367346939,2.892068021680217,0.15696840743999885,,,
MIMAT0003329,4.184224489795918,2.473166120218579,-0.7586011089337414,,,
MIMAT0003330,1.3813958333333334,1.4005882175226585,0.01990607873258332,,,
MIMAT0003331,1.7144428571428572,1.6325778097982708,-0.07058806638475534,,,
MIMAT0003332,0.8190063829787234,0.9269401486988847,0.1786014932984128,,,
MIMAT0003333,0.38144999999999996,0.40404117647058824,0.0830083650367639,,,
MIMAT0003336,0.3252111111111111,0.4114052325581395,0.33918359410514753,,,
MIMAT0003337,0.29808,0.35432500000000006,0.2493736814453391,,,
MIMAT0003338,5.328816326530611,6.323301886792452,0.24686299104871345,4.128895785656323e-14,-7.556868321834093,
MIMAT0003339,1.2934428571428571,1.953222010869565,0.5946396221389381,,,
MIMAT0003340,2.3973816326530613,1.3687340845070421,-0.8086173966545479,,,
MIMAT0003385,0.359,0.34629574468085106,-0.051979184395231304,,,
MIMAT0003386,1.6589083333333334,1.154059872611465,-0.523516096250237,,,
MIMAT0003389,8.967877551020408,7.65466037735849,-0.22842820994045043,1.2305515386284898e-19,9.06636372564039,
MIMAT0003393,6.799591836734693,7.3801886792452835,0.11820955275592837,1.8696583723184796e-06,-4.767025302605202,
MIMAT0003879,4.411510204081633,3.093806199460916,-0.5118897948953378,1.3776421967552905e-13,7.398468347896726,
MIMAT0003880,1.429973469387755,2.042018378378378,0.5140074700663727,,,
MIMAT0003881,0.30864375,0.713512605042017,1.2089963395861552,,,
MIMAT0003882,0.32818,2.915446913580247,3.1511578277551657,,,
MIMAT0003884,0.4667555555555556,0.7123172955974844,0.60985282620526,,,
MIMAT0003885,2.321918367346939,2.9072646900269543,0.32434517502410265,3.175448705293962e-08,-5.531477350737714,
MIMAT0003886,3.5140000000000002,3.7179622641509433,0.0813979362003534,0.025697862022265327,-2.2307474590467997,
MIMAT0003887,0.8953479166666667,1.2086497222222221,0.4328758962008797,,,
MIMAT0003888,3.660918367346938,3.881440161725067,0.08438644220316038,0.027890935111007962,-2.1988170295179232,
MIMAT0003945,0.36821000000000004,0.6347362318840579,0.7856283880645155,,,
MIMAT0003948,0.31529999999999997,0.49265624999999996,0.6438561897747246,,,
MIMAT0004185,0.9588476190476191,1.4161517006802722,0.5626023536097152,,,
MIMAT0004284,0.7411878048780489,1.1504421875,0.6342774371586314,,,
MIMAT0004481,5.041122448979592,4.489460916442049,-0.1672027778169176,6.1283742219887665e-09,5.813216434816036,
MIMAT0004482,4.929020408163265,3.7745768194070077,-0.3849860462938399,1.1573332692251086e-20,9.320554988164387,
MIMAT0004484,8.192469387755102,7.944032345013478,-0.04442687998539485,0.04112224644331511,2.042295316141078,
MIMAT0004485,3.5017959183673466,2.602761891891892,-0.42805167129743427,,,
MIMAT0004486,2.065877551020408,1.6161795013850415,-0.3541673048392322,,,
MIMAT0004487,1.1831744680851064,0.8197754491017962,-0.5293621362955689,,,
MIMAT0004488,0.36550000000000005,0.4479743169398907,0.29354461653913533,,,
MIMAT0004489,2.229612244897959,2.5760086253369274,0.20834459331373312,0.0001380608118502102,-3.8116167641529377,
MIMAT0004490,0.27821764705882357,0.3356486842105263,0.2707380554166665,,,
MIMAT0004491,3.630081632653061,3.414945283018868,-0.08813952897621546,0.0426989208393722,2.0266431448033937,
MIMAT0004492,0.2376,0.23993333333333333,0.014098765402805746,,,
MIMAT0004493,3.44934693877551,3.1896618918918924,-0.11291973917634013,,,
MIMAT0004494,10.745102040816326,10.236544474393531,-0.06995039294199845,0.013825194142081223,2.4617735079910235,
MIMAT0004495,5.089877551020408,4.481630727762803,-0.1836071690707337,1.0787015184273806e-05,4.400764493303384,
MIMAT0004496,1.5641959183673466,1.0731094117647058,-0.5436240466673788,,,
MIMAT0004497,3.8475306122448987,3.3543048517520213,-0.197918992791011,0.0002448217372878521,3.66761678784624,
MIMAT0004498,0.33215,0.5478605263157895,0.7219737459164549,,,
MIMAT0004499,1.5183,1.0027138328530258,-0.5985469500335767,,,
MIMAT0004500,5.882693877551021,4.652870619946092,-0.3383558921770726,5.1651834284791634e-23,9.878398374639463,
MIMAT0004501,2.741883673469388,2.042343324250681,-0.42494195684942215,,,
MIMAT0004502,12.25918367346939,11.939304582210243,-0.03814410692950654,9.40191736803319e-05,3.905529792179045,
MIMAT0004503,3.027224489795918,2.9472792452830188,-0.03861190734630293,0.564192136819369,0.5766259920802983,
MIMAT0004504,0.63206875,0.7633775,0.27231517617907586,,,
MIMAT0004505,1.0576479166666666,1.237612957746479,0.22670076228518643,,,
MIMAT0004506,2.4127551020408164,1.9309235135135134,-0.3213904691326006,,,
MIMAT0004507,1.7161408163265308,2.067689430894309,0.26885157094346357,,,
MIMAT0004508,0.2503,0.49556000000000006,0.9854014514753398,,,
MIMAT0004509,2.8168367346938776,3.1826045822102427,0.17613197590193086,0.00026927007680101645,-3.6431994005594524,
MIMAT0004511,3.02734693877551,1.8782165760869567,-0.6886905908572418,,,
MIMAT0004512,0.5711697674418605,0.5775616740088105,0.016055392490554765,,,
MIMAT0004513,3.9073061224489796,2.9658727762803236,-0.3977175761248639,2.7245183441770323e-17,8.457807304031215,
MIMAT0004514,2.732081632653061,2.329616756756757,-0.22990795308952539,,,
MIMAT0004515,4.593918367346939,4.4020242587601075,-0.061558124970548356,0.062429284322669955,1.8632344760379669,
MIMAT0004517,0.2734125,0.3985444444444444,0.5436614158228483,,,
MIMAT0004518,3.0850816326530612,3.0770134770889492,-0.0037779016602859095,0.7423857818453852,0.3286955980913752,
MIMAT0004543,7.089469387755102,6.4690199460916435,-0.13213049175347757,5.516041296622116e-06,4.544138382756574,
MIMAT0004548,0.2806076923076923,0.34587924528301883,0.301713888275394,,,
MIMAT0004549,6.966428571428572,6.198657681940701,-0.16846339557526324,3.3769509801520997e-09,5.912138157670203,
MIMAT0004550,6.470040816326529,5.128075471698113,-0.335357318739244,7.305604818538807e-17,8.34198123613235,
MIMAT0004551,3.5383877551020406,3.4381617250673853,-0.041454746542548104,0.11079204281208946,1.5946432158833004,
MIMAT0004552,6.649897959183674,4.207471698113207,-0.6603786358464432,1.571197184282511e-28,11.079859046520129,
MIMAT0004553,4.152489795918368,3.6257654986522914,-0.1956910031765775,2.0929563160891418e-07,5.190886102429699,
MIMAT0004554,0.30243181818181814,0.3050836363636364,0.012594870500375999,,,
MIMAT0004555,1.9270061224489796,1.1065644376899697,-0.8002736904433807,,,
MIMAT0004556,0.8892558139534884,2.7486760445682448,1.6280664759145886,,,
MIMAT0004557,0.6842452380952382,1.0693988826815644,0.6442146799955791,,,
MIMAT0004558,9.373938775510204,9.12932345013477,-0.03814742221838063,0.14342224171923829,1.4631649766467503,
MIMAT0004559,4.053040816326531,3.599800808625337,-0.17108762550458145,0.00015235484643095045,3.78719937686615,
MIMAT0004560,0.336575,0.7233656565656564,1.1037970837317963,,,
MIMAT0004561,0.2658,0.35008333333333336,0.3973572753765493,,,
MIMAT0004563,11.294081632653063,8.971703504043127,-0.33211311586177095,2.014947448720958e-18,8.756450733154235,
MIMAT0004564,4.612571428571429,3.004623888888889,-0.6183868430125672,,,
MIMAT0004565,0.47620606060606063,0.6586888349514562,0.4680111143554516,,,
MIMAT0004566,0.2732,0.48803636363636366,0.8370311635112673,,,
MIMAT0004567,2.221387755102041,2.21068,-0.0069710374907554495,,,
MIMAT0004568,1.3377720930232557,1.1051952522255193,-0.27553108529271697,,,
MIMAT0004569,1.8398224489795916,1.9788875338753387,0.10512307548675504,,,
MIMAT0004570,1.894942857142857,1.3478928774928776,-0.49144849967561954,,,
MIMAT0004571,2.236475510204081,1.6880841423948219,-0.40584014383175626,,,
MIMAT0004584,5.646306122448981,4.546768194070081,-0.31246589499846333,3.269230803646421e-20,9.20973761509358,
MIMAT0004585,5.915836734693877,4.907609164420485,-0.2695618782497693,7.692429438946192e-14,7.4754770308781335,
MIMAT0004586,4.484897959183673,4.7074959568733155,0.06988469456673574,0.12505110877498682,-1.5339127910930843,
MIMAT0004587,1.670512244897959,1.0786855932203392,-0.6310161369928617,,,
MIMAT0004588,4.3873265306122455,4.31367115902965,-0.0244258834289659,0.3938088869720844,0.8527302944770534,
MIMAT0004589,3.2694081632653065,2.903541778975741,-0.1712157058793442,3.856799083141214e-05,4.115894974957525,
MIMAT0004590,8.635448979591837,6.943701891891892,-0.31456617809482346,,,
MIMAT0004592,0.9075979166666666,0.6444003773584907,-0.49409595851764,,,
MIMAT0004593,1.1387183673469388,0.7130714801444044,-0.6752923691673648,,,
MIMAT0004594,1.5602604166666667,1.2943697222222221,-0.2695370776115434,,,
MIMAT0004595,0.4719461538461539,0.6527934579439253,0.46800433287808374,,,
MIMAT0004596,0.425,0.3625916666666667,-0.2291170728059606,,,
MIMAT0004597,10.087,10.637191374663074,0.07662011177101524,7.537088697350496e-13,-7.169320559513024,
MIMAT0004598,2.0491541666666664,1.7948852367688024,-0.1911369261074226,,,
MIMAT0004599,5.039020408163266,4.65069218328841,-0.1156978443242278,0.007260352985128362,2.6846604278396513,
MIMAT0004600,8.127387755102042,6.624118598382749,-0.2950632233116117,7.840312800571899e-14,7.472972683464104,
MIMAT0004601,5.418265306122449,4.338333153638814,-0.32069019088342543,9.819918809874738e-13,7.133007522009596,
MIMAT0004602,1.7520530612244896,1.3328632768361581,-0.3945176693938026,,,
MIMAT0004603,5.803938775510205,4.221207837837838,-0.459376436393903,,,
MIMAT0004604,7.761714285714285,6.477080862533693,-0.26103157206809025,3.350966012188553e-11,6.630259778643169,
MIMAT0004605,0.4237666666666667,0.4619188405797101,0.12436928121313029,,,
MIMAT0004606,4.200224489795919,3.1105320754716987,-0.43330505456477586,1.555196702551349e-10,6.3998598165524525,
MIMAT0004607,0.3435714285714286,0.558490909090909,0.7009237304167178,,,
MIMAT0004608,1.8023185185185187,1.3305147465437788,-0.4378694966645292,,,
MIMAT0004609,0.3401647058823529,0.37097209302325584,0.12507720130739708,,,
MIMAT0004610,1.7547499999999998,1.1121946372239748,-0.6578562178863852,,,
MIMAT0004611,2.7051632653061226,2.521025067385445,-0.10170520450549825,0.0684682263559704,1.8219127437064797,
MIMAT0004612,0.5597918918918918,0.44988019801980195,-0.3153497243766653,,,
MIMAT0004613,1.2299408163265306,1.0735714285714286,-0.19617071393049207,,,
MIMAT0004614,9.488020408163264,9.008013477088948,-0.07489812716998667,3.4285270562838547e-07,5.098225248110607,
MIMAT0004615,2.7642244897959185,1.988992243767313,-0.4748371351879227,,,
MIMAT0004657,0.4868640000000001,0.8893783018867925,0.8692783798688247,,,
MIMAT0004658,0.4439344827586207,0.5940859296482413,0.42032484526966307,,,
MIMAT0004671,7.337326530612245,6.588695417789757,-0.15526165496852418,4.5132028518518894e-08,5.469494752240483,
MIMAT0004672,7.596367346938776,7.894490566037735,0.05553649815963846,0.004794569410327624,-2.820521275050753,
MIMAT0004673,5.616142857142858,4.536676549865229,-0.3079438298293522,2.0601899695409317e-18,8.753946385740207,
MIMAT0004674,2.105428571428572,1.2458555555555555,-0.7569771195502616,,,
MIMAT0004675,0.478875,0.7486205479452055,0.6445855268564304,,,
MIMAT0004676,0.28948,0.6813045226130652,1.2348361069276677,,,
MIMAT0004677,0.6067304347826087,1.0451996794871794,0.7846510006677903,,,
MIMAT0004678,4.059142857142857,4.359628032345014,0.10302993310442998,0.07980974957176355,-1.7517910161136532,
MIMAT0004679,0.9698023255813952,1.152501879699248,0.24900648522601943,,,
MIMAT0004680,3.954122448979592,4.129633423180593,0.0626561747360248,0.4517165272658573,-0.7525563979158724,
MIMAT0004681,2.3101632653061226,1.9370694594594593,-0.254119127248023,,,
MIMAT0004682,7.376551020408162,7.6595525606469,0.054313690782939794,0.0017343514962033578,-3.132312528097429,
MIMAT0004683,1.608308163265306,2.2106498652291107,0.45892667772825,1.968121562004786e-09,-6.000416404014743,
MIMAT0004687,0.23045555555555555,1.2549294117647058,2.445045764610228,,,
MIMAT0004688,10.422714285714287,10.211504043126686,-0.029535658424489686,0.01029666760171534,2.565703925673249,
MIMAT0004689,1.8129469387755102,1.3809863924050634,-0.3926375969634165,,,
MIMAT0004690,1.055491836734694,1.0809875939849625,0.03443454519685228,,,
MIMAT0004692,5.098387755102041,5.101288409703504,0.0008205672521484075,0.8221619550093328,0.22476518040914992,
MIMAT0004693,3.3762448979591837,3.785865229110512,0.16520349967026293,0.0013835949781748813,-3.198051647715704,
MIMAT0004694,3.240755102040816,2.6105894594594594,-0.3119544052539027,,,
MIMAT0004695,0.8443261904761905,0.6093732484076434,-0.47047429946203956,,,
MIMAT0004696,0.31795,0.6217683333333334,0.9675772332473023,,,
MIMAT0004697,6.703938775510204,7.188140161725068,0.10060956674937094,1.6468297365421233e-07,-5.235338269028723,
MIMAT0004698,0.3596000000000001,0.64613,0.8454314404858506,,,
MIMAT0004699,1.711720408163265,1.9341283783783785,0.17623648567039696,,,
MIMAT0004700,1.6677285714285714,1.8447286103542235,0.14552408364233527,,,
MIMAT0004701,2.0700000000000003,1.9921517711171661,-0.05530320510916187,,,
MIMAT0004702,2.65034693877551,2.9308254054054057,0.1451258012524843,,,
MIMAT0004703,6.178408163265306,5.9203045822102425,-0.06156378249459449,0.054516137588111954,1.9227127271211681,
MIMAT0004748,5.303530612244898,5.982711590296496,0.17384642068954603,6.333934506157644e-12,-6.871929304097018,
MIMAT0004749,3.276510204081632,1.843334782608696,-0.8298419107186596,,,
MIMAT0004751,0.37920476190476193,0.4271457831325302,0.17175145873794295,,,
MIMAT0004752,0.5491805555555556,0.7598228682170542,0.46838258720838427,,,
MIMAT0004757,2.7908571428571425,2.862244444444445,0.036438609634840136,,,
MIMAT0004761,5.334938775510204,3.454176368876081,-0.6271299663939671,,,
MIMAT0004762,0.8748288888888889,0.6289479069767441,-0.47606033243638807,,,
MIMAT0004763,0.411856,0.4412275229357798,0.09938277997483236,,,
MIMAT0004764,0.6570714285714285,0.4040666666666667,-0.701456868972685,,,
MIMAT0004765,0.5832666666666666,0.6662756666666667,0.19196357792875407,,,
MIMAT0004766,7.991612244897959,6.8046388140161715,-0.23196799848168936,1.0046208760861054e-08,5.729946883299554,
MIMAT0004767,4.684551020408163,3.98498409703504,-0.23333681602153034,1.155167757555209e-07,5.30045130179349,
MIMAT0004768,0.7720553191489362,0.8585053511705686,0.15312290386769484,,,
MIMAT0004770,0.6921227272727273,2.021975956284153,1.5466660574806617,,,
MIMAT0004772,0.6000918918918918,0.7676505263157894,0.3552662349180517,,,
MIMAT0004773,1.9867346938775512,2.636455795148248,0.4082005778647866,3.784309174013035e-09,-5.893355552064981,
MIMAT0004774,4.839224489795918,5.81632614555256,0.2653323025807781,6.541260515025551e-14,-7.4967639838973845,
MIMAT0004775,3.1365918367346937,3.735590296495957,0.25213843097854705,6.431420316264187e-10,-6.179477244117854,
MIMAT0004776,4.168020408163265,3.4832320754716988,-0.25893574378937734,2.5706480166714057e-08,5.56841647509465,
MIMAT0004778,0.67532,0.5633829931972788,-0.26145527057362705,,,
MIMAT0004779,0.3049,0.45930666666666664,0.5911215735489668,,,
MIMAT0004780,5.380979591836735,5.662838274932613,0.0736564933004269,0.004869949022849494,-2.815512580222694,
MIMAT0004784,10.538714285714287,9.123994609164422,-0.2079613707694583,8.247366999815999e-19,8.856624629715418,
MIMAT0004785,0.5352512195121951,0.6563506756756757,0.29425064769608145,,,
MIMAT0004792,0.235375,0.41616041666666675,0.8221786540048093,,,
MIMAT0004793,0.8529782608695653,1.0337294832826747,0.2772778177248928,,,
MIMAT0004794,0.26177500000000004,0.34119459459459456,0.38226746701529746,,,
MIMAT0004795,0.334525,0.3196875,-0.06545169672111717,,,
MIMAT0004797,7.850346938775511,7.207843665768195,-0.12318869376216446,0.00015545420441613343,3.782190682038091,
MIMAT0004798,0.33195624999999995,0.5738736526946108,0.789740025006712,,,
MIMAT0004799,5.394734693877551,6.5620377358490565,0.28259187871618163,5.526418885612854e-22,-9.637981022892628,
MIMAT0004800,1.8670510204081634,2.0093354054054053,0.10595705170744696,,,
MIMAT0004801,3.2459795918367345,2.8479865229110515,-0.18871161010775928,1.066318924960346e-05,4.403268840717414,
MIMAT0004803,0.56275,0.3253979591836735,-0.7902889488706697,,,
MIMAT0004805,2.1227897959183673,1.67729756097561,-0.33982286603570966,,,
MIMAT0004807,0.35045714285714286,0.26238965517241375,-0.4175271867304562,,,
MIMAT0004808,5.343714285714285,5.594172506738545,0.06608186990972342,0.12474331184799914,-1.5351649648000991,
MIMAT0004809,3.9054897959183674,3.2529164420485173,-0.26376972699739754,2.322243784772006e-09,5.973494669313926,
MIMAT0004810,6.006204081632653,5.932745652173914,-0.017753563192344224,,,
MIMAT0004811,1.4348836734693877,0.777402564102564,-0.8842000106100971,,,
MIMAT0004813,1.9250833333333333,1.3992904320987656,-0.460225464188111,,,
MIMAT0004814,5.759469387755102,4.143520215633424,-0.47507894332543676,3.5311985074341326e-15,7.870537835441291,
MIMAT0004819,1.5858938775510207,1.4696572602739726,-0.10981649174777752,,,
MIMAT0004902,0.5828428571428571,1.7785861016949154,1.6095519477012008,,,
MIMAT0004907,0.21165,0.8067471698113207,1.9304361228766656,,,
MIMAT0004909,4.77234693877551,3.543382749326145,-0.4295716165048362,3.697309581789493e-17,8.422120353381294,
MIMAT0004910,0.29035000000000005,0.26534500000000005,-0.12992367030395302,,,
MIMAT0004911,5.196408163265306,4.213358490566038,-0.3025440830908681,1.8176157335289043e-08,5.628520813031359,
MIMAT0004919,0.30538333333333334,0.4964394366197182,0.7009963987294208,,,
MIMAT0004920,0.41443125000000003,1.120025306122449,1.43432663124908,,,
MIMAT0004921,4.768979591836735,4.1641718918918915,-0.1956509863966276,,,
MIMAT0004922,0.30305,0.5568894736842105,0.877835180548042,,,
MIMAT0004924,0.27525,0.4360928571428571,0.663892796616183,,,
MIMAT0004925,0.32230000000000003,0.34181666666666666,0.08481855481651968,,,
MIMAT0004926,1.3454916666666665,1.6783742671009771,0.3189310081000001,,,
MIMAT0004927,2.594683333333333,2.414328448275862,-0.10393652093209504,,,
MIMAT0004928,0.3761375,0.6500009708737863,0.7891817262651594,,,
MIMAT0004929,0.3759521739130435,1.0295117056856187,1.4533391848934447,,,
MIMAT0004945,5.01630612244898,4.642967654986523,-0.11157816149915112,1.4699281347668496e-05,4.3331471131245864,
MIMAT0004946,4.031877551020408,3.2524231805929915,-0.3099368424043434,2.1475723562054203e-10,6.350398955125369,
MIMAT0004947,8.791755102040817,7.873764150943397,-0.1590977010185517,0.002770935602975646,2.9920690729117756,
MIMAT0004948,2.5828979591836734,2.2556368876080692,-0.19545580759460268,,,
MIMAT0004949,0.7259086956521739,1.4651938888888891,1.0132315854472724,,,
MIMAT0004950,0.36636875,0.4154805031446541,0.18148432688136573,,,
MIMAT0004951,1.9195326530612242,2.011259891598916,0.0673444143029569,,,
MIMAT0004952,0.49848095238095247,0.5861768707482994,0.23379766518963074,,,
MIMAT0004953,0.37243478260869567,0.4904468085106383,0.39710886114128496,,,
MIMAT0004954,1.0442416666666665,1.0964209375,0.07034615312058021,,,
MIMAT0004955,6.667387755102041,6.342811320754717,-0.07199920529174486,8.321198280388278e-05,3.934955874293892,
MIMAT0004956,1.7952918367346937,1.7093113513513516,-0.07080317477564357,,,
MIMAT0004957,0.4226892857142857,0.7886512727272728,0.8997899641447378,,,
MIMAT0004958,0.5975605263157895,1.099292899408284,0.8794190794071007,,,
MIMAT0004959,2.1737775510204083,3.5517275229357796,0.7083165942905116,,,
MIMAT0004960,0.24864999999999998,0.28776666666666667,0.2107830566296076,,,
MIMAT0004972,0.31820000000000004,0.20163333333333333,-0.658199675702889,,,
MIMAT0004975,0.4667375,0.5401817307692307,0.21083346274913373,,,
MIMAT0004976,0.21005000000000001,0.28005625,0.41498383936635963,,,
MIMAT0004977,0.30171764705882353,0.7203142857142858,1.2554274367429716,,,
MIMAT0004978,0.8861755555555555,1.0282069277108432,0.2144662007296277,,,
MIMAT0004980,1.0258408163265305,1.6365061452513963,0.6738121401010914,,,
MIMAT0004982,0.5965590909090909,0.9667461318051577,0.696472038604522,,,
MIMAT0004983,1.0887208333333334,1.3572532212885153,0.3180558381867435,,,
MIMAT0004985,2.098632653061224,2.435185983827493,0.21458230245205523,0.014975396336714913,-2.432973512729684,
MIMAT0004986,0.31072500000000003,0.2873322033898305,-0.11291862588041868,,,
MIMAT0004987,1.0153297872340425,1.3191379629629632,0.3776470553311241,,,
MIMAT0005452,0.617415,2.0215920792079207,1.7111794782487408,,,
MIMAT0005457,0.3781125,1.8590426966292133,2.2976724558106234,,,
MIMAT0005458,0.41245185185185185,0.745658962264151,0.8542902300742743,,,
MIMAT0005459,0.3244,0.2742833333333334,-0.2421068592278035,,,
MIMAT0005572,0.3238,0.2939666666666667,-0.13945041071857878,,,
MIMAT0005573,0.25246,0.3128846153846154,0.3095758986332384,,,
MIMAT0005577,0.6491,1.1729478005865102,0.8536261495965631,,,
MIMAT0005580,0.24477500000000002,0.34271428571428575,0.4855501140066165,,,
MIMAT0005582,1.2307404255319148,1.0919968299711815,-0.17255784809037553,,,
MIMAT0005583,1.3212714285714287,1.0882151162790699,-0.2799630956637118,,,
MIMAT0005584,0.4495243243243243,0.800176644736842,0.8319193365550932,,,
MIMAT0005589,0.261025,0.34221473684210524,0.3907138987902332,,,
MIMAT0005591,0.4011,0.33601000000000003,-0.25545779643491473,,,
MIMAT0005592,0.29733,0.36286981132075474,0.28738700226533087,,,
MIMAT0005593,0.168,0.3433969696969697,1.0314160753446207,,,
MIMAT0005788,0.336125,0.4527694444444445,0.4297787497768,,,
MIMAT0005789,0.3076666666666667,0.5885747126436782,0.9358574129210557,,,
MIMAT0005791,0.2252,0.4424333333333334,0.9742532562175079,,,
MIMAT0005792,1.9686265306122448,2.0645247956403265,0.06862030326670976,,,
MIMAT0005793,0.8903369565217389,0.9412106194690267,0.0801661571223643,,,
MIMAT0005794,2.5517081632653063,2.190586486486487,-0.22014616391916886,,,
MIMAT0005795,0.5569833333333333,1.6773537313432836,1.5904809025494904,,,
MIMAT0005796,1.9355163265306121,1.3428402739726026,-0.5274307655728536,,,
MIMAT0005797,2.307918367346939,3.2766574123989223,0.5056326454706723,3.69398390458637e-11,-6.615859781012499,
MIMAT0005798,0.4230658536585365,0.5889850340136055,0.47734872784100524,,,
MIMAT0005799,0.25703333333333334,1.4944722891566264,2.5396087741087796,,,
MIMAT0005800,1.239,0.9821872340425531,-0.33510621110855543,,,
MIMAT0005823,0.25835,0.22110000000000002,-0.22462785860863432,,,
MIMAT0005824,0.30167307692307693,0.3630801470588235,0.267302099195325,,,
MIMAT0005825,3.33034693877551,4.392407008086254,0.39933926534250075,1.6064045056449748e-11,-6.737946717446438,
MIMAT0005826,0.3802222222222222,0.3450712765957447,-0.13994846306169695,,,
MIMAT0005874,0.7527652173913044,0.6956676470588236,-0.11380173995954002,,,
MIMAT0005875,1.0827375000000001,1.2882160563380283,0.25069106204842645,,,
MIMAT0005876,0.23038000000000003,0.38945833333333335,0.757453510684621,,,
MIMAT0005877,0.2295,0.30112812499999997,0.391883306675586,,,
MIMAT0005878,4.331469387755102,3.7956223719676556,-0.1905200560396294,0.00440719844401444,2.8474430097515704,
MIMAT0005879,0.1531,0.2156,0.49388289525271745,,,
MIMAT0005881,0.7379869565217392,0.6113054151624548,-0.27170197066956775,,,
MIMAT0005882,0.4612666666666667,0.5232511904761904,0.18190264870242823,,,
MIMAT0005884,0.48518750000000005,0.3937496688741722,-0.301263672186046,,,
MIMAT0005885,0.7839170731707317,1.378280204778157,0.8140962664615445,,,
MIMAT0005889,0.3173,0.39565046728971964,0.31837893988906996,,,
MIMAT0005891,0.20837499999999998,0.35106666666666664,0.7525628214511275,,,
MIMAT0005892,0.6252815789473685,0.735955,0.2351115398435168,,,
MIMAT0005893,0.4029,0.7120666666666666,0.8215905131867347,,,
MIMAT0005894,0.4029,0.4253381818181818,0.0781885633432422,,,
MIMAT0005895,0.21126666666666669,0.7362604938271604,1.8011511326395426,,,
MIMAT0005897,0.27995000000000003,0.242052,-0.20985216526481554,,,
MIMAT0005899,3.249020408163265,2.264826936026936,-0.5206039930259405,,,
MIMAT0005900,1.2218826086956522,0.5979577669902911,-1.0309901887618418,,,
MIMAT0005901,1.4437163265306123,1.285031607629428,-0.16798345177583457,,,
MIMAT0005902,0.3678461538461538,0.5208239669421487,0.5016933322472923,,,
MIMAT0005903,0.2886666666666666,1.5403186274509806,2.41575238566477,,,
MIMAT0005905,0.3187909090909091,0.6802713780918728,1.0934999012622457,,,
MIMAT0005906,0.3551,0.3476319587628866,-0.03066464118325629,,,
MIMAT0005907,0.35051666666666664,0.2982386363636364,-0.2330158756801226,,,
MIMAT0005908,0.2243,0.35816136363636364,0.6751800957478522,,,
MIMAT0005909,3.8727755102040815,1.2253044444444445,-1.6602276243264062,,,
MIMAT0005911,0.2373,0.2974111111111111,0.32574644613708625,,,
MIMAT0005914,0.7820711111111112,0.7866756554307117,0.008469145529553412,,,
MIMAT0005916,0.30359285714285716,0.3197096774193548,0.07462456650622262,,,
MIMAT0005919,0.6189358974358974,0.8084657817109145,0.38539671425616095,,,
MIMAT0005920,1.4678795918367344,2.686993783783784,0.8722593530314965,,,
MIMAT0005921,0.4257,0.3097333333333333,-0.4588104366940562,,,
MIMAT0005923,2.9296347826086953,6.196003296703296,1.0806170867390754,,,
MIMAT0005924,0.662004255319149,1.4053447129909367,1.0860116526776062,,,
MIMAT0005929,0.7544090909090909,0.5503929906542055,-0.45488496393061784,,,
MIMAT0005930,0.3605882352941177,0.6138274678111588,0.7674808780237058,,,
MIMAT0005933,1.8331208333333333,1.553019834710744,-0.23922563123556584,,,
MIMAT0005936,0.2924545454545454,0.3561545454545455,0.28429099069011254,,,
MIMAT0005941,0.42736285714285716,0.5828100418410043,0.4475642090272903,,,
MIMAT0005942,0.5954666666666667,0.6599939799331103,0.14843211469813689,,,
MIMAT0005943,0.4306,0.6690480392156863,0.6357614839625089,,,
MIMAT0005944,0.3012,0.3226333333333333,0.09917373032616639,,,
MIMAT0005948,2.4594897959183672,2.4298592991913748,-0.017486292423744443,0.5731093222493842,0.5634781681566432,
MIMAT0005949,5.044428571428571,5.521175202156334,0.13028453123710815,0.00016142608786376053,-3.7727993792354804,
MIMAT0005950,0.942504081632653,1.1516184135977336,0.28909199063400515,,,
MIMAT0005951,9.676551020408164,10.53142857142857,0.1221363194809637,2.2742856897292494e-11,-6.687233682312341,
MIMAT0005953,0.1879,0.21955000000000002,0.2245844677064861,,,
MIMAT0005955,0.2621727272727273,0.727723287671233,1.4728723628676916,,,
MIMAT0006764,0.8842791666666666,0.7127733576642336,-0.3110584876969661,,,
MIMAT0006765,0.36191428571428574,0.3127258064516129,-0.2107497789867614,,,
MIMAT0006767,0.4011,0.261,-0.6199121593572621,,,
MIMAT0006789,4.6858775510204085,3.619308918918919,-0.37260500358374404,,,
MIMAT0006790,8.420244897959183,5.703770889487871,-0.5619461614475578,5.1597457226758945e-15,7.822955234574731,
MIMAT0007399,0.3399409090909091,0.3394777777777778,-0.0019668500885736684,,,
MIMAT0007400,0.3904105263157895,0.4137755681818182,0.0838565106336393,,,
MIMAT0007401,0.1478,0.24244999999999997,0.7140409842501789,,,
MIMAT0007881,0.3940857142857143,0.34927446808510637,-0.17414826655522564,,,
MIMAT0007882,0.2887,0.29032142857142856,0.008079953377224447,,,
MIMAT0007884,0.27252857142857145,0.3623409090909091,0.41094021095612265,,,
MIMAT0007885,1.6532999999999998,1.4137749999999998,-0.2257959971660377,,,
MIMAT0007887,3.187,0.9251542857142857,-1.7844331335918173,,,
MIMAT0007888,0.25676666666666664,0.2649785714285714,0.045417770388586964,,,
MIMAT0007889,0.26925714285714286,0.3423989898989899,0.3466938285831165,,,
MIMAT0007890,0.2503,0.27158,0.11771894789646797,,,
MIMAT0007891,0.3242,0.4692138613861385,0.5333615428384497,,,
MIMAT0007892,0.3769,0.4108677966101695,0.12449246300027927,,,
MIMAT0009196,0.7102222222222222,1.2757483516483517,0.8450013708422159,,,
MIMAT0009198,1.4809428571428571,2.521140166204986,0.7675603543595483,,,
MIMAT0009199,1.1922125,1.3776335164835165,0.2085507429045041,,,
MIMAT0009201,0.1508,0.43069599999999997,1.5140334963036772,,,
MIMAT0009203,0.259,0.28827142857142857,0.15447575626072574,,,
MIMAT0009206,0.392,0.709709090909091,0.8563741320980215,,,
MIMAT0009451,3.0593061224489797,2.73997385444744,-0.15904234741356893,0.0033344540087078406,2.935095169242604,
MIMAT0010133,1.0184739130434783,1.0528190340909092,0.04784844922769219,,,
MIMAT0010195,3.088755102040816,2.221956043956044,-0.47519521185034885,,,
MIMAT0010214,2.3773469387755104,1.9176032432432433,-0.31004820460717075,,,
MIMAT0010251,0.1927,0.4030263157894736,1.0645174716343755,,,
MIMAT0011156,0.4871868421052632,1.3386509157509159,1.458232718825312,,,
MIMAT0011157,0.3322259259259259,0.9480766666666667,1.5128390667200184,,,
MIMAT0011158,0.31996250000000004,0.4626955555555556,0.5321604117125034,,,
MIMAT0011159,0.3352166666666666,0.5521960784313725,0.7200867619754319,,,
MIMAT0011160,0.38723448275862066,0.39833101265822785,0.04076037869284366,,,
MIMAT0011161,0.7397266666666665,0.7491820261437908,0.018324002912321058,,,
MIMAT0011163,0.5879400000000001,0.5760535849056604,-0.029465915363384387,,,
MIMAT0011775,0.3761,0.4562954545454545,0.2788519758572554,,,
MIMAT0011777,0.33817419354838707,0.4806691304347826,0.5072775833195826,,,
MIMAT0011778,0.2827571428571429,0.30882615384615386,0.12723146737641433,,,
MIMAT0013515,0.29274,0.55216,0.9154664897883323,,,
MIMAT0013516,0.40255238095238094,0.5996066666666666,0.57483990191638,,,
MIMAT0013517,0.1586,0.685764,2.1123193992207256,,,
MIMAT0013518,0.3803,0.6897789473684209,0.8589961582404252,,,
MIMAT0014977,0.25832,0.35861891891891895,0.4732922534371773,,,
MIMAT0014978,0.23712999999999998,0.291153125,0.2960999096911807,,,
MIMAT0014979,0.37130869565217395,0.7414159817351599,0.9976641118216293,,,
MIMAT0014983,0.2496333333333333,0.3021148148148148,0.2752863423448466,,,
MIMAT0014986,0.35207777777777777,0.29551590909090913,-0.25265837102094535,,,
MIMAT0014987,0.574154761904762,0.7512649350649351,0.38788210275769075,,,
MIMAT0014988,0.30515,0.3204458333333333,0.0705619206114172,,,
MIMAT0014989,0.164,0.2279142857142857,0.47479554101577337,,,
MIMAT0014990,1.3424387755102039,1.941112972972973,0.5320277926511883,,,
MIMAT0014991,0.29469999999999996,0.3440953703703704,0.22356142100955245,,,
MIMAT0014992,0.2648142857142857,0.3729564102564103,0.49402607145446886,,,
MIMAT0014994,0.5315371428571428,0.5352804597701148,0.0101244803186753,,,
MIMAT0014995,3.037584782608696,2.2537563573883164,-0.43059311540440603,,,
MIMAT0014996,0.44233750000000005,0.8273648484848485,0.9033761097448698,,,
MIMAT0014997,0.1966,0.2804555555555555,0.5125088400292572,,,
MIMAT0014998,0.22669999999999998,0.3129,0.4649172675001363,,,
MIMAT0014999,0.31557999999999997,0.39209022556390977,0.3131799003756015,,,
MIMAT0015001,0.27965999999999996,0.3474629629629629,0.31318528647123545,,,
MIMAT0015002,0.3992,1.7906765957446809,2.165321177842332,,,
MIMAT0015003,0.5445794117647058,0.6085760714285714,0.16029516847631564,,,
MIMAT0015004,0.39188571428571434,0.44854999999999995,0.19483582953161216,,,
MIMAT0015005,0.18610000000000002,0.39175333333333334,1.0738674948923936,,,
MIMAT0015006,0.1971,0.29645937499999997,0.5889066437301924,,,
MIMAT0015007,0.27685,0.3785145833333334,0.451244363276319,,,
MIMAT0015008,0.3461416666666666,0.43541219512195123,0.33101919961337867,,,
MIMAT0015009,0.27566363636363633,0.30698032786885243,0.15523723718220617,,,
MIMAT0015012,0.257475,0.3378266666666667,0.391850855112051,,,
MIMAT0015015,0.2916625,0.9930718894009216,1.767598253427073,,,
MIMAT0015016,0.31404347826086954,0.40836081081081077,0.37888011243796105,,,
MIMAT0015017,0.22335,0.320975,0.5231546789039545,,,
MIMAT0015018,0.32981249999999995,0.3117083333333333,-0.08144935336218206,,,
MIMAT0015020,1.3423183673469388,1.2763864265927978,-0.07266171469291388,,,
MIMAT0015022,0.307525,0.35546712328767127,0.20901243498011102,,,
MIMAT0015023,0.35375,0.29225641025641025,-0.27549547923990203,,,
MIMAT0015024,0.2367,0.389790243902439,0.7196382756220148,,,
MIMAT0015025,0.2496,0.30262857142857147,0.27793026588736525,,,
MIMAT0015027,0.30095,0.3724380165289256,0.30747652645404866,,,
MIMAT0015028,0.37533529411764704,0.33169200000000004,-0.17833574183978262,,,
MIMAT0015029,0.2537,0.31196818181818187,0.2982753741922395,,,
MIMAT0015030,0.2112,0.2891,0.4529587741185961,,,
MIMAT0015031,0.6370511627906977,0.5049454545454546,-0.33528168991631513,,,
MIMAT0015032,0.32539444444444443,0.38405193798449616,0.23911181004965565,,,
MIMAT0015033,0.3242,0.33410806451612907,0.04343071521464581,,,
MIMAT0015034,0.24476666666666666,0.304792,0.31641793707109667,,,
MIMAT0015035,0.802678947368421,0.9857037735849057,0.2963310898949341,,,
MIMAT0015037,0.271745,0.3759594936708861,0.4683237420913706,,,
MIMAT0015038,0.2545,0.3381302325581395,0.4099133584862267,,,
MIMAT0015039,0.2295,0.3080875,0.42484599561956515,,,
MIMAT0015040,0.2622,0.19240000000000002,-0.4465588864517125,,,
MIMAT0015041,0.2732333333333334,0.36471568627450973,0.41663875356445845,,,
MIMAT0015043,0.2974,0.2617066666666667,-0.18445397159270982,,,
MIMAT0015045,1.6584755102040816,1.4074690807799444,-0.23675447920765552,,,
MIMAT0015048,0.26656,0.26935,0.015021759360909881,,,
MIMAT0015049,0.24364,0.46289393939393936,0.9259306642134268,,,
MIMAT0015050,2.2345040816326533,1.9624915697674417,-0.1872682233548687,,,
MIMAT0015051,0.37801428571428575,0.48032323943661964,0.34556485501179934,,,
MIMAT0015052,0.312975,0.2693857142857143,-0.21637407562850464,,,
MIMAT0015053,0.3760466666666667,0.4683984962406015,0.3168247354915459,,,
MIMAT0015054,0.300875,0.39572232142857144,0.395324208712065,,,
MIMAT0015055,0.19415,0.3139777777777778,0.6934907466975413,,,
MIMAT0015060,0.18005,0.30525555555555556,0.7616199525215497,,,
MIMAT0015061,0.19175,0.34196875,0.8346379161551221,,,
MIMAT0015063,0.253625,0.27600975609756095,0.12202230276358028,,,
MIMAT0015066,2.0527,1.5881737609329447,-0.3701540291232883,,,
MIMAT0015068,0.4811,0.26395,-0.8660721334115935,,,
MIMAT0015069,0.30078,0.461,0.6160581107005625,,,
MIMAT0015070,0.35404782608695656,0.4550731034482758,0.3621540620175643,,,
MIMAT0015071,0.36481,0.734046511627907,1.0087262033979036,,,
MIMAT0015072,0.35705,0.3697471264367816,0.05041281694196442,,,
MIMAT0015073,0.3521608695652174,0.404267808219178,0.19907671391989568,,,
MIMAT0015075,0.45493157894736835,0.4963273858921162,0.1256424781447847,,,
MIMAT0015076,0.24564444444444444,0.33610606060606063,0.452344946196898,,,
MIMAT0015077,0.6197142857142857,0.5073444954128441,-0.2886375317686628,,,
MIMAT0015078,0.4177138888888889,0.5073928229665071,0.2805879991627038,,,
MIMAT0015079,0.2069,0.2828952380952381,0.4513342472159707,,,
MIMAT0015080,0.2559,0.3304433333333333,0.3688227424241741,,,
MIMAT0015081,0.24464999999999998,1.1010415730337078,2.17007775520329,,,
MIMAT0015083,0.2764083333333333,0.3380404761904762,0.2903948901772717,,,
MIMAT0015084,1.3872938775510204,1.011979420289855,-0.4550934819520691,,,
MIMAT0015085,0.9026347826086957,1.8579456824512532,1.0414940464420308,,,
MIMAT0015087,0.35755000000000003,0.4580035714285714,0.3572138449273259,,,
MIMAT0015088,0.3803,0.59175,0.6378498619913857,,,
MIMAT0015089,0.341525,0.28124473684210527,-0.28016509094567055,,,
MIMAT0015377,0.22433333333333336,0.25546976744186045,0.18750856711733555,,,
MIMAT0015378,5.67761224489796,4.7309460916442045,-0.2631556012453311,2.2686350849093233e-07,5.175860017945522,
MIMAT0016847,5.262387755102042,3.838898113207547,-0.45502528567355083,1.9308978022897553e-17,8.497876862655687,
MIMAT0016858,0.3267222222222222,0.2885830508474576,-0.17907801445667415,,,
MIMAT0016873,0.272,0.4642,0.7711398712067805,,,
MIMAT0016888,1.6902181818181816,2.56417060518732,0.6012827649722216,,,
MIMAT0016895,4.9782244897959185,4.773458221024259,-0.06059645677762049,0.0949641579462774,1.6697736383041861,
MIMAT0016915,0.29131250000000003,0.39228695652173906,0.4293417590700004,,,
MIMAT0016916,0.46335833333333337,0.4470329032258065,-0.05174729542393797,,,
MIMAT0016920,0.2155,0.20579999999999998,-0.06644488708249208,,,
MIMAT0016925,1.9867346938775512,2.6370056603773584,0.4085014382574377,3.5344954754117527e-09,-5.9046251154281135,
MIMAT0017352,0.613552380952381,0.7697814024390244,0.3272623000373249,,,
MIMAT0017392,0.34109999999999996,0.3321367346938776,-0.03841745960296805,,,
MIMAT0017950,2.1543755102040816,1.872115760869565,-0.20260008961297848,,,
MIMAT0017981,0.40010833333333334,0.3968278409090909,-0.011877430180399662,,,
MIMAT0017982,1.6659775510204082,1.4145296195652175,-0.2360465741916138,,,
MIMAT0017983,0.15789999999999998,0.22146666666666662,0.4880784013809829,,,
MIMAT0017984,1.0164772727272728,0.5273842857142856,-0.9466514690529165,,,
MIMAT0017985,7.532938775510203,5.371986522911052,-0.48775711839570235,2.4867827423218665e-17,8.46845078054084,
MIMAT0017986,0.39640714285714285,0.41774090909090905,0.07562547392102426,,,
MIMAT0017987,0.48909249999999993,0.7596358974358974,0.6352007414451819,,,
MIMAT0017988,0.36120555555555556,0.3536370370370371,-0.030550703829774095,,,
MIMAT0017990,3.9572448979591837,4.0650080862533695,0.038761871498803835,0.6324150937955444,-0.47833035607963936,
MIMAT0017991,1.019882978723404,0.8344969325153374,-0.289424975418885,,,
MIMAT0017992,2.6651224489795915,1.5440005540166204,-0.7875285488198911,,,
MIMAT0017993,1.7253489795918366,1.1339597633136094,-0.6055187501497599,,,
MIMAT0017994,2.653938775510204,3.0286221024258766,0.1905264873549961,0.0005331718742948904,-3.463512473602834,
MIMAT0017995,0.232075,0.3268,0.4938168650175294,,,
MIMAT0017996,0.42268666666666665,0.33002916666666665,-0.3569950745934978,,,
MIMAT0017998,0.1586,0.24021428571428574,0.5989291806523633,,,
MIMAT0017999,0.2555,0.31071132075471697,0.2822515157913872,,,
MIMAT0018000,1.5064446808510636,1.280860422960725,-0.23403442387369527,,,
MIMAT0018001,0.30927142857142853,0.37999609375,0.2971110290860528,,,
MIMAT0018003,0.24877500000000002,0.30889999999999995,0.31229835811845885,,,
MIMAT0018004,0.2878833333333333,0.4678739130434783,0.7006355232971102,,,
MIMAT0018005,0.2308,0.2638666666666667,0.19316588768087328,,,
MIMAT0018006,0.30415000000000003,0.26941176470588235,-0.17497015225067525,,,
MIMAT0018065,0.2232,0.31932499999999997,0.516688478963973,,,
MIMAT0018068,1.4644346938775508,0.8482632352941176,-0.7877599176761017,,,
MIMAT0018071,0.8254609756097561,0.8768359477124181,0.08710693371343642,,,
MIMAT0018072,0.4100851851851852,0.41003750000000005,-0.00016776802181128758,,,
MIMAT0018073,3.68495918367347,2.1843653116531163,-0.7544344877495204,,,
MIMAT0018074,0.3218866666666667,0.4132473282442748,0.3604526740395315,,,
MIMAT0018075,0.26374166666666665,0.3327054545454545,0.3351200083860124,,,
MIMAT0018076,0.22845555555555552,0.26647999999999994,0.2221137328622127,,,
MIMAT0018078,0.1877,0.273825,0.5448255193251663,,,
MIMAT0018080,0.31028,0.37746250000000003,0.28276261648415235,,,
MIMAT0018081,0.24815,1.1528617647058823,2.2159351755062358,,,
MIMAT0018082,0.2044,0.3178674418604651,0.6370300571555809,,,
MIMAT0018083,0.3786260869565218,0.9813985865724383,1.3740653789096438,,,
MIMAT0018086,0.8380571428571428,0.9289333333333333,0.14852644524992653,,,
MIMAT0018089,0.2301,0.3859148648648649,0.7460216318481188,,,
MIMAT0018090,0.3097166666666667,0.3611779661016949,0.22176086263976513,,,
MIMAT0018101,1.2123448979591838,2.082058082191781,0.7802101282946712,,,
MIMAT0018102,0.9236255813953488,0.8220443365695793,-0.16809192450514882,,,
MIMAT0018103,0.32340952380952376,0.40124630872483225,0.31112595606259696,,,
MIMAT0018104,0.2947666666666667,0.3599630434782609,0.2882754079743002,,,
MIMAT0018105,0.3020285714285714,0.3426094594594594,0.18187995214226338,,,
MIMAT0018106,0.19766666666666666,0.368873831775701,0.900057842595783,,,
MIMAT0018107,0.33130526315789477,0.5446422222222221,0.7171477061219838,,,
MIMAT0018108,0.44966521739130433,0.9033962406015038,1.0065076175084318,,,
MIMAT0018110,0.8841148936170212,1.3263591549295777,0.5851657151670322,,,
MIMAT0018111,0.272,0.30645,0.17204505331668152,,,
MIMAT0018112,0.3262333333333334,0.47515458715596326,0.5424927584139805,,,
MIMAT0018113,0.1879,0.27309199999999995,0.5394219854288058,,,
MIMAT0018115,1.2662795918367347,0.8406999999999999,-0.5909330057166855,,,
MIMAT0018116,0.33325714285714286,0.35128283582089553,0.07599728854303289,,,
MIMAT0018119,0.6333322580645161,0.8422351449275363,0.41126051445754835,,,
MIMAT0018120,0.38035937499999994,0.6472907063197026,0.7670506254099617,,,
MIMAT0018122,0.3391,0.2903296875,-0.22401868288043514,,,
MIMAT0018183,0.7028782608695652,0.8740588588588588,0.31445559875427487,,,
MIMAT0018184,0.31218333333333337,0.2923483870967742,-0.09470488568186841,,,
MIMAT0018185,0.2243,0.3984942857142857,0.8291294161359284,,,
MIMAT0018186,0.91796875,1.0015377521613833,0.12569985684172988,,,
MIMAT0018187,1.4418489795918368,1.6142252032520328,0.16292180198324469,,,
MIMAT0018190,0.35815,0.33143809523809525,-0.11182450770914021,,,
MIMAT0018191,0.9028933333333333,0.9147846666666667,0.018876624329801778,,,
MIMAT0018192,0.2642,0.30792142857142857,0.22093180293507508,,,
MIMAT0018193,0.1817,0.4786,1.397261977304383,,,
MIMAT0018194,0.527015,0.6862092592592594,0.3808045681065676,,,
MIMAT0018195,0.27545,0.3254163461538461,0.24049625867531965,,,
MIMAT0018197,0.4776846153846154,0.7870179211469535,0.7203380744449069,,,
MIMAT0018198,0.322375,1.418033502538071,2.1370798450458994,,,
MIMAT0018199,0.3114,0.23970000000000002,-0.37753903542990397,,,
MIMAT0018200,0.754,0.38014705882352945,-0.9880068944293443,,,
MIMAT0018201,0.3540545454545454,0.3778766355140187,0.09394367983504925,,,
MIMAT0018202,0.2279,0.2306,0.016991588386475076,,,
MIMAT0018203,0.5363511627906976,0.6206718309859155,0.21065279181480634,,,
MIMAT0018204,1.2996632653061224,1.1671203225806452,-0.15518457705912905,,,
MIMAT0018205,1.1001936170212765,1.3003988732394365,0.24119677302962717,,,
MIMAT0018349,0.30395416666666664,0.5821173469387755,0.9374562144641339,,,
MIMAT0018351,0.2893,0.30618387096774197,0.08183196385586089,,,
MIMAT0018352,0.19765,0.8232653846153847,2.058409612004347,,,
MIMAT0018354,0.25298333333333334,1.3800150442477876,2.4475697469408964,,,
MIMAT0018355,0.2813625,0.4140838709677419,0.5574929502473702,,,
MIMAT0018356,0.6441232558139536,0.6150157142857143,-0.0667135075199502,,,
MIMAT0018358,0.6173780487804879,0.8112449685534592,0.393983437316448,,,
MIMAT0018359,0.31298333333333334,0.35103947368421057,0.16554743352287127,,,
MIMAT0018360,0.7171632653061224,0.8572757668711657,0.25745777039143525,,,
MIMAT0018443,0.3716227272727272,0.3751333333333333,0.013564727581802938,,,
MIMAT0018925,0.32177,0.3688589928057554,0.19703958540865485,,,
MIMAT0018926,2.146826530612245,1.3193906344410875,-0.7023338530060012,,,
MIMAT0018928,0.15739999999999998,0.34292,1.1234365076666537,,,
MIMAT0018932,0.43275937499999995,0.4177240740740741,-0.05101478287134853,,,
MIMAT0018934,0.276125,0.29905789473684213,0.11510328978747308,,,
MIMAT0018935,0.1819,0.27555833333333335,0.5992122142912821,,,
MIMAT0018936,0.27234285714285716,0.33540000000000003,0.3004586594316794,,,
MIMAT0018937,0.40018928571428575,0.3570770491803279,-0.16444713349844453,,,
MIMAT0018939,0.2853,0.25392173913043475,-0.1680958324655739,,,
MIMAT0018941,0.2367,0.2973217391304348,0.32896524586818376,,,
MIMAT0018942,0.24295,0.3991853658536585,0.7163993999500746,,,
MIMAT0018944,0.22987500000000002,0.4126846153846154,0.8441900819727468,,,
MIMAT0018947,0.30754000000000004,0.5074322580645161,0.7224411702405346,,,
MIMAT0018949,0.3605666666666667,0.45798000000000005,0.34501856716362655,,,
MIMAT0018950,0.3577814814814815,0.3870072,0.11328169051906345,,,
MIMAT0018960,0.5971131578947368,0.416884756097561,-0.5183557408755272,,,
MIMAT0018961,0.7833577777777776,0.5658694214876033,-0.46920219150692344,,,
MIMAT0018962,0.7821291666666665,0.9291320474777448,0.24847676113475217,,,
MIMAT0018963,0.44256,1.1626172413793106,1.3934312420040111,,,
MIMAT0018965,0.31832000000000005,0.42409166666666664,0.413898330342068,,,
MIMAT0018967,0.20186666666666667,0.21854285714285715,0.1145135212310926,,,
MIMAT0018968,0.5403387096774194,0.4971584615384615,-0.12015827811467328,,,
MIMAT0018969,0.3469666666666667,0.31783,-0.1265417615088158,,,
MIMAT0018971,0.33475,0.36125599999999997,0.10993749358168481,,,
MIMAT0018972,0.42375000000000007,0.4811160839160839,0.183171661888478,,,
MIMAT0018973,0.22879999999999998,0.39553125,0.7897046310494802,,,
MIMAT0018975,0.3479833333333333,0.3488010752688172,0.003386277770049073,,,
MIMAT0018976,0.5308051282051282,0.43277828571428567,-0.2945541939423467,,,
MIMAT0018979,0.1531,0.29407333333333335,0.9417016832573029,,,
MIMAT0018980,0.3846,0.35585,-0.11208952671009231,,,
MIMAT0018981,0.3012,0.1879,-0.6807567032518729,,,
MIMAT0018983,1.2838874999999998,1.1352274566473988,-0.1775374045658518,,,
MIMAT0018984,0.21386666666666665,0.2829,0.40358053566248886,,,
MIMAT0018988,0.1906,0.1764,-0.11169755835242112,,,
MIMAT0018989,0.3319375,0.36029484536082473,0.1182663873534251,,,
MIMAT0018992,0.1531,0.5085222222222222,1.7318365378316722,,,
MIMAT0018993,0.5572964285714286,0.5019767567567568,-0.15082434394838518,,,
MIMAT0018996,0.26118,0.334502,0.35697041086065906,,,
MIMAT0018997,0.24103333333333335,0.3075137931034483,0.3514184464430592,,,
MIMAT0019000,0.3530409090909092,0.46065572916666664,0.3838535885034582,,,
MIMAT0019001,0.2789333333333333,0.3414577777777778,0.29178684534847155,,,
MIMAT0019003,0.168,0.1764,0.07038932789139807,,,
MIMAT0019005,0.24093333333333336,0.31303600000000004,0.37769457511074633,,,
MIMAT0019006,0.211,0.2641941176470588,0.324355346017561,,,
MIMAT0019011,0.2925333333333333,0.42375073529411766,0.5346148466019094,,,
MIMAT0019013,0.1674,0.2175,0.37771587307310917,,,
MIMAT0019016,0.37346666666666667,0.5017432432432433,0.42596980088447034,,,
MIMAT0019018,0.7999177777777777,0.6196087499999999,-0.3684941976458934,,,
MIMAT0019021,0.23975,0.27858823529411764,0.21660351936047983,,,
MIMAT0019022,0.27849999999999997,0.3625185185185185,0.3803773665758894,,,
MIMAT0019023,0.23763333333333334,0.2728894736842105,0.1995795255790982,,,
MIMAT0019024,0.24324000000000004,0.26945,0.14763709208905373,,,
MIMAT0019026,0.43021578947368416,0.5256458715596329,0.28903070638162354,,,
MIMAT0019027,0.3353769230769231,0.33652608695652175,0.004934922517237927,,,
MIMAT0019029,0.2781,0.32091153846153847,0.20657191835977962,,,
MIMAT0019031,0.3594,0.25993125,-0.467460317901095,,,
MIMAT0019032,0.22735,0.3538964285714286,0.6384121984597595,,,
MIMAT0019033,0.2002,0.315608,0.6566918009304712,,,
MIMAT0019034,0.189475,0.23387727272727277,0.3037441663971805,,,
MIMAT0019040,0.27205714285714283,0.2775888888888889,0.029040115165580582,,,
MIMAT0019041,0.28075,0.28003666666666666,-0.003670283474009217,,,
MIMAT0019044,0.35623333333333335,0.42856000000000005,0.2666746830891533,,,
MIMAT0019047,1.3060212765957446,0.831530201342282,-0.6513378316975142,,,
MIMAT0019048,0.41483,0.36478372093023254,-0.1854788835559662,,,
MIMAT0019049,0.20023333333333335,0.28432666666666667,0.5058672509041686,,,
MIMAT0019052,0.30488571428571426,0.4279381679389313,0.4891338060582302,,,
MIMAT0019053,0.25826000000000005,0.3360916666666667,0.3800305594322746,,,
MIMAT0019054,0.26335,0.4607461538461539,0.8069906632816661,,,
MIMAT0019055,0.33314000000000005,0.447896052631579,0.4270353632960249,,,
MIMAT0019056,0.3222125,0.29966363636363635,-0.10466843737905163,,,
MIMAT0019058,0.5687342105263158,0.4325432558139535,-0.39491017352635893,,,
MIMAT0019059,1.6003526315789471,3.480313220338983,1.1208273187431965,,,
MIMAT0019060,0.34627777777777774,0.3419153846153846,-0.018290467338975436,,,
MIMAT0019061,0.35459444444444443,0.4424038461538462,0.31919399487043876,,,
MIMAT0019062,0.40197499999999997,0.3920336134453782,-0.036128420678035456,,,
MIMAT0019063,1.4511897959183677,1.0203498412698413,-0.5081723313978133,,,
MIMAT0019064,0.27415,0.2813838709677419,0.0375741614722771,,,
MIMAT0019065,0.27636666666666665,0.28472380952380955,0.04297952208312683,,,
MIMAT0019068,0.26119375,0.2969308641975309,0.18500668505978335,,,
MIMAT0019069,0.4112,0.20507999999999998,-1.0036534616839452,,,
MIMAT0019071,0.5687257142857142,0.32953870967741933,-0.7872850924106377,,,
MIMAT0019072,0.3126,0.6097374999999999,0.9638704988366317,,,
MIMAT0019074,0.62705,0.6004143835616439,-0.06262194723347281,,,
MIMAT0019076,0.29215,0.29853823529411766,0.031206427254467206,,,
MIMAT0019078,0.26347,0.30355200000000004,0.2043049798360861,,,
MIMAT0019197,0.3375,0.32693,-0.045905733301236484,,,
MIMAT0019199,0.1879,0.3007125,0.6784197722653351,,,
MIMAT0019200,0.2923923076923077,0.3277302631578947,0.16460354277540823,,,
MIMAT0019201,0.40217777777777775,0.39583525179856116,-0.022933268299496046,,,
MIMAT0019202,0.3916759999999999,0.5294635944700461,0.4348707593080925,,,
MIMAT0019204,0.26753333333333335,0.2913611111111111,0.12308967378596813,,,
MIMAT0019205,0.4178034482758621,0.5564168367346939,0.4133416758413042,,,
MIMAT0019206,0.300855,0.42775669291338586,0.5077220945298417,,,
MIMAT0019207,0.287064705882353,0.37840606060606063,0.39855923072901156,,,
MIMAT0019208,2.271857142857143,2.6318587601078165,0.21220994899362355,0.01436518161790274,-2.4479995972138613,
MIMAT0019210,0.6215900000000001,0.5121571428571429,-0.2793767604440701,,,
MIMAT0019211,0.3357476190476191,0.3400990566037736,0.01857783535371671,,,
MIMAT0019213,0.21105,0.338525,0.681677551164066,,,
MIMAT0019214,0.6043809523809524,0.6284909722222223,0.05643382825255827,,,
MIMAT0019215,0.2093,0.27999,0.41980298983362285,,,
MIMAT0019216,0.33344999999999997,0.339336231884058,0.025245029795021745,,,
MIMAT0019218,0.3857512820512821,0.44378181818181817,0.2021796096525339,,,
MIMAT0019219,0.23816153846153845,0.3908651898734177,0.7147306589826441,,,
MIMAT0019220,0.533085,0.5461650980392158,0.034971535564672473,,,
MIMAT0019221,0.6563880952380952,1.0948048780487805,0.7380527895804798,,,
MIMAT0019222,0.32355,0.31042142857142857,-0.05976052618071881,,,
MIMAT0019224,0.312175,0.3136285714285714,0.006701988159197647,,,
MIMAT0019225,0.31013750000000007,0.36456399999999994,0.23326412634013116,,,
MIMAT0019227,0.17843333333333333,0.25875882352941176,0.5362229066032496,,,
MIMAT0019229,0.6239615384615385,0.66054765625,0.08220554789471046,,,
MIMAT0019230,0.3300444444444445,0.33482368421052633,0.02074126875125648,,,
MIMAT0019231,0.34162608695652175,0.3739872093023256,0.13057078449463866,,,
MIMAT0019232,0.26176999999999995,0.3632179104477612,0.472535576837924,,,
MIMAT0019233,0.1531,0.25078,0.7119480132633615,,,
MIMAT0019235,0.1927,0.35980000000000006,0.9008386149557612,,,
MIMAT0019688,0.4846515151515151,0.47835818181818185,-0.018856487268238853,,,
MIMAT0019692,0.259175,0.3130388888888889,0.2724153319241527,,,
MIMAT0019693,0.7334051282051283,0.7764194656488549,0.08222593450631599,,,
MIMAT0019694,0.2406,0.32503720930232555,0.433968240559911,,,
MIMAT0019695,0.16453333333333334,0.29359999999999997,0.8354720744149509,,,
MIMAT0019696,0.6046684210526316,0.6858479166666667,0.18174446560098956,,,
MIMAT0019698,0.20235,0.2874833333333333,0.5066254701302702,,,
MIMAT0019699,0.2818,0.2811868421052632,-0.0031425253225243477,,,
MIMAT0019700,0.25568,0.3004276595744681,0.2326783306784479,,,
MIMAT0019701,0.2307,0.288235,0.3212275267054254,,,
MIMAT0019702,0.4116,0.336258064516129,-0.29167411382534714,,,
MIMAT0019704,0.29664999999999997,0.2982,0.007518474823450916,,,
MIMAT0019705,0.2914,0.3285058823529412,0.1729183268299157,,,
MIMAT0019706,0.5432794117647058,0.4800625570776256,-0.1784719593058942,,,
MIMAT0019707,0.1633,0.3113871794871794,0.9311847557298483,,,
MIMAT0019708,0.31081000000000003,0.30343555555555557,-0.03464277612641142,,,
MIMAT0019709,0.2634875,0.3278543209876543,0.3153203879302853,,,
MIMAT0019710,0.2496,0.30755625,0.3012323597461972,,,
MIMAT0019711,0.19465,0.26239375,0.43085101188897257,,,
MIMAT0019712,0.25909,0.3105438596491228,0.2613437083795507,,,
MIMAT0019713,0.2743,0.389,0.5040155330252769,,,
MIMAT0019714,0.258,0.1872,-0.46279063072721205,,,
MIMAT0019715,0.26313125000000004,0.3642197183098591,0.46902643371427377,,,
MIMAT0019716,0.2299,2.5639874172185433,3.4793108107719517,,,
MIMAT0019719,0.23913333333333334,0.3156933333333333,0.40070855022773344,,,
MIMAT0019720,0.31470000000000004,0.366574358974359,0.22012869760080722,,,
MIMAT0019722,0.41735,0.3006846153846154,-0.4730067170120682,,,
MIMAT0019724,0.28900000000000003,0.33369586776859506,0.20746432868589593,,,
MIMAT0019725,0.5585625,0.5085218181818182,-0.13540904480357152,,,
MIMAT0019726,0.30716249999999995,0.3594583333333333,0.22682245506905896,,,
MIMAT0019727,0.2375,0.26786875,0.17359877042530525,,,
MIMAT0019728,0.6643111111111111,0.9263075075075075,0.47963216155172883,,,
MIMAT0019729,1.6059448979591833,2.615607027027027,0.703723411335462,,,
MIMAT0019730,0.2306,0.27257272727272724,0.24124870507145246,,,
MIMAT0019731,6.186265306122449,5.53311590296496,-0.1609765621926278,5.989687106230087e-05,4.013216730982315,
MIMAT0019732,0.27452,0.30046666666666666,0.13029368953798093,,,
MIMAT0019733,0.1705,0.2879814814814815,0.7562043035507389,,,
MIMAT0019734,0.3537,0.3347083333333334,-0.079621748357952,,,
MIMAT0019736,0.31927777777777777,0.3006285714285714,-0.08683001460327366,,,
MIMAT0019737,0.434,0.6441417322834645,0.56968312077119,,,
MIMAT0019738,0.3212428571428572,0.702149193548387,1.1281132325292271,,,
MIMAT0019739,0.3121888888888889,0.4050511111111111,0.3756847737325075,,,
MIMAT0019741,0.2641,0.42174210526315786,0.6752767609514168,,,
MIMAT0019743,0.2259,0.249112,0.14111024873417,,,
MIMAT0019744,0.36805,0.258525,-0.5095979718886385,,,
MIMAT0019746,1.5145204081632653,1.358893351800554,-0.15642878312726405,,,
MIMAT0019747,0.24973571428571426,0.40031082802547774,0.6807184863572688,,,
MIMAT0019748,0.3497074074074074,0.6267472972972973,0.8417355146499303,,,
MIMAT0019749,0.37599999999999995,0.36227948717948716,-0.05362954140631415,,,
MIMAT0019750,0.2983125,0.31229512195121945,0.0660856033651962,,,
MIMAT0019751,0.36052105263157896,0.35070588235294115,-0.039821879155630624,,,
MIMAT0019753,0.1531,0.31409999999999993,1.0367496601521764,,,
MIMAT0019754,0.24173333333333336,0.21792857142857144,-0.14956107161458743,,,
MIMAT0019756,0.3582947368421053,0.4251248322147651,0.2467396802542452,,,
MIMAT0019758,0.4954297297297297,0.5930138408304497,0.25938533301756983,,,
MIMAT0019759,0.23894,0.3463063492063492,0.5354004483750623,,,
MIMAT0019760,0.5115538461538461,0.6315399305555556,0.3039878485558758,,,
MIMAT0019761,3.53969387755102,4.041803234501348,0.19137449180521293,7.607098791689253e-08,-5.376207811067884,
MIMAT0019762,0.36926315789473685,0.37053859649122806,0.004974496884527779,,,
MIMAT0019763,0.36999333333333334,0.31305,-0.24110617478325458,,,
MIMAT0019764,0.45186000000000004,0.3408878048780488,-0.4065788624017119,,,
MIMAT0019765,0.35846,0.3376648648648649,-0.08622006977762053,,,
MIMAT0019766,0.4093,0.24340909090909094,-0.7497756155554012,,,
MIMAT0019768,0.5342918918918919,0.40561496062992125,-0.3975172583827765,,,
MIMAT0019769,0.2547,0.38657948717948715,0.6019661271621535,,,
MIMAT0019771,0.1906,0.22871999999999998,0.2630344058337939,,,
MIMAT0019772,0.5309939393939395,0.39866250000000003,-0.41352748934458916,,,
MIMAT0019773,0.9025644444444446,0.6506888888888889,-0.4720620276531002,,,
MIMAT0019774,0.3240166666666667,0.323115625,-0.004017506778500657,,,
MIMAT0019775,0.2797714285714285,0.32301219512195123,0.2073399980169386,,,
MIMAT0019776,0.6607787234042554,0.7774139751552794,0.23451580869638022,,,
MIMAT0019778,0.3244,0.2592,-0.3237081013326484,,,
MIMAT0019779,0.25724545454545455,0.3232341463414634,0.329434026606263,,,
MIMAT0019780,0.3250363636363636,0.319071186440678,-0.0267227968693875,,,
MIMAT0019782,0.2276,0.4549843137254902,0.999316249423869,,,
MIMAT0019788,0.28684,0.29365,0.03385141512831291,,,
MIMAT0019789,0.25289,0.2966888888888889,0.2304409085488599,,,
MIMAT0019792,0.1856,0.3005777777777778,0.6955416418530334,,,
MIMAT0019793,0.2893,0.34640000000000004,0.25987260679712554,,,
MIMAT0019794,0.3907,0.3477357142857143,-0.16807000848232256,,,
MIMAT0019795,0.5817139534883721,0.7584158798283263,0.3826792616250958,,,
MIMAT0019796,0.31614444444444445,0.3442826086956522,0.12300943807367015,,,
MIMAT0019797,0.3206727272727272,0.3393414634146341,0.08163606069054996,,,
MIMAT0019798,0.24586666666666668,0.281558,0.19555598819461562,,,
MIMAT0019802,0.2665,0.2742117647058824,0.04115493645044421,,,
MIMAT0019805,0.5833363636363638,0.6956390909090909,0.2540109953478452,,,
MIMAT0019807,0.2525,0.3547882352941177,0.49067478309292234,,,
MIMAT0019808,0.2683684210526316,0.4578504347826087,0.770661473153599,,,
MIMAT0019810,0.2306,0.2057,-0.16485071912683802,,,
MIMAT0019811,0.41969999999999996,0.2705030303030303,-0.6337137073282324,,,
MIMAT0019812,0.6691021739130435,0.6732016129032258,0.008812101623118629,,,
MIMAT0019814,0.5682333333333334,1.32523202247191,1.2216896002041506,,,
MIMAT0019815,0.1986,0.2467909090909091,0.31342362878870045,,,
MIMAT0019818,0.2893,0.22134545454545454,-0.38626657608908177,,,
MIMAT0019819,0.201,0.32689999999999997,0.7016538757009749,,,
MIMAT0019822,0.30744444444444446,0.2614628571428571,-0.2337197225526999,,,
MIMAT0019823,0.24584615384615383,0.29476250000000004,0.26179720989136235,,,
MIMAT0019826,0.27656000000000003,0.27938,0.014636237397431584,,,
MIMAT0019827,0.20190000000000002,0.27325199999999994,0.43659114471369365,,,
MIMAT0019828,0.2127,0.24673846153846152,0.21416258686247014,,,
MIMAT0019829,0.31315000000000004,0.24838749999999998,-0.33426130659915443,,,
MIMAT0019830,0.2720461538461538,0.34064545454545453,0.3244195241698611,,,
MIMAT0019833,0.3129,0.24127857142857143,-0.37500186679851644,,,
MIMAT0019834,0.2594,0.27822,0.10104765295662,,,
MIMAT0019837,0.258,0.20165,-0.3555176599047407,,,
MIMAT0019838,0.23945,0.31164166666666665,0.38016369986247023,,,
MIMAT0019839,0.23536666666666664,0.300975,0.3547336407951156,,,
MIMAT0019841,0.9239744186046511,1.2279907462686566,0.41037487459940647,,,
MIMAT0019842,0.32006666666666667,0.29075909090909086,-0.1385481353931035,,,
MIMAT0019843,0.21032499999999998,0.3161543478260869,0.5880087156369826,,,
MIMAT0019844,0.28525,0.4417204819277108,0.6309068430577922,,,
MIMAT0019845,0.3306222222222222,0.3726037735849056,0.17245858916874957,,,
MIMAT0019846,0.2093,0.3378375,0.6907571647437529,,,
MIMAT0019847,0.4104774193548387,0.4158883597883598,0.018893445722484525,,,
MIMAT0019848,0.2727333333333333,0.2641375,-0.04620189886406556,,,
MIMAT0019849,0.33925,0.3473433962264151,0.034013853093338486,,,
MIMAT0019850,0.5204756097560975,0.6456177606177605,0.3108497086505675,,,
MIMAT0019851,0.2093,0.35277499999999995,0.7531760138880357,,,
MIMAT0019852,0.23349999999999999,0.30694,0.3945341181609934,,,
MIMAT0019853,0.2252,0.34422857142857144,0.6121600205340942,,,
MIMAT0019854,0.26605,0.33147000000000004,0.3171809002717305,,,
MIMAT0019855,0.3646181818181819,0.4177492753623188,0.19625082207257516,,,
MIMAT0019856,0.9484255319148938,0.6821981818181818,-0.47534359123625486,,,
MIMAT0019857,0.24282000000000004,0.3526851485148515,0.5384935706675975,,,
MIMAT0019858,0.211425,0.35995161290322586,0.7676570042688882,,,
MIMAT0019859,0.27654999999999996,0.30863934426229506,0.1583816412872494,,,
MIMAT0019860,0.658778947368421,0.6499401785714286,-0.01948751499805168,,,
MIMAT0019861,0.30705,0.31022500000000003,0.014841349966921769,,,
MIMAT0019862,0.3673941176470588,0.3600266666666666,-0.029224758724945676,,,
MIMAT0019864,0.3679380952380952,0.35631677419354835,-0.04630265419126811,,,
MIMAT0019865,0.332528125,0.46073598130841126,0.4704639020959209,,,
MIMAT0019866,0.2697125,0.29510526315789476,0.1298072654916429,,,
MIMAT0019867,0.3222190476190476,0.38753614457831326,0.2662890935405595,,,
MIMAT0019868,0.4191181818181819,0.732157264957265,0.8047964593553694,,,
MIMAT0019869,0.4157035714285714,0.4723943181818182,0.18443646991083118,,,
MIMAT0019870,0.21855,0.30772000000000005,0.4936548353338044,,,
MIMAT0019871,0.3180928571428572,0.4296738372093023,0.4337939580985797,,,
MIMAT0019872,0.278975,0.24946206896551723,-0.16131537394646922,,,
MIMAT0019873,0.6308763157894738,0.9681695652173914,0.6179025527491754,,,
MIMAT0019874,0.23748333333333335,0.25793958333333333,0.11920691754348178,,,
MIMAT0019875,0.31096666666666667,0.3096451612903226,-0.006144040601845369,,,
MIMAT0019876,0.7666068181818182,1.6075890532544375,1.0683399240277611,,,
MIMAT0019877,0.41585185185185175,0.5851963133640552,0.4928510242005165,,,
MIMAT0019878,0.25448333333333334,0.42551129032258067,0.7416262380709013,,,
MIMAT0019879,0.30984,0.4505702479338843,0.5402286461637695,,,
MIMAT0019880,0.7984456521739132,1.995903804347826,1.3217760733244033,,,
MIMAT0019882,0.3112,0.2903428571428571,-0.10008451824608322,,,
MIMAT0019884,0.22576000000000002,0.3145764705882353,0.4786208723174852,,,
MIMAT0019885,0.21713333333333332,0.3256390243902439,0.5846923826819381,,,
MIMAT0019886,0.2768125,0.3140181818181818,0.18193900222771653,,,
MIMAT0019888,0.41709090909090907,0.43954356435643566,0.07564429427515007,,,
MIMAT0019889,0.2357111111111111,0.37716944444444445,0.6781930370377802,,,
MIMAT0019890,0.2983166666666666,0.36096837606837606,0.27502786824967074,,,
MIMAT0019891,0.3346,0.34206034482758624,0.031813416295566554,,,
MIMAT0019892,0.2738,0.2732277777777778,-0.00301828352027278,,,
MIMAT0019893,0.37725,0.2857529411764706,-0.4007525529723228,,,
MIMAT0019894,0.3495,0.4171803680981595,0.2553788127223695,,,
MIMAT0019895,0.24636999999999998,0.3625457142857143,0.5573363270495599,,,
MIMAT0019896,0.3183,0.34434017857142857,0.1134473714327886,,,
MIMAT0019900,0.19765,0.4434111111111111,1.1656969669287394,,,
MIMAT0019901,0.2614125,0.3071955223880597,0.23282905947419819,,,
MIMAT0019902,0.1586,0.3055692307692308,0.9461065077652795,,,
MIMAT0019903,0.29774285714285714,0.47405534591194964,0.6709886052300402,,,
MIMAT0019904,0.35158,0.3329732394366197,-0.07844676887926028,,,
MIMAT0019905,0.2252,0.29131999999999997,0.3713979228426152,,,
MIMAT0019906,0.29516666666666663,0.32116,0.1217624122679466,,,
MIMAT0019908,0.33294999999999997,0.3114846153846154,-0.09614463166161769,,,
MIMAT0019910,0.3051866666666667,0.3989430167597765,0.38649075955218337,,,
MIMAT0019911,0.3681285714285714,0.4670390350877193,0.34333340988667627,,,
MIMAT0019912,0.25995999999999997,0.3009459459459459,0.2112147291760269,,,
MIMAT0019914,0.26165,0.33203870967741933,0.34371318443942567,,,
MIMAT0019915,0.2642,0.3005875,0.18615454911340445,,,
MIMAT0019917,0.30118999999999996,0.38210481927710843,0.3432945827531768,,,
MIMAT0019918,0.5139849999999999,0.6079060606060604,0.2421221452005018,,,
MIMAT0019919,0.31906,0.28531351351351353,-0.16127967181061975,,,
MIMAT0019920,0.2701777777777778,0.2801978723404256,0.05253698348155367,,,
MIMAT0019922,0.3116666666666667,0.22107272727272728,-0.4954828068105055,,,
MIMAT0019924,0.32307857142857144,0.2904785714285714,-0.1534533252030259,,,
MIMAT0019926,1.1571571428571428,0.920512893081761,-0.3300749630708127,,,
MIMAT0019927,3.3902040816326533,2.5973618528610354,-0.38432510468254444,,,
MIMAT0019930,0.3244,0.30367777777777777,-0.0952324792513013,,,
MIMAT0019931,0.37552,0.46007,0.2929636380431522,,,
MIMAT0019935,0.7568021739130435,0.5622418972332016,-0.4287252681145568,,,
MIMAT0019940,0.3176,0.33665,0.08403855234793323,,,
MIMAT0019942,0.303025,0.3250785714285715,0.10135163637159184,,,
MIMAT0019943,0.43431621621621624,0.5083671814671815,0.22712507744062893,,,
MIMAT0019944,0.26858,0.3827829545454545,0.5111747100990391,,,
MIMAT0019948,0.5800869565217391,0.4780028409090909,-0.27924998755054287,,,
MIMAT0019949,0.36741250000000003,0.29753799999999997,-0.3043267765642772,,,
MIMAT0019950,0.26864,0.21601666666666666,-0.3145315082315361,,,
MIMAT0019951,0.32663333333333333,0.20291111111111113,-0.6868241601200176,,,
MIMAT0019954,0.7118186046511629,0.7419388888888889,0.059790720853213686,,,
MIMAT0019955,0.3126090909090909,0.39450212765957443,0.3356733475029645,,,
MIMAT0019957,0.42145454545454536,0.45444482758620686,0.10872811035219376,,,
MIMAT0019958,1.0218666666666667,0.79830663507109,-0.35619205836049006,,,
MIMAT0019960,0.2780916666666667,0.27884375,0.0038964214607521974,,,
MIMAT0019961,0.21989999999999998,0.3777135135135135,0.780444796027284,,,
MIMAT0019962,0.27940000000000004,0.4341425925925926,0.6358369478184376,,,
MIMAT0019963,0.8830044444444446,0.5398410041841004,-0.709886137071923,,,
MIMAT0019964,0.2747,0.3190722222222222,0.21602610557852886,,,
MIMAT0019966,0.2887,0.32899344262295077,0.18848772140294678,,,
MIMAT0019967,0.35750000000000004,0.19251666666666667,-0.8929598928289286,,,
MIMAT0019968,0.1478,0.29059999999999997,0.97538843348669,,,
MIMAT0019969,0.32200000000000006,0.33163017241379317,0.042514583908378256,,,
MIMAT0019970,0.6315219512195122,0.6682548494983278,0.08156552022628194,,,
MIMAT0019971,0.2061833333333333,0.27864324324324324,0.434491451948932,,,
MIMAT0019972,0.19905,0.24595,0.3052341836319785,,,
MIMAT0019973,0.46786,0.5849981549815497,0.3223551848008208,,,
MIMAT0019974,0.26806363636363634,0.2747428571428571,0.03550644730801733,,,
MIMAT0019975,0.2525,0.37961818181818185,0.5882657040487327,,,
MIMAT0019976,0.2519571428571429,0.22077272727272723,-0.19061639394802432,,,
MIMAT0019978,0.3832060606060606,0.3049631578947368,-0.32948541468704695,,,
MIMAT0019979,0.5581472222222222,0.3489285714285714,-0.6777139761986946,,,
MIMAT0019981,0.28407272727272725,0.39632564102564105,0.48042597758114614,,,
MIMAT0019982,0.3705055555555556,0.42774645161290326,0.20726071160924264,,,
MIMAT0019985,0.318,0.3400046511627907,0.09652771662862736,,,
MIMAT0020299,0.1927,0.37655,0.9664848735096365,,,
MIMAT0020924,0.44489999999999996,0.38716415094339623,-0.2005357245441517,,,
MIMAT0020925,0.7566533333333335,0.810695061728395,0.09952688553851258,,,
MIMAT0020956,0.19473333333333334,0.45577692307692314,1.2268280223891452,,,
MIMAT0020959,0.5867644444444444,0.4323441988950276,-0.44060112051996636,,,
MIMAT0021017,1.6108311111111109,1.2468404320987656,-0.36952839740969906,,,
MIMAT0021018,0.37133214285714283,0.414985534591195,0.16035084678973388,,,
MIMAT0021019,0.30175,0.351576,0.22048281866266728,,,
MIMAT0021020,1.276138775510204,1.2003079545454545,-0.08838063012519215,,,
MIMAT0021021,0.4764633333333333,0.5374642533936652,0.17380361011908918,,,
MIMAT0021022,0.3677692307692308,0.4315534759358289,0.23073855956155964,,,
MIMAT0021023,0.39345,0.4001165517241379,0.024240001930115884,,,
MIMAT0021024,0.2641,0.2351310344827586,-0.16761933146569707,,,
MIMAT0021025,0.2630666666666666,0.31388750000000004,0.25481912201206147,,,
MIMAT0021026,0.40345238095238095,0.6020524714828899,0.5774908257738345,,,
MIMAT0021028,0.2112,0.16722857142857145,-0.3367884780858752,,,
MIMAT0021030,0.289,0.3777,0.38617129105213155,,,
MIMAT0021034,0.27051428571428576,0.340968,0.3339315640098848,,,
MIMAT0021040,0.2906,0.29597894736842106,0.026459859345187464,,,
MIMAT0021041,0.28330909090909095,0.3443795918367347,0.2816227541017149,,,
MIMAT0021042,0.4011,0.2543333333333333,-0.6572414098137724,,,
MIMAT0021043,0.3084454545454545,0.36951000000000006,0.26059802243920127,,,
MIMAT0021044,0.67698,1.0187169096209912,0.5895680798490415,,,
MIMAT0021081,0.22060000000000002,0.38811111111111113,0.815036945248532,,,
MIMAT0021082,0.42142631578947365,0.41495973154362414,-0.022309063985558764,,,
MIMAT0021083,0.6475651162790698,0.5604614035087719,-0.20841024667265307,,,
MIMAT0021084,0.2505,0.2985260869565217,0.2530464047139911,,,
MIMAT0021085,0.2367,0.18613333333333335,-0.3467232652461183,,,
MIMAT0021086,0.83795,0.40212238805970146,-1.0592295016534674,,,
MIMAT0021117,0.5429414634146341,0.865612539184953,0.6729247340947493,,,
MIMAT0021118,0.2716,0.3236967741935484,0.2531595088308005,,,
MIMAT0021119,0.28945,0.2774142857142857,-0.06127207402970858,,,
MIMAT0021120,0.3425,0.28157647058823526,-0.2825772051772717,,,
MIMAT0021121,0.27949999999999997,0.2114666666666667,-0.4024180127477297,,,
MIMAT0021124,0.42061666666666664,0.36193985507246373,-0.2167560379890081,,,
MIMAT0021129,0.20453333333333332,0.26753333333333335,0.3873826732770622,,,
MIMAT0022257,0.2672333333333333,0.47502758620689656,0.829911323779499,,,
MIMAT0022258,0.36989999999999995,0.43537,0.2351066988364503,,,
MIMAT0022259,0.24161428571428573,0.25765,0.0927068343517452,,,
MIMAT0022263,0.20829999999999999,0.3511653846153846,0.753487801892833,,,
MIMAT0022266,0.2589714285714286,0.3330295081967213,0.3628570743608659,,,
MIMAT0022268,0.1906,0.4353142857142857,1.1915092465957942,,,
MIMAT0022270,0.23204444444444444,0.28641999999999995,0.30373107870150395,,,
MIMAT0022271,0.5494513513513514,0.5512507692307692,0.0047170138318677335,,,
MIMAT0022272,2.5821428571428573,2.260738108108108,-0.19177494512919302,,,
MIMAT0022273,0.38285,0.30301,-0.33741385069920793,,,
MIMAT0022274,0.24640000000000004,0.4086930232558139,0.730015359481005,,,
MIMAT0022275,0.1906,0.34151935483870965,0.8414192230700541,,,
MIMAT0022276,0.43498,0.6276416326530612,0.5289919835326323,,,
MIMAT0022277,0.267825,0.3574,0.4162489997342689,,,
MIMAT0022278,0.164,0.25275714285714285,0.6240560480820365,,,
MIMAT0022280,0.2747727272727273,0.40664210526315786,0.5655207892992,,,
MIMAT0022283,0.21889999999999998,0.48463809523809526,1.1466358585472314,,,
MIMAT0022285,0.33515,0.26954761904761904,-0.3142667677494604,,,
MIMAT0022287,1.3381285714285713,1.9403322222222223,0.5360869495910237,,,
MIMAT0022288,0.2706,0.27003157894736846,-0.0030337056430997933,,,
MIMAT0022289,0.17895,0.2253,0.3322907698190436,,,
MIMAT0022290,0.2093,0.41482,0.986913141875815,,,
MIMAT0022292,0.41385405405405407,0.5161163793103448,0.3185743263615419,,,
MIMAT0022293,4.551367346938775,3.377621590909091,-0.4302923268236096,,,
MIMAT0022294,1.9427224489795918,1.8418795180722891,-0.07690110782534298,,,
MIMAT0022295,0.89990625,0.9505673333333334,0.07901411075799565,,,
MIMAT0022296,1.352265306122449,1.0367889552238805,-0.38325597269230055,,,
MIMAT0022297,4.654591836734694,2.5216117824773416,-0.8843084816932192,,,
MIMAT0022298,3.9913816326530616,2.2673561933534745,-0.8158771765473829,,,
MIMAT0022299,0.5183216216216215,0.46304415584415576,-0.16269780124314515,,,
MIMAT0022300,0.40108611111111114,0.4804005494505494,0.26032579201496087,,,
MIMAT0022302,0.23760000000000003,0.31960952380952384,0.4277755625779458,,,
MIMAT0022303,0.44184999999999997,0.2887470588235294,-0.6137504328139354,,,
MIMAT0022468,0.3184619047619047,0.32253260869565215,0.018324223396460004,,,
MIMAT0022471,0.35358378378378374,0.4251727272727272,0.2659969473594552,,,
MIMAT0022472,0.9212425531914894,1.203838198757764,0.3859885430270509,,,
MIMAT0022473,0.3275214285714286,0.3549552083333333,0.11604768276440391,,,
MIMAT0022474,0.1879,0.2384,0.343419169042106,,,
MIMAT0022480,0.1877,0.38225909090909094,1.0261221620870264,,,
MIMAT0022482,0.7327565217391304,0.8176373417721519,0.1581271827838837,,,
MIMAT0022483,0.6468,0.35176315789473683,-0.8787152895375439,,,
MIMAT0022486,0.24502142857142856,0.347618,0.5045948612969589,,,
MIMAT0022488,0.2892222222222222,0.41057008547008556,0.5054501099453386,,,
MIMAT0022489,0.34495,0.34514365079365084,0.0008096844440641515,,,
MIMAT0022490,0.20433333333333334,0.3420916666666667,0.7434583873707012,,,
MIMAT0022491,0.7540138888888888,0.7154155477031803,-0.07580962617921477,,,
MIMAT0022492,0.4917214285714286,0.6093000000000001,0.30931151307932925,,,
MIMAT0022494,0.9794136363636364,0.44961735537190084,-1.1232205576934422,,,
MIMAT0022495,0.20456666666666665,0.33806153846153847,0.7247148062153943,,,
MIMAT0022496,0.42845769230769226,0.43871625000000003,0.03413539093744378,,,
MIMAT0022499,0.2948,0.43018571428571434,0.5452230917474203,,,
MIMAT0022500,0.6154046511627906,0.7036354231974922,0.19329276694926123,,,
MIMAT0022501,0.1971,0.21865,0.149695572037722,,,
MIMAT0022502,0.4432060606060606,0.5404739726027397,0.2862475347166241,,,
MIMAT0022691,0.29819999999999997,0.34100495049504953,0.19351242591787465,,,
MIMAT0022692,3.205938775510204,2.698054594594595,-0.24882733307680915,,,
MIMAT0022693,0.50538125,0.6498904761904762,0.36282446591210304,,,
MIMAT0022695,0.4385,0.5037184210526315,0.20004064884888273,,,
MIMAT0022696,1.1883632653061225,1.623903021978022,0.45048956427492204,,,
MIMAT0022697,1.527942857142857,1.6739361271676299,0.13165388996396166,,,
MIMAT0022698,0.5278793103448276,0.5903310077519379,0.16131600058327045,,,
MIMAT0022700,0.41352068965517236,0.35845343511450384,-0.206173795642431,,,
MIMAT0022702,0.7120333333333333,0.4485929824561404,-0.6665377296467061,,,
MIMAT0022705,0.9839081632653062,1.1932118644067797,0.2782546602943038,,,
MIMAT0022706,0.3242692307692308,0.920391935483871,1.5050562066919644,,,
MIMAT0022707,0.3321071428571429,0.3297061728395062,-0.0104678544604484,,,
MIMAT0022708,0.351012,0.41178024691358023,0.23035427299692812,,,
MIMAT0022709,0.560928947368421,0.5973533864541832,0.09076662673007374,,,
MIMAT0022710,1.4816734693877551,1.464322950819672,-0.0169937725299405,,,
MIMAT0022711,0.6602488888888889,0.6697821782178217,0.020682020325724304,,,
MIMAT0022713,0.25639166666666663,0.5306907692307693,1.0495220831794276,,,
MIMAT0022714,0.3546095238095238,0.5105058823529413,0.5256963013226661,,,
MIMAT0022717,0.37270000000000003,0.44498666666666664,0.25574728954696213,,,
MIMAT0022720,1.4701777777777778,0.884238787878788,-0.7334826942778037,,,
MIMAT0022721,4.635632653061224,2.693553376205788,-0.7832555913709525,,,
MIMAT0022726,3.2615714285714286,3.1977816711590297,-0.028495781915523155,0.28014225930849546,1.079999822300233,
MIMAT0022727,8.970326530612244,8.794652291105121,-0.028533962069124286,0.18774252829943106,1.3172867397795305,
MIMAT0022732,0.3427,0.412112,0.2660902811969843,,,
MIMAT0022735,0.28018,0.25615,-0.12936508420956017,,,
MIMAT0022736,0.2217,0.28313636363636363,0.3528882784691785,,,
MIMAT0022737,0.2906,0.4384166666666667,0.5932679412681543,,,
MIMAT0022833,0.6182166666666666,0.870819335347432,0.49426089222616143,,,
MIMAT0022834,6.9587142857142865,7.1066792452830185,0.03035481204346091,0.11578130944204898,-1.572730176010542,
MIMAT0022838,0.35119999999999996,0.7156034682080925,1.0268675346273535,,,
MIMAT0022839,0.3116,0.3174142857142857,0.026671826926499165,,,
MIMAT0022842,1.133130612244898,1.146810724637681,0.017313135951837727,,,
MIMAT0022844,0.8429399999999999,2.324846899224806,1.4636338622142435,,,
MIMAT0022861,1.470295744680851,0.92361953125,-0.6707357907621847,,,
MIMAT0022862,0.8236977777777779,0.7826822660098522,-0.07368833982631107,,,
MIMAT0022923,1.4383170212765957,0.8898126482213438,-0.6928081861402432,,,
MIMAT0022924,0.4424969696969697,0.7199899999999999,0.7023092936040098,,,
MIMAT0022925,1.388504081632653,0.8336012422360248,-0.736102085454057,,,
MIMAT0022928,0.9608772727272729,0.6470875776397516,-0.5703911941299964,,,
MIMAT0022929,3.851938775510204,2.3841326975476838,-0.6921202360468321,,,
MIMAT0022938,0.34063333333333334,0.29431562499999997,-0.21085548370691676,,,
MIMAT0022939,0.3244,0.2614178571428572,-0.3114161262736965,,,
MIMAT0022942,0.273225,0.3252369230769231,0.25140155532617103,,,
MIMAT0022945,0.1906,0.342425,0.8452399156085364,,,
MIMAT0022946,0.23695,0.2915166666666667,0.2989957069491993,,,
MIMAT0022948,0.2503,0.3300567567567567,0.39905584147759776,,,
MIMAT0022966,0.1531,0.3464625,1.178224925248334,,,
MIMAT0022967,0.24264545454545458,0.3500256097560976,0.5286106467631668,,,
MIMAT0022975,0.5005741935483872,0.6365971563981043,0.3467967959687652,,,
MIMAT0022977,0.1675,0.28735555555555553,0.7786758460510432,,,
MIMAT0022978,0.28285,0.3258954545454545,0.2043720591234388,,,
MIMAT0022979,0.4063666666666667,0.30261875,-0.4252806874909105,,,
MIMAT0023709,0.22193333333333332,0.28176999999999996,0.3443916465917469,,,
MIMAT0023712,1.6704645833333334,1.4198162983425415,-0.234545115427513,,,
MIMAT0024598,0.6341731707317072,0.5112442922374429,-0.3108640129729112,,,
MIMAT0024612,0.2617,0.29027500000000006,0.14950640049239539,,,
MIMAT0024613,0.28032500000000005,0.31628541666666665,0.17412662457452122,,,
MIMAT0024614,0.262375,0.2716095238095238,0.04990380610599665,,,
MIMAT0024618,0.2191,0.27835789473684214,0.3453515169146748,,,
MIMAT0025453,0.25117500000000004,0.38328952380952386,0.6097416897144277,,,
MIMAT0025456,0.36158,0.36218260869565216,0.002402392075144366,,,
MIMAT0025458,0.5291115384615385,0.4167811827956989,-0.3442817362640973,,,
MIMAT0025459,0.312045,0.30908452380952384,-0.013752676367467798,,,
MIMAT0025460,0.7640744680851065,0.5002067873303168,-0.6111886191406778,,,
MIMAT0025462,0.8725155555555557,0.5120592592592593,-0.7688700733389563,,,
MIMAT0025463,0.4702935483870968,0.4028875,-0.22318449597448442,,,
MIMAT0025464,0.2147,0.27244705882352943,0.34365372532387606,,,
MIMAT0025466,0.363,0.26673846153846154,-0.4445436833241998,,,
MIMAT0025467,0.272,0.27281764705882355,0.004330315836698073,,,
MIMAT0025468,0.34211578947368426,0.3271790697674419,-0.06440423007921292,,,
MIMAT0025469,0.2836,0.51622,0.8641285045186627,,,
MIMAT0025470,0.26065,0.6267428571428572,1.2657597891256094,,,
MIMAT0025472,0.3423125,0.2962089285714286,-0.20869884707950836,,,
MIMAT0025473,0.27929,0.2981787234042553,0.0944133987978455,,,
MIMAT0025474,1.6195632653061223,1.3637961218836565,-0.24797683798248715,,,
MIMAT0025475,0.32980000000000004,0.3190850746268657,-0.04765027140353162,,,
MIMAT0025477,0.308325,0.37272,0.27364036293600114,,,
MIMAT0025482,0.31745,0.31981976744186047,0.010729733842897549,,,
MIMAT0025483,0.3329444444444445,0.35491986754966887,0.09221186786014335,,,
MIMAT0025484,0.3287142857142857,0.49977368421052626,0.6044407813303712,,,
MIMAT0025485,0.26586818181818184,0.33922448979591835,0.35152919604650346,,,
MIMAT0025486,0.4328969696969697,0.4171448484848485,-0.05347527263376306,,,
MIMAT0025487,0.262425,0.28478888888888887,0.11798769498853479,,,
MIMAT0025841,4.10469387755102,3.554436164383562,-0.2076539066505685,,,
MIMAT0025842,0.28626666666666667,0.48616666666666664,0.7640912899267667,,,
MIMAT0025843,1.055436170212766,1.5080753205128206,0.5148691542966857,,,
MIMAT0025845,0.44156666666666666,0.6095498007968128,0.46511282629018436,,,
MIMAT0025846,0.46346129032258065,0.39981960784313725,-0.2130996195940773,,,
MIMAT0025848,1.4872102040816326,1.4709975741239896,-0.01581370666369941,0.5697044235087093,0.5684868629847023,
MIMAT0025849,1.9009816326530613,1.1883828,-0.6777449630255981,,,
MIMAT0025851,0.2911,0.5184767441860465,0.8327644402241048,,,
MIMAT0025852,0.3459,0.33696119402985075,-0.03777256000198714,,,
MIMAT0025855,0.5677875,0.4930714285714286,-0.20355443096573478,,,
MIMAT0026472,4.706061224489796,2.937418157181572,-0.6799714340920868,,,
MIMAT0026473,0.21758888888888891,0.37308378378378376,0.7778947665953155,,,
MIMAT0026474,0.26945,0.4833,0.8429014080379782,,,
MIMAT0026475,0.7024295454545455,0.7921779069767441,0.1734709380226993,,,
MIMAT0026476,0.1751,0.5158261904761905,1.5587059423817533,,,
MIMAT0026477,1.9245102040816326,2.281688108108108,0.24561027751108155,,,
MIMAT0026478,0.32440833333333335,0.3723615384615384,0.19889318372112763,,,
MIMAT0026479,0.5845307692307693,0.835452795031056,0.5152793459972402,,,
MIMAT0026480,3.551551020408163,2.585738918918919,-0.45787259662113144,,,
MIMAT0026481,1.295065306122449,0.8333328063241106,-0.6360601685881884,,,
MIMAT0026482,0.294025,0.36456000000000005,0.3102174476780273,,,
MIMAT0026483,2.450469387755102,1.82107756232687,-0.4282657540446225,,,
MIMAT0026485,0.32065714285714286,0.5305666666666667,0.7265024952334875,,,
MIMAT0026486,0.24100000000000002,0.3211785714285714,0.41434249507679954,,,
MIMAT0026554,0.39349999999999996,0.4515172413793103,0.1984174429534602,,,
MIMAT0026555,0.2530071428571429,0.41252,0.7052859510833347,,,
MIMAT0026557,2.5234020408163262,2.5959086592178773,0.04086953903653412,,,
MIMAT0026558,0.3514904761904762,0.6421766666666667,0.8694846467551355,,,
MIMAT0026559,0.9019624999999999,0.9708190647482015,0.10613498689315778,,,
MIMAT0026605,0.26535000000000003,0.38104516129032256,0.5220654466289838,,,
MIMAT0026606,1.373010416666667,0.8486386075949367,-0.6941203522983285,,,
MIMAT0026607,0.27417222222222226,0.5169372093023256,0.9149066398901767,,,
MIMAT0026608,0.274975,0.28124000000000005,0.032501341013291496,,,
MIMAT0026609,0.272,0.86958,1.676712107849325,,,
MIMAT0026611,0.2893,1.425525,2.3008551122354253,,,
MIMAT0026612,0.3352666666666666,0.43131397849462366,0.3634294205715789,,,
MIMAT0026614,0.28661875000000003,0.5207092783505154,0.8613451230907445,,,
MIMAT0026615,1.0037279069767444,2.41777908496732,1.2683141970598075,,,
MIMAT0026616,0.8140326086956521,0.8711610271903322,0.09785282674090384,,,
MIMAT0026617,0.4059066666666667,0.4305785714285714,0.08512848754485969,,,
MIMAT0026618,0.32914000000000004,0.3577560975609756,0.12027499015768117,,,
MIMAT0026619,0.291125,0.3281104166666666,0.17254266202545976,,,
MIMAT0026620,0.2941714285714286,0.28248636363636365,-0.05847590499627531,,,
MIMAT0026623,0.38983749999999995,0.3838881118881119,-0.022186991767898956,,,
MIMAT0026624,0.289,0.295725,0.033186718440931795,,,
MIMAT0026625,0.36567,0.7241793103448275,0.9858046887758909,,,
MIMAT0026626,0.337,0.38233055555555556,0.18207191241939458,,,
MIMAT0026627,0.26115714285714287,0.37912037037037033,0.5377378123665435,,,
MIMAT0026636,0.2155,0.2773333333333334,0.36393315833083806,,,
MIMAT0026637,0.2854,0.29962352941176473,0.0701655881577341,,,
MIMAT0026639,0.41265625,0.43495174418604654,0.07591485845115886,,,
MIMAT0026641,1.8891,0.913171875,-1.0487407417367367,,,
MIMAT0026718,1.1900104166666667,0.8455622895622896,-0.49299126024303874,,,
MIMAT0026719,0.345425,0.4216153846153846,0.2875550102949729,,,
MIMAT0026720,0.4726675675675676,0.6665877952755905,0.4959690265094876,,,
MIMAT0026721,0.30902,0.7565794117647059,1.2917913045019667,,,
MIMAT0026734,0.4516107142857143,0.6579654929577465,0.542932209824436,,,
MIMAT0026735,0.21456666666666666,0.3417763636363636,0.6716266593038764,,,
MIMAT0026736,0.41008399999999995,0.356863125,-0.20054862193879575,,,
MIMAT0026737,0.28508333333333336,0.34275645161290325,0.2658001234504761,,,
MIMAT0026738,2.474408163265306,2.0763187675070025,-0.253055547190836,,,
MIMAT0026740,0.22445,0.304325,0.43921875844864644,,,
MIMAT0026742,0.33205,0.2781622222222222,-0.25547400072932724,,,
MIMAT0026743,0.28954285714285716,0.39560400000000007,0.4502801066323656,,,
MIMAT0026744,0.34565,0.28029375,-0.30237235018133535,,,
MIMAT0026765,0.4011321428571429,0.4041307692307692,0.010744623476432569,,,
MIMAT0026916,0.4291875,0.4470271028037383,0.05875424470780355,,,
MIMAT0026921,0.3629619047619047,0.4454111888111888,0.29531966350871475,,,
MIMAT0027027,0.261,0.25563636363636366,-0.029956736134646444,,,
MIMAT0027032,0.920695918367347,1.51905625,0.722378637315157,,,
MIMAT0027036,0.3324625,0.3350056074766355,0.01099362278929883,,,
MIMAT0027037,0.23767500000000003,0.2492888888888889,0.06882842113608234,,,
MIMAT0027038,0.3705,0.27548333333333336,-0.4275085037516959,,,
MIMAT0027041,0.24995,0.354,0.5021098332868363,,,
MIMAT0027088,0.41618571428571427,0.29769803921568627,-0.4833777256169187,,,
MIMAT0027103,0.7736375,0.8105532679738562,0.06724927267488551,,,
MIMAT0027353,0.25258,0.31518484848484846,0.31945777649081575,,,
MIMAT0027354,0.3658551724137931,0.3255837209302326,-0.16824408846738592,,,
MIMAT0027355,0.2902,0.34657671232876713,0.2561271987503062,,,
MIMAT0027356,0.3012,0.25502857142857144,-0.24006288547767718,,,
MIMAT0027357,0.24396666666666667,0.446433962264151,0.8717627388843561,,,
MIMAT0027359,0.18566666666666665,0.261425,0.49368228541165404,,,
MIMAT0027360,0.4077400000000001,0.24024814814814816,-0.7631241840170013,,,
MIMAT0027361,0.6170722222222221,0.5704513725490197,-0.11333544156631448,,,
MIMAT0027362,0.3912409090909091,0.39588358208955227,0.017019007949562015,,,
MIMAT0027363,0.30783,0.3289592105263158,0.09577486893933007,,,
MIMAT0027364,0.29685,0.2872071428571429,-0.0476424835959155,,,
MIMAT0027365,0.1531,0.21026666666666669,0.45774587656956633,,,
MIMAT0027366,0.265875,0.291325,0.13188138320793508,,,
MIMAT0027367,0.1508,0.25362083333333335,0.7500368299314333,,,
MIMAT0027368,0.6431780487804877,0.5773524137931034,-0.15576596568134382,,,
MIMAT0027369,0.3285111111111111,0.4529986486486487,0.4635645794197387,,,
MIMAT0027370,0.34356666666666663,0.26544999999999996,-0.37214992945159686,,,
MIMAT0027371,0.32086000000000003,0.37478818181818185,0.22413151395945663,,,
MIMAT0027372,0.2572,0.25870666666666664,0.008426588948654778,,,
MIMAT0027373,0.418,0.2986481481481482,-0.4850561663352795,,,
MIMAT0027374,0.21605000000000002,0.29115,0.4303973878450862,,,
MIMAT0027375,0.31246,0.36340853658536587,0.21792079635844575,,,
MIMAT0027376,0.2853375,0.3337304878048781,0.2260141261804054,,,
MIMAT0027378,0.2551333333333334,0.2967815789473684,0.21815014724610715,,,
MIMAT0027380,0.329675,0.3493802325581395,0.08375349657650877,,,
MIMAT0027381,0.22115,0.2836947368421053,0.35931414347535884,,,
MIMAT0027382,0.24686666666666665,0.33021964285714284,0.4196938916012487,,,
MIMAT0027383,0.2306,0.27465416666666664,0.25222366557249165,,,
MIMAT0027384,0.36753749999999996,0.3547078431372549,-0.05126022538098329,,,
MIMAT0027386,0.3019,0.3253229508196721,0.10780184808435411,,,
MIMAT0027388,0.2962,0.3504445945945946,0.24261473107844211,,,
MIMAT0027389,0.3735,0.59074,0.6614150595637595,,,
MIMAT0027390,0.2496,0.5225153846153846,1.0658555814269777,,,
MIMAT0027392,0.27385000000000004,0.24603999999999998,-0.15449299931228966,,,
MIMAT0027393,0.22841666666666663,0.29127424242424244,0.35071020630312666,,,
MIMAT0027394,0.4257,0.36937,-0.2047703938285086,,,
MIMAT0027395,0.3671166666666667,0.40473976608187134,0.1407559895949082,,,
MIMAT0027396,0.2439,0.39153020833333335,0.68283386414952,,,
MIMAT0027397,0.3131538461538462,0.3104037735849057,-0.012725501719973442,,,
MIMAT0027398,0.2906,0.32446153846153847,0.15901276890712035,,,
MIMAT0027399,0.31803333333333333,0.31467205882352944,-0.015328902670876277,,,
MIMAT0027400,0.2642,0.3293333333333333,0.3179180745040562,,,
MIMAT0027401,0.3690769230769231,0.3515815384615385,-0.07006221779066468,,,
MIMAT0027402,0.33009999999999995,0.3771165137614679,0.19210718826529738,,,
MIMAT0027403,0.2191,0.3237048780487805,0.5630896219781683,,,
MIMAT0027407,0.2112,0.294,0.477206320365273,,,
MIMAT0027408,0.2125,0.28082,0.40218284678994776,,,
MIMAT0027409,0.22076666666666667,0.31863,0.5293597499485194,,,
MIMAT0027410,0.8268152173913045,1.0977117647058825,0.4088624369780685,,,
MIMAT0027414,0.3412785714285715,0.3218631578947368,-0.08450238376574437,,,
MIMAT0027415,0.2464777777777778,0.23396666666666668,-0.07515457727985053,,,
MIMAT0027417,0.24763333333333337,0.30924999999999997,0.3205680698339499,,,
MIMAT0027420,0.2547,0.2722,0.09586810722980021,,,
MIMAT0027421,0.351,0.2531466666666667,-0.4714975429841892,,,
MIMAT0027422,1.8486061224489796,1.3467401098901097,-0.45696639588207305,,,
MIMAT0027423,0.37010000000000004,0.36048684210526316,-0.03796853408027734,,,
MIMAT0027425,0.2928333333333333,0.3680193548387097,0.32970185684464504,,,
MIMAT0027426,0.42778499999999997,0.3610834862385321,-0.2445534545330823,,,
MIMAT0027427,0.4112,0.32653333333333334,-0.3326099913510563,,,
MIMAT0027428,0.2945076923076923,0.39541373626373627,0.4250576730696256,,,
MIMAT0027429,0.24598,0.3004823529411765,0.28873924672329765,,,
MIMAT0027431,0.1478,0.36419999999999997,1.3010846528306872,,,
MIMAT0027433,0.26984,0.30112181818181816,0.15824302076903574,,,
MIMAT0027434,0.1885666666666667,0.293334,0.6374696316168869,,,
MIMAT0027437,0.168,0.371875,1.146356530303908,,,
MIMAT0027438,0.1478,0.23944166666666666,0.6960279565768763,,,
MIMAT0027439,0.26677272727272733,0.3563157142857143,0.4175449264484561,,,
MIMAT0027441,0.6278,0.22979999999999995,-1.4499262309360024,,,
MIMAT0027442,0.2367,0.28909,0.28845899890317694,,,
MIMAT0027443,0.2207,0.2592,0.2319790886050106,,,
MIMAT0027444,0.26616666666666666,0.24802083333333336,-0.10186859725353625,,,
MIMAT0027445,0.31770714285714285,0.3668290076335877,0.20741020119529852,,,
MIMAT0027446,0.26538,0.3471736842105263,0.38759794747172616,,,
MIMAT0027447,0.27646,0.33549259259259256,0.2792101560087732,,,
MIMAT0027448,0.2496,0.33507777777777775,0.42487807656522025,,,
MIMAT0027449,0.30789,0.34513928571428576,0.16476368820507092,,,
MIMAT0027450,0.164,0.2234,0.44593337097786856,,,
MIMAT0027451,0.22835,0.3309,0.5351485019341846,,,
MIMAT0027452,0.33898,0.33051400000000003,-0.036488773011214226,,,
MIMAT0027453,0.2503,0.33642142857142854,0.4266113108484433,,,
MIMAT0027454,0.7758470588235294,0.7317353146853146,-0.0844503976127472,,,
MIMAT0027455,0.2854285714285715,0.35150909090909094,0.30043224554216597,,,
MIMAT0027456,0.2743,0.2375125,-0.20775117942278576,,,
MIMAT0027457,0.35463999999999996,0.30725892857142856,-0.20690033344240422,,,
MIMAT0027458,0.28264666666666666,0.36327499999999996,0.3620624022454295,,,
MIMAT0027459,0.21989999999999998,0.2880473684210526,0.38945847333181405,,,
MIMAT0027460,0.2623,0.2738416666666667,0.06212417047543495,,,
MIMAT0027461,0.2183,0.33034375000000005,0.5976559193076192,,,
MIMAT0027462,0.3244,0.29245,-0.14958383047661594,,,
MIMAT0027463,0.3395333333333333,0.4398111888111888,0.3733310903550042,,,
MIMAT0027465,0.23275,0.31548000000000004,0.43876738000568394,,,
MIMAT0027466,0.3244,0.32716458333333337,0.012242760586052448,,,
MIMAT0027467,0.27639230769230766,0.5353579207920792,0.9537862829366757,,,
MIMAT0027469,0.2844,0.2939125,0.04746525267268753,,,
MIMAT0027470,0.2802,0.35108181818181816,0.3253503281225827,,,
MIMAT0027471,0.4045,0.23792500000000003,-0.7656328315602854,,,
MIMAT0027473,0.3468,0.31300819672131147,-0.1479034611643104,,,
MIMAT0027474,0.3244,0.26872222222222225,-0.27165818832636024,,,
MIMAT0027475,0.21575,0.24611538461538462,0.18997428374168068,,,
MIMAT0027476,0.4042421052631579,0.3677722627737226,-0.13640692212604288,,,
MIMAT0027477,0.4583551724137931,0.6717197231833909,0.5513934362635293,,,
MIMAT0027478,0.3735,0.2091,-0.8369151810870203,,,
MIMAT0027482,0.1819,0.30443125,0.7429709167258804,,,
MIMAT0027483,0.2189,0.3058642857142857,0.4826197057250059,,,
MIMAT0027484,0.1877,0.31689999999999996,0.7555990095513592,,,
MIMAT0027485,0.2138,0.33432692307692313,0.6449976856407704,,,
MIMAT0027486,0.36382777777777775,0.3941624113475177,0.11553450760747919,,,
MIMAT0027487,0.3267416666666667,0.2944014925373134,-0.1503654559989811,,,
MIMAT0027491,0.1927,0.28201,0.5493897494819877,,,
MIMAT0027492,0.28150000000000003,0.33315263157894737,0.24304836722100842,,,
MIMAT0027493,0.34526666666666667,0.32512500000000005,-0.08671656357933832,,,
MIMAT0027495,0.3095444444444444,0.36420564516129034,0.23460671744412687,,,
MIMAT0027497,0.40939285714285717,0.541155462184874,0.40255717723097795,,,
MIMAT0027498,0.24014999999999997,0.23659411764705882,-0.021521603650429988,,,
MIMAT0027499,0.1508,0.28872,0.9370346197412058,,,
MIMAT0027501,0.37025,0.33708571428571427,-0.1353842484052139,,,
MIMAT0027502,0.3803,0.26409285714285713,-0.5260926571679079,,,
MIMAT0027503,0.3559,0.3047,-0.22408243282329976,,,
MIMAT0027504,0.2626,0.30704687500000005,0.2255920037546435,,,
MIMAT0027505,0.44310000000000005,0.5453091603053436,0.29944206376278293,,,
MIMAT0027507,0.502172972972973,0.45917982832618026,-0.12912511851446695,,,
MIMAT0027508,0.31673999999999997,0.3089972972972973,-0.035704852459735426,,,
MIMAT0027509,0.25925,0.3108566666666667,0.2619055303670317,,,
MIMAT0027510,0.2604285714285714,0.34317889908256877,0.39807311488703134,,,
MIMAT0027513,1.4867632653061225,1.4521333333333333,-0.034001021754079486,,,
MIMAT0027514,0.35856666666666664,0.3811222222222222,0.08801235272803054,,,
MIMAT0027515,0.22923333333333332,0.40640714285714286,0.8261089137195508,,,
MIMAT0027517,0.47225853658536593,0.5333151020408162,0.1754113066924412,,,
MIMAT0027518,0.4257,0.38849999999999996,-0.13192249148663526,,,
MIMAT0027519,0.35779999999999995,0.2562647058823529,-0.4815185905969772,,,
MIMAT0027520,0.19945000000000002,0.2812486486486486,0.49581904101988084,,,
MIMAT0027521,0.5042388888888889,0.5195101214574899,0.0430444681809824,,,
MIMAT0027523,0.2496,0.31525,0.3368784363533337,,,
MIMAT0027524,0.2306,0.26438666666666666,0.1972569088675844,,,
MIMAT0027525,0.27168000000000003,0.3156934782608695,0.216616093106329,,,
MIMAT0027526,0.30589999999999995,0.2872588235294118,-0.09070889908436297,,,
MIMAT0027527,0.2675,0.3584098039215686,0.42207120982028856,,,
MIMAT0027528,0.6809,0.2604,-1.3867134846859261,,,
MIMAT0027529,0.29905,0.3805123076923077,0.3475564009316803,,,
MIMAT0027530,0.769231914893617,0.828522839506173,0.10712284777550302,,,
MIMAT0027531,1.2516897959183673,1.0330364985163203,-0.27698583860563164,,,
MIMAT0027532,0.2738,0.27940000000000004,0.029209574151563666,,,
MIMAT0027533,0.26825,0.29994642857142856,0.16112668262002283,,,
MIMAT0027534,0.21165,0.303936,0.5220870777651923,,,
MIMAT0027535,0.17785,0.26569130434782606,0.5790900370961078,,,
MIMAT0027536,0.28550909090909093,0.329966,0.20878069226238583,,,
MIMAT0027537,0.29054444444444444,0.34205272727272723,0.23545986415976694,,,
MIMAT0027538,0.2641,0.32792142857142853,0.312265878614558,,,
MIMAT0027539,0.1478,0.23436000000000004,0.6650800855744348,,,
MIMAT0027540,0.26596000000000003,0.28310416666666666,0.09012369988706848,,,
MIMAT0027541,0.6524777777777777,0.6974473684210526,0.09615558381471323,,,
MIMAT0027542,0.37360000000000004,0.35298684210526315,-0.0818800482742974,,,
MIMAT0027543,0.261,0.34544074074074077,0.40438843530297564,,,
MIMAT0027544,0.3983,0.3017478260869565,-0.40051210244132074,,,
MIMAT0027545,0.289,0.35203333333333325,0.2846425485169002,,,
MIMAT0027548,0.2606857142857143,0.3002490566037736,0.20384818833198293,,,
MIMAT0027549,0.16299999999999998,0.32040208333333337,0.9750115640795867,,,
MIMAT0027550,0.23856666666666668,0.28965510204081635,0.2799435982086542,,,
MIMAT0027551,0.3598363636363636,0.28800454545454546,-0.32124940570189753,,,
MIMAT0027552,0.2243,0.2902692307692308,0.3719620305300029,,,
MIMAT0027553,0.32006666666666667,0.3599307692307693,0.1693470032451081,,,
MIMAT0027554,0.248225,0.2655736842105263,0.09746377268185547,,,
MIMAT0027555,0.23220000000000002,0.2570111111111111,0.14646275919384566,,,
MIMAT0027559,0.2093,0.3027444444444445,0.5325281741856389,,,
MIMAT0027563,0.359,0.2704,-0.40888869242822956,,,
MIMAT0027565,0.2947666666666667,0.3318305555555556,0.1708733501433255,,,
MIMAT0027567,0.41929642857142857,0.44673224299065417,0.0914398433710415,,,
MIMAT0027568,0.3474333333333333,0.32645070422535205,-0.08987102158278026,,,
MIMAT0027573,0.3068125,0.3275733333333333,0.0944606551139453,,,
MIMAT0027575,0.2775,0.30695333333333336,0.14553156528533573,,,
MIMAT0027576,0.30207,0.34066380952380954,0.17346578031406645,,,
MIMAT0027577,0.8926065217391306,0.7519162500000001,-0.2474523670644909,,,
MIMAT0027579,0.29872000000000004,0.3222348484848485,0.10931869183827425,,,
MIMAT0027580,0.4135111111111111,0.3013716216216216,-0.45638252207374674,,,
MIMAT0027581,0.1751,0.24853333333333336,0.5052602754995665,,,
MIMAT0027582,0.30036666666666667,0.3771407407407408,0.32837828849028705,,,
MIMAT0027583,0.2306,0.25583125,0.14979998839318864,,,
MIMAT0027586,0.2607,0.30907777777777773,0.2455793474718142,,,
MIMAT0027587,1.6771591836734692,1.2153475783475782,-0.46465065495923835,,,
MIMAT0027588,1.2906591836734693,1.006022590361446,-0.3594453860454075,,,
MIMAT0027589,0.2984583333333333,0.5940482051282052,0.993050469687855,,,
MIMAT0027590,0.2939,0.3011020833333334,0.03492733115328717,,,
MIMAT0027591,0.2469,0.33655079365079366,0.44689742234594565,,,
MIMAT0027592,0.3661666666666667,0.30854931506849315,-0.24699937189852172,,,
MIMAT0027594,0.2692,0.34369999999999995,0.35247144176197986,,,
MIMAT0027595,0.168,0.45133333333333336,1.4257321000750804,,,
MIMAT0027599,0.2508,0.27372799999999997,0.12620566929956967,,,
MIMAT0027600,0.35024999999999995,0.357785,0.03070785356089334,,,
MIMAT0027601,0.6308499999999999,0.27634545454545456,-1.1908241273418487,,,
MIMAT0027603,0.26242857142857146,0.3044914285714286,0.2144768175831535,,,
MIMAT0027604,0.6821765957446808,0.5998065743944637,-0.1856479240531449,,,
MIMAT0027605,0.5296,0.2665,-0.9907675891606792,,,
MIMAT0027607,0.2881,0.3356627906976744,0.2204429580055869,,,
MIMAT0027608,0.4615261904761905,0.7453450479233227,0.6914959377777234,,,
MIMAT0027609,0.2153,0.25948947368421055,0.26932769664408585,,,
MIMAT0027610,0.22142499999999998,0.33202714285714285,0.584483066273978,,,
MIMAT0027611,0.270625,0.30210675675675674,0.15876333112637897,,,
MIMAT0027612,0.164,0.29511363636363636,0.8475747703103886,,,
MIMAT0027613,0.2565,0.36941666666666667,0.5262901308370542,,,
MIMAT0027615,0.37639999999999996,0.3419,-0.13869220529514203,,,
MIMAT0027616,0.33886666666666665,0.37498735632183905,0.1461242221318535,,,
MIMAT0027617,0.1832,0.33437435897435897,0.8680447171931316,,,
MIMAT0027619,0.4448,0.26762,-0.7329708513696993,,,
MIMAT0027620,0.21300000000000002,0.33487999999999996,0.6527907862551459,,,
MIMAT0027622,0.38506999999999997,0.524447770700637,0.44567837305301927,,,
MIMAT0027624,0.258,0.3078,0.2546221660175938,,,
MIMAT0027625,0.5129666666666667,0.251345,-1.0291960905975932,,,
MIMAT0027628,0.1586,0.40215,1.342340948999739,,,
MIMAT0027629,0.1906,0.34784444444444446,0.8678941598115255,,,
MIMAT0027632,0.2619666666666667,0.2364,-0.14815321558275518,,,
MIMAT0027633,0.27255,0.2762153846153846,0.019272756617021658,,,
MIMAT0027634,0.1927,0.29515833333333336,0.615132502962128,,,
MIMAT0027636,0.21875,0.2587111111111111,0.24205899919855023,,,
MIMAT0027637,0.47986521739130433,0.6000450980392157,0.3224416901473408,,,
MIMAT0027639,0.3473,0.27385,-0.34279653035355473,,,
MIMAT0027640,0.1819,0.28478749999999997,0.6467402813915404,,,
MIMAT0027641,0.22199999999999998,0.32507297297297294,0.5502039367314728,,,
MIMAT0027647,0.31644,0.30792439024390245,-0.03935583134790299,,,
MIMAT0027648,0.23850000000000002,0.30223898305084745,0.34170048635334394,,,
MIMAT0027649,0.32105,0.4389631067961165,0.45130169304319834,,,
MIMAT0027650,0.5187193548387097,0.6365766536964981,0.2953800458267938,,,
MIMAT0027651,0.40585000000000004,0.34113846153846156,-0.2505891932362889,,,
MIMAT0027653,0.18005,0.2386181818181818,0.40630637569084227,,,
MIMAT0027654,0.35124230769230774,0.45727169811320756,0.3805849990372019,,,
MIMAT0027656,0.25853333333333334,0.3306447368421053,0.3549316344104687,,,
MIMAT0027657,0.2796,0.28619230769230775,0.03362053495954265,,,
MIMAT0027659,0.2654,0.368465671641791,0.47336184519538604,,,
MIMAT0027661,0.2577,0.34636153846153844,0.42658619843430334,,,
MIMAT0027662,0.54695,0.33336666666666664,-0.71429909712894,,,
MIMAT0027664,0.2480571428571429,0.3058566265060241,0.3021830324455905,,,
MIMAT0027665,0.26901,0.3358962962962963,0.3203560844562776,,,
MIMAT0027666,0.27394999999999997,0.4423,0.691112638592674,,,
MIMAT0027667,0.37538260869565215,0.35999433962264155,-0.060387589824196564,,,
MIMAT0027668,0.1971,0.34584897959183675,0.8112144234557792,,,
MIMAT0027669,0.19355,0.2953181818181818,0.6095638738041689,,,
MIMAT0027670,0.23060000000000003,0.26902058823529407,0.22232407394967768,,,
MIMAT0027671,0.38523636363636365,0.2865576271186441,-0.4269185939543516,,,
MIMAT0027672,0.3378,0.27412499999999995,-0.30133542124043,,,
MIMAT0027673,0.32106666666666667,0.3249883720930232,0.017515208845134023,,,
MIMAT0027677,0.3497333333333334,0.31912602739726026,-0.13212902961622075,,,
MIMAT0027679,0.25975000000000004,0.26271875,0.016395418859026067,,,
MIMAT0027680,0.2367,0.2919384615384616,0.30260458567029724,,,
MIMAT0027682,0.43096666666666666,0.44173985507246377,0.03562071479477358,,,
MIMAT0027684,1.3286918367346936,1.2065156695156694,-0.13915988685217956,,,
MIMAT0027685,0.37335000000000007,0.35198571428571424,-0.08501185430079383,,,
MIMAT0027688,0.320725,0.29326949152542375,-0.12910981686963385,,,
MIMAT0027689,0.3233,0.3191629032258064,-0.018580532728166066,,,
MIMAT0027690,0.18705,0.2896739130434782,0.6310058008134238,,,
MIMAT0027691,0.2731857142857143,0.38702499999999995,0.5025447180373959,,,
MIMAT0028113,0.4293,0.2949125,-0.5416991998068308,,,
MIMAT0028114,0.3185,0.417175,0.38935933174066806,,,
MIMAT0028115,0.2547,0.26055333333333336,0.032779752085806635,,,
MIMAT0028116,0.3264666666666667,0.3133971428571429,-0.058943668050512876,,,
MIMAT0028117,0.27375,0.3616181818181819,0.4016082521971547,,,
MIMAT0028118,0.3844083333333333,0.4751847619047619,0.30584896124996375,,,
MIMAT0028119,0.2547,0.36741818181818187,0.5286240608760606,,,
MIMAT0028122,0.30579000000000006,0.4925487012987013,0.687725151497298,,,
MIMAT0028123,0.3211142857142857,0.3197983333333333,-0.005924428964480644,,,
MIMAT0028124,0.28636666666666666,0.2596533333333333,-0.14127682506679595,,,
MIMAT0028125,0.3488,0.32965,-0.08146495875507997,,,
MIMAT0028126,0.3056090909090909,0.3143838709677419,0.0408397443584394,,,
MIMAT0028212,0.34092500000000003,0.27934390243902435,-0.28741206678631315,,,
MIMAT0028213,0.30693333333333334,0.2707764705882353,-0.1808229529221268,,,
MIMAT0028214,0.35075555555555554,0.3405547619047619,-0.04257914940375729,,,
MIMAT0028215,0.28469,0.3125552631578947,0.13471947847658483,,,
MIMAT0028220,0.25915714285714286,0.29654181818181824,0.1944084096120644,,,
MIMAT0028221,0.28805000000000003,0.3183979797979798,0.14451192434368298,,,
MIMAT0028222,0.23053333333333334,0.6199938775510204,1.4272786006753244,,,
MIMAT0028225,0.22366666666666668,0.31715714285714286,0.5038475685003292,,,
MIMAT0028230,0.24230000000000002,0.27271666666666666,0.17060846628386117,,,
MIMAT0029782,0.4297888888888889,0.4579820512820513,0.0916628729522837,,,
MIMAT0030017,1.6278081632653059,1.1907971608832808,-0.45100300141940963,,,
MIMAT0030018,0.25470000000000004,0.34399,0.43356766589634965,,,
MIMAT0030019,2.4502,0.8573287769784173,-1.5149790408191146,,,
MIMAT0030020,0.6116538461538462,0.839541791044776,0.4568867239185158,,,
MIMAT0030021,0.7747127659574469,1.6691912328767122,1.1074158300823949,,,
MIMAT0030413,0.5158925925925926,0.3527310810810811,-0.5485020266216231,,,
MIMAT0030414,0.39784230769230766,0.43019339622641506,0.1127886738802022,,,
MIMAT0030416,0.302725,0.34399811320754714,0.18439282946068536,,,
MIMAT0030417,0.3895458333333333,0.5881609195402299,0.5944178438328049,,,
MIMAT0030418,0.2963904761904762,0.47930438596491226,0.6934430508865113,,,
MIMAT0030419,0.29161428571428577,0.34752242990654203,0.253044699034253,,,
MIMAT0030420,0.4482833333333333,0.35605154639175257,-0.33232474406537094,,,
MIMAT0030421,0.5146228571428572,0.4187333333333333,-0.297483767650931,,,
MIMAT0030423,0.2126,0.28816153846153847,0.4387361918924009,,,
MIMAT0030424,0.2907,0.21858333333333335,-0.4113476697050469,,,
MIMAT0030425,0.474492105263158,0.4453477941176471,-0.0914516353160415,,,
MIMAT0030426,0.4184,0.30364444444444444,-0.46249987806876325,,,
MIMAT0030428,0.3735,0.1652,-1.176894556257154,,,
MIMAT0030429,0.39141764705882354,0.43177894736842104,0.1415841009896912,,,
MIMAT0030430,0.28775,0.30988000000000004,0.1068937164280972,,,
MIMAT0030999,0.40638666666666673,0.3570855769230769,-0.18658320574864362,,,
MIMAT0031074,0.35425,0.32427384615384613,-0.12755518317540493,,,
MIMAT0031095,0.24596666666666667,0.43038333333333334,0.8071593951831584,,,
MIMAT0031175,0.3972866666666667,0.4238036363636364,0.09321559055735684,,,
MIMAT0031177,0.3190416666666666,0.6813223350253806,1.094592650317718,,,
MIMAT0031179,0.38407037037037034,0.356414,-0.10781666222711439,,,
MIMAT0031180,0.320625,0.20066250000000002,-0.6761158910592597,,,
